thread_id,sample_idx,mode,n,drift,stat,p_value,rates
0,1,global,131072,0.008332963277423389,0.4148175567954568,0.5574450133426312,7.990072414656612|7.994581799410984|7.997070814840371|7.998405377934035
0,1,global,131072,0.009677808204485494,0.48176436411238077,0.4956703526652846,7.988666551947662|7.993153336296432|7.997118799723749|7.998344360152148
0,1,global,131072,0.00850912727216624,0.4235870563674209,0.5491444085603336,7.990349942394469|7.9948742908701895|7.997379258769198|7.9988590696666355
0,1,global,131072,0.0114501290965352,0.5699910606453492,0.4201913654816096,7.987041984803026|7.993384926048906|7.996935023556103|7.9984921138995615
0,1,global,131072,0.008264751051543229,0.4114219305408866,0.5606754040000359,7.990220631331608|7.994236435518558|7.99719365921378|7.998485382383151
0,1,global,131072,0.009065179981853078,0.45126753674427783,0.5233507519666922,7.98945392857819|7.994169559210088|7.997226114604297|7.998519108560043
0,1,global,131072,0.010935756135334707,0.5443854113771085,0.4413725898223668,7.987713241175681|7.993780967277965|7.997271020559426|7.998648997311015
0,1,global,131072,0.011009792325908485,0.5480709564426274,0.43828671723784796,7.987663616227397|7.993989288223549|7.99729966320117|7.998673408553305
0,1,global,131072,0.008178898826730396,0.4071481795405912,0.5647540296757927,7.990216013436432|7.994319174745688|7.997004230498263|7.998394912263162
0,1,global,131072,0.009694318531458634,0.48258625342940775,0.49493533446191784,7.988887319068585|7.995383721530961|7.997359297042255|7.998581637600044
0,1,global,131072,0.009152306306144276,0.4556047128209998,0.5193662943753254,7.989518655344151|7.994822224044455|7.997358754714047|7.998670961650295
0,1,global,131072,0.009839142928345979,0.48979565787307633,0.48851297895931856,7.988753636003801|7.994801565735006|7.997374634942553|7.998592778932147
0,1,global,131072,0.009072419343720384,0.45162791447577344,0.5230190852248522,7.989831168810143|7.995413496012052|7.997647919234764|7.998903588153864
0,1,global,131072,0.008799727590047546,0.4380532324267951,0.5355863714433944,7.989645455212091|7.994936724337949|7.997261598984843|7.998445182802138
0,1,global,131072,0.011261818579317406,0.5606169033293306,0.4278755705636239,7.987307335718843|7.993753153054833|7.996873937541254|7.998569154298161
0,1,global,131072,0.010027852577085383,0.49918968408292347,0.48021236371710896,7.988690889758413|7.994322758636872|7.997521739514054|7.998718742335498
0,1,global,131072,0.008574186225334124,0.42682571170553935,0.5460944118884177,7.990023652142818|7.994645936912316|7.996978709527299|7.998597838368152
0,1,global,131072,0.009349951531681278,0.4654435548799435,0.5103859899431007,7.989321893218983|7.9945550835668735|7.997209296319056|7.998671844750664
0,1,global,131072,0.007239893980078627,0.36040422023832236,0.6102696723601038,7.991552342795452|7.995960686179426|7.997972302546966|7.998792236775531
0,1,global,131072,0.011119967133756958,0.5535554933463162,0.4337176086468848,7.987595802242722|7.994887628279179|7.997022723944866|7.998715769376479
0,1,global,131072,0.009499356859585362,0.47288099952359247,0.5036518219318276,7.9887386201733035|7.9938240982629605|7.9966920069045555|7.998237977032889
0,1,global,131072,0.010993842773277862,0.5472769826503582,0.4389504538205766,7.9879185768004755|7.9947215461740235|7.997596915069593|7.998912419573753
0,1,global,131072,0.009909348722509925,0.4932905245895631,0.4854158901924279,7.988799474126173|7.994280084055452|7.997262508876991|7.998708822848683
0,1,global,131072,0.010204307600554685,0.5079736711572616,0.4725208698016823,7.988385317786086|7.993774339875386|7.99734397219406|7.998589625386641
0,1,global,131072,0.010246545687785158,0.5100762965457747,0.47068986963748616,7.988289144762747|7.99382713114283|7.996942346017651|7.998535690450532
0,1,global,131072,0.009462545523752475,0.4710485195420778,0.5053066581936836,7.989048414057292|7.994569612378899|7.997033767907316|7.998510959581044
0,1,global,131072,0.010295560662367365,0.5125162775376109,0.46857001333181936,7.988293287760654|7.994161980694812|7.997098894845071|7.998588848423021
0,1,global,131072,0.009752144470025925,0.48546484700498205,0.49236559813736847,7.98882207141849|7.994586528019171|7.997158477157569|7.998574215888516
0,1,global,131072,0.008308327543629979,0.413591182147949,0.5586106651803424,7.990461656960602|7.994968178195208|7.997424664044486|7.998769984504232
0,1,global,131072,0.010028935916245096,0.499243613050141,0.4801649347648156,7.988346402444437|7.994189781539405|7.997230482676731|7.998375338360682
0,1,global,131072,0.010205113967248991,0.5080138123472413,0.4724858775177083,7.988396936510812|7.994343327386698|7.997042766753536|7.998602050478061
0,1,global,131072,0.009225989862629014,0.4592727036496418,0.5160088632047255,7.989469682137644|7.994457888976213|7.997313461853041|7.998695672000273
0,1,global,131072,0.008175553296706717,0.4069816379941562,0.5649132559732577,7.990513428041788|7.995242331394013|7.997248259807875|7.9986889813384945
0,1,global,131072,0.010337631432211225,0.5146105738135127,0.46675471072150754,7.988262129459543|7.994540373960709|7.996983192608166|7.9985997608917545
0,1,global,131072,0.009321785771565949,0.464041454401716,0.5116607635360455,7.989111614421115|7.994936138299418|7.997531086474617|7.998433400192681
0,1,global,131072,0.011218606825143418,0.5584658084913315,0.4296503423114546,7.987513841603339|7.9939189230530125|7.9969634649512225|7.998732448428482
0,1,global,131072,0.00932841845363619,0.4643716314203562,0.5113604208703793,7.989503525117592|7.994381738432594|7.997064599688382|7.998831943571228
0,1,global,131072,0.008881213421625844,0.44210962298600176,0.5318151302201661,7.989659186473832|7.99479223112521|7.997385906515818|7.998540399895458
0,1,global,131072,0.010438127171141787,0.5196132835943746,0.462434275633806,7.9884255200251|7.994866976221635|7.997571928831319|7.9988636471962415
0,1,global,131072,0.009691650189819434,0.4824534225356886,0.4950540860757029,7.98872704866857|7.993427220324379|7.997199839022401|7.99841869885839
0,1,global,131072,0.010432354807841548,0.5193259335171665,0.462681831097139,7.988176202505967|7.993762438980629|7.997161847597223|7.998608557313808
0,1,global,131072,0.009423890380693578,0.4691242542516362,0.5070474596195476,7.989239829132932|7.994847551936323|7.997376611127162|7.998663719513625
0,1,global,131072,0.008919154790038242,0.44399835634799173,0.5300637704361932,7.989923426780842|7.994250532246649|7.997376398990307|7.99884258157088
0,1,global,131072,0.009256410370305446,0.46078704617710775,0.5146260269338976,7.989417364365484|7.994698296106302|7.997007649612924|7.998673774735789
0,1,global,131072,0.01072221761278147,0.5337553959482353,0.45034238295286677,7.988036726891327|7.994413551264162|7.996947804600212|7.998758944504108
0,1,global,131072,0.009853431142773594,0.49050692972229853,0.4878818003558476,7.988867428536942|7.994402701669582|7.997719955736741|7.9987208596797155
0,1,global,131072,0.010098283290776777,0.502695747364875,0.47713420360868497,7.988515978681724|7.993730577914962|7.99704245937051|7.9986142619725005
0,1,global,131072,0.010454413935086393,0.5204240438728833,0.4617361946947711,7.987964064961856|7.994493393216328|7.997084768063562|7.998418478896943
0,1,global,131072,0.009948187145776721,0.49522391362692625,0.48370713268035725,7.988645438275298|7.994472154362294|7.997440640395108|7.9985936254210745
0,1,global,131072,0.009789354438548337,0.48731717104830546,0.4907158093750401,7.988843593693991|7.9946676183301735|7.997483018522313|7.998632948132539
0,1,global,131072,0.010722642941448868,0.5337765689442957,0.45032441477390917,7.988029570584987|7.994034796130708|7.997401233526466|7.998752213526436
0,1,global,131072,0.007861700144558448,0.39135792846462686,0.5799458799657136,7.990852834967659|7.995330980036702|7.997555852201189|7.998714535112217
0,1,global,131072,0.009831421060645162,0.48941126084804343,0.4888542738448707,7.988763653577493|7.994283166430169|7.99709475936706|7.998595074638138
0,1,global,131072,0.009608103361607334,0.47829443490990026,0.4987799338309764,7.989112551801287|7.99422889702018|7.997234173674883|7.998720655162894
0,1,global,131072,0.009657232917474445,0.4807401197944666,0.49658715253412056,7.9890775193866235|7.994992229475358|7.997468404837541|7.998734752304098
0,1,global,131072,0.008425096500489282,0.4194039778823504,0.5530962094049459,7.990083646801985|7.993948784376757|7.996921776364619|7.998508743302474
0,1,global,131072,0.009887813980077986,0.4922185182762701,0.4863647514660958,7.98876698368939|7.994551452511444|7.997317122560241|7.998654797669468
0,1,global,131072,0.010174682484149322,0.5064989234597229,0.47380744064274616,7.988632823715542|7.994658646550912|7.997575052545542|7.998807506199691
0,1,global,131072,0.010616808291519675,0.5285080864793754,0.4548079466505379,7.9878295942433155|7.994717567242536|7.997137285830878|7.998446402534835
0,1,global,131072,0.011203305945287845,0.5577041258356903,0.43027979628244717,7.98754770159943|7.994297036109236|7.997490472446027|7.998751007544718
0,1,global,131072,0.010135270477692693,0.5045369812691172,0.47552202141959654,7.988465938616032|7.994368434303575|7.99738353264396|7.998601209093724
0,1,global,131072,0.011079680598610864,0.5515500168399773,0.43538514726041533,7.987430252232472|7.994025795288275|7.997290128282701|7.998509932831083
0,1,global,131072,0.010394097324835094,0.5174214638703509,0.46432442103694016,7.988276762370666|7.993567733859069|7.996844007238705|7.998670859695501
0,1,global,131072,0.012402833059345753,0.6174169662980405,0.38257609729373376,7.986184866223718|7.993363411945325|7.996895003222624|7.998587699283064
0,1,global,131072,0.011183386997265288,0.5567125542809422,0.4311000318135467,7.987513210773421|7.9950617966118065|7.997369472442209|7.998696597770686
0,1,global,131072,0.011261673311104836,0.5606096718316013,0.4278815297887124,7.98753746447004|7.994483996775782|7.99730129887357|7.998799137781145
0,1,global,131072,0.011421885307792756,0.5685850758772979,0.42133868737441493,7.987071276750998|7.994177364926161|7.996813918979995|7.998493162058791
0,1,global,131072,0.008694857956539792,0.4328327887856259,0.5404595848169627,7.989973904445408|7.995019778896722|7.997286888664628|7.998668762401948
0,1,global,131072,0.010189000579880592,0.5072116828097252,0.47318538859014536,7.988253225914043|7.993895050188623|7.996660697368188|7.998442226493924
0,1,global,131072,0.007961434140572266,0.3963227184413195,0.5751486293501671,7.990644264677884|7.9956524597748295|7.997341555523649|7.998605698818456
0,1,global,131072,0.009871293374406065,0.49139611728235544,0.4870933596322564,7.988782824112776|7.994382571335808|7.997400558239865|7.998654117487182
0,1,global,131072,0.008640764467355844,0.43013999772501715,0.5429819084948,7.989729963668714|7.994086374654972|7.997059130835644|7.99837072813607
0,1,global,131072,0.008618965424569858,0.42905483445621195,0.5440000304463712,7.989728907683668|7.994222595717819|7.997084225960345|7.998347873108238
0,1,global,131072,0.010373905042851739,0.5164162856642794,0.4651926861273068,7.988209112960135|7.994611386587719|7.996940995100327|7.998583018002987
0,1,global,131072,0.009492656998864923,0.47254747833042315,0.5039527978849221,7.989195523957856|7.99461258305551|7.997472505009719|7.998688180956721
0,1,global,131072,0.009597587627287574,0.47777095831781546,0.49924994651841015,7.9890021788956425|7.994607910510358|7.997290818613858|7.99859976652293
0,1,global,131072,0.009783626387257272,0.4870320268369784,0.49096958194793494,7.988932518548585|7.994785702415857|7.997201210558512|7.998716144935842
0,1,global,131072,0.008825061281095614,0.43931435160796833,0.5344124624907491,7.98991147977694|7.994811382596628|7.996965806077717|7.998736541058036
0,1,global,131072,0.01202397564608404,0.5985573240182219,0.39728053395642116,7.986342640439553|7.993163856367656|7.996967237539768|7.9983666160856375
0,1,global,131072,0.008164456037300205,0.40642921289867945,0.5654415706122426,7.990437944194452|7.995021372271694|7.997421684037262|7.998602400231753
0,1,global,131072,0.010360522835807906,0.5157501151501847,0.4657686159968817,7.988244369211808|7.994637656217911|7.997358812426882|7.998604892047616
0,1,global,131072,0.008856051876314552,0.44085707327424356,0.5329781928615933,7.989401182477243|7.994180541533933|7.99696957336733|7.998257234353558
0,1,global,131072,0.009421720407021716,0.46901623227351097,0.5071452758559869,7.989213176585756|7.994815133949167|7.997253657132672|7.998634896992778
0,1,global,131072,0.01066689017969491,0.5310011787685062,0.4526831724009539,7.98769413092079|7.993848859901484|7.996610046669577|7.998361021100485
0,1,global,131072,0.01130573723287398,0.5628031878429611,0.4260761463344105,7.987256175265813|7.993804795721127|7.997466003919358|7.998561912498687
0,1,global,131072,0.00985823697881294,0.490746165765688,0.4876696025779339,7.98879154606806|7.993872752671645|7.997437116020203|7.998649783046873
0,1,global,131072,0.010964701550551403,0.5458263233337411,0.4401646485597257,7.987633305981094|7.993957538743409|7.996956423844451|7.998598007531645
0,1,global,131072,0.008242498757208061,0.4103142042661032,0.5617311845194686,7.990436474253273|7.994880816388911|7.997110264222794|7.998678973010481
0,1,global,131072,0.010044313754406176,0.5000091267146567,0.4794919633331667,7.988617850447376|7.994054094355606|7.9972476235971355|7.998662164201782
0,1,global,131072,0.011156203669640874,0.5553593596039321,0.4322208666292249,7.987173081267478|7.994239976788111|7.99681846893349|7.998329284937119
0,1,global,131072,0.00872249551856008,0.4342085953950346,0.5391731391670005,7.9897860460316705|7.994567464741105|7.99725907484296|7.998508541550231
0,1,global,131072,0.010076885532132707,0.5016305601480201,0.47806824456363106,7.988578650714741|7.994437048642644|7.997416050914958|7.998655536246874
0,1,global,131072,0.010029173382466006,0.4992554341939886,0.4801545387551558,7.98863904498926|7.994182493238673|7.997476456711709|7.998668218371726
0,1,global,131072,0.011760661588388288,0.5854494666514217,0.40769838461275776,7.986910639706633|7.994295072948894|7.99723085987|7.998671301295022
0,1,global,131072,0.009325482952780462,0.4642255012560432,0.5114933355519713,7.989398035128133|7.994971668715537|7.997427177587472|7.998723518080913
0,1,global,131072,0.01012127606191715,0.5038403348100456,0.4761316525755386,7.988352499578776|7.995436674664575|7.9973711325069985|7.998473775640693
0,1,global,131072,0.008126995816735594,0.40456443122926644,0.5672267155425399,7.990540919917387|7.99475208612371|7.9972876438653575|7.9986679157341225
0,1,global,131072,0.009101747343142286,0.45308787159557173,0.5216765466501201,7.9894784467613285|7.994387575018614|7.997314890059799|7.998580194104471
0,1,global,131072,0.010188468022976238,0.5071851719579953,0.4732085175648324,7.988658167434326|7.99434797331841|7.997548230603279|7.998846635457302
0,1,global,131072,0.008504788103518734,0.42337105117491536,0.5493481295287279,7.990076050199949|7.994694205400921|7.997579733565636|7.998580838303468
0,1,global,131072,0.010312969760374102,0.5133829079619563,0.46781835831370877,7.988309625491567|7.994188198065588|7.997191234049689|7.998622595251941
0,1,global,131072,0.00860580017141821,0.42839946397573037,0.5446153716812989,7.990008068815644|7.994577421573569|7.997094350978386|7.9986138689870625
0,1,global,131072,0.011452132806113902,0.5700908059441454,0.4201100403825273,7.987303307070118|7.994579718786225|7.997393785638825|7.9987554398762315
0,1,global,131072,0.007515162132881947,0.37410715625375374,0.5967586519308872,7.9910405618239935|7.994674415233167|7.997380155685421|7.998555723956875
0,1,global,131072,0.010387127540269603,0.5170745057825024,0.464624018747845,7.988013948612858|7.9945872705282195|7.997330916174616|7.998401076153128
0,1,global,131072,0.00981345700095737,0.48851700425507283,0.48964875501742666,7.988644859227523|7.993751922704299|7.99678568024141|7.99845831622848
0,1,global,131072,0.010626914340061688,0.5290111687834115,0.45437873550468755,7.987981467352253|7.994703320478605|7.997190965038479|7.998608381692315
0,1,global,131072,0.009706623435619122,0.4831987954640384,0.4943879152240409,7.988789586058947|7.994710026872343|7.996860771615239|7.998496209494566
0,1,global,131072,0.00836741113417272,0.4165323820380344,0.5558170842120607,7.9901403508257935|7.995179761557462|7.996952505405674|7.998507761959966
0,1,global,131072,0.009662316551821704,0.48099318472579594,0.49636055035438287,7.988865549901331|7.994135337714619|7.9972114663517155|7.998527866453153
0,1,global,131072,0.010833754309569343,0.5393077281155849,0.44564440267046024,7.987743814290868|7.994503469560619|7.997329921400275|7.998577568600437
0,1,global,131072,0.009561002588418077,0.47594974347096397,0.5008869877623763,7.989113531043693|7.994263487572937|7.997119572142377|7.998674533632111
0,1,global,131072,0.010055229641056762,0.5005525230167764,0.4790145702072255,7.988316131702459|7.994198006572408|7.996685498529861|7.998371361343516
0,1,global,131072,0.009012303668471944,0.4486353370814593,0.5257765152839731,7.9895085785001845|7.994555964819778|7.997409119826584|7.998520882168656
0,1,global,131072,0.011228439553042868,0.5589552848070302,0.42924612195775236,7.987427280772754|7.993986649687768|7.997072538727973|7.998655720325797
0,1,global,131072,0.010369986669944709,0.5162212278172934,0.4653612800878435,7.988309232741427|7.993581753505273|7.997084435162921|7.998679219411372
0,1,global,131072,0.00958619986835263,0.4772040720636101,0.4997592005565594,7.989058360071573|7.994696768857359|7.997242692524222|7.998644559939926
0,1,global,131072,0.00955594590263864,0.4756980200478942,0.5011134787746419,7.989113240291695|7.994689643537258|7.997750740989477|7.998669186194333
0,1,global,131072,0.008652139212421694,0.43070623614468845,0.5424510293509466,7.989994507013643|7.994508970860682|7.9976054799662135|7.998646646226065
0,1,global,131072,0.01114038671794848,0.554571986728455,0.43287381406060144,7.987612841007274|7.993883632552892|7.996946159311827|7.9987532277252225
0,1,global,131072,0.009328630669457105,0.46438219559127775,0.5113508127839097,7.9893917038076125|7.995012287025762|7.997321732307802|7.99872033447707
0,1,global,131072,0.00709090208046792,0.352987356186338,0.6176388402028452,7.991619183093538|7.99447686156581|7.997274669763611|7.998710085174006
0,1,global,131072,0.008737233977312187,0.4349422805496354,0.5384877359172313,7.989745386107188|7.995139840357409|7.997041786166152|7.9984826200845
0,1,global,131072,0.010172745436473285,0.5064024966115995,0.4738916305124692,7.988420032430874|7.993851841285517|7.9972846396889565|7.998592777867347
0,1,global,131072,0.00896842122256114,0.4464508549959273,0.5277940306774278,7.9894769834892685|7.993724709869902|7.996821117549712|7.99844540471183
0,1,global,131072,0.010634619979924764,0.529394757981531,0.4540516249030553,7.9879509289472255|7.994325580754754|7.997478340729286|7.99858554892715
0,1,global,131072,0.010534780851306103,0.5244247344704006,0.45830014941440766,7.988142926551734|7.992839157615936|7.997249628002135|7.99867770740304
0,1,global,131072,0.009111240107328555,0.4535604244097252,0.5212423794585861,7.989419511761239|7.994755715738186|7.997218769421168|7.998530751868568
0,1,global,131072,0.011203044536415518,0.5576911128190559,0.43029055487862333,7.98732995940606|7.9940930336937575|7.997175529404016|7.998533003942476
0,1,global,131072,0.00825869389333711,0.41112040328287114,0.5609626962194847,7.990249977479311|7.994514473297386|7.997233638532473|7.998508671372648
0,1,global,131072,0.012217335683188502,0.608182848036894,0.3897335964660358,7.986281457187212|7.993625129739632|7.996953882837881|7.9984987928704
0,1,global,131072,0.008650767101523016,0.4306379320286504,0.5425150544274433,7.990107185182171|7.994825374414892|7.9975518153644956|7.998757952283694
0,1,global,131072,0.012661947102280635,0.6303157455969788,0.3727139759004343,7.986165550312992|7.993376816707718|7.997170889149192|7.998827497415273
0,1,global,131072,0.010938221272098758,0.5445081266676464,0.4412696415738897,7.987404102857283|7.994190317638962|7.997245279337574|7.998342324129382
0,1,global,131072,0.010576973789280686,0.5265251123146254,0.45650196915204666,7.987750861926702|7.994079463552862|7.996961361118751|7.998327835715982
0,1,global,131072,0.008175846758347483,0.4069962466077769,0.564899288171447,7.99048378932128|7.99428149591314|7.997330034708504|7.998659636079627
0,1,global,131072,0.010810146534995901,0.5381325256043168,0.4466364374394336,7.987830619463759|7.993895171109141|7.996987783434798|7.998640765998755
0,1,global,131072,0.010506663777579917,0.5230250576160774,0.45950064633114507,7.988134455400883|7.994363467318017|7.997107038494639|7.998641119178463
0,1,global,131072,0.007850957595304742,0.3908231609531402,0.5804637187001025,7.990795454363865|7.994134681021104|7.997079568256995|7.99864641195917
0,1,global,131072,0.009139397176298303,0.45496209223996714,0.5199556645248846,7.989348371000786|7.994960121990481|7.997688366285547|7.9984877681770845
0,1,global,131072,0.01044143637903705,0.5197780170137287,0.46229238919244775,7.988189082560557|7.993966686648562|7.996387511579935|7.998630518939594
0,1,global,131072,0.008424959099434304,0.4193971380142231,0.553102682504027,7.990136485541373|7.994934349413732|7.996959683622736|7.998561444640807
0,1,global,131072,0.008470950265680344,0.42168659286734167,0.5509380700470854,7.98994899734977|7.994734980578394|7.997442335409926|7.99841994761545
0,1,global,131072,0.008716504559341587,0.4339103635436343,0.539451870060395,7.990099245838408|7.995319951430258|7.997315194717914|7.99881575039775
0,1,global,131072,0.011311053609416533,0.5630678387546436,0.425858625037252,7.9872774230638806|7.994125460053411|7.997388557216175|7.998588476673297
0,1,global,131072,0.010782565257744459,0.5367595208685657,0.44779703512206237,7.98773444602624|7.993332872544341|7.997065868971874|7.998517011283984
0,1,global,131072,0.009865622195934343,0.49111380421802636,0.4873436114385903,7.988687984773312|7.9944851531771715|7.997221035530412|7.998553606969247
0,1,global,131072,0.012002375855451497,0.5974820795848569,0.39812902271924533,7.986414799213154|7.993816684892638|7.996941642719811|7.998417175068606
0,1,global,131072,0.00985300832891678,0.490485881914307,0.48790047174147233,7.988728352558155|7.994727919166299|7.99750525071645|7.998581360887072
0,1,global,131072,0.009707353743686475,0.4832351504314278,0.49435543554022354,7.9887160330392195|7.993911617958494|7.99701994991558|7.998423386782906
0,1,global,131072,0.008805755826154282,0.43835331993352367,0.53530691815265,7.989548350182409|7.995304088978115|7.997223725227771|7.998354106008564
0,1,global,131072,0.010600269806674056,0.5276847954545193,0.4555108404657333,7.988142207103025|7.994737619016683|7.997591430388433|7.998742476909699
0,1,global,131072,0.008261320204760558,0.4112511418991099,0.5608381209962698,7.990413407219779|7.994739179868575|7.99755912125585|7.9986747274245396
0,1,global,131072,0.011999236702091132,0.5973258115342246,0.3982524265895271,7.986353997263996|7.993321160677007|7.996320658878167|7.998353233966087
0,1,global,131072,0.0075202612680493885,0.3743609928208317,0.5965096593301236,7.9910832395888995|7.994473106193349|7.997377235305212|7.998603500856949
0,1,global,131072,0.009179798588780486,0.45697328737655807,0.5181122762217916,7.989336114449801|7.994735977633206|7.997285433304411|7.998515913038582
0,1,global,131072,0.00697298621226583,0.34711746684126815,0.6234984363824416,7.9915788871625|7.995056539820482|7.996954273737625|7.998551873374766
0,1,global,131072,0.009032783948341283,0.4496548519137044,0.5248362765694443,7.989821711572966|7.994383253852931|7.997433353625505|7.998854495521307
0,1,global,131072,0.010195984409701708,0.5075593400748568,0.4728821380579462,7.988284886202641|7.994725313387757|7.996935139092972|7.998480870612343
0,1,global,131072,0.009713341090620276,0.48353320246214954,0.49408919761168235,7.9890450378534545|7.994745738420406|7.997047803328961|7.998758378944075
0,1,global,131072,0.011000210707197589,0.547593980422036,0.4386853846428014,7.987604924317342|7.993852981069729|7.996927183125694|7.9986051350245395
0,1,global,131072,0.010109802637483511,0.5032691841001253,0.4766317825430473,7.988600184295534|7.994795882428179|7.997414310577586|7.998709986933018
0,1,global,131072,0.009031620751025038,0.44959694758210805,0.5248896552679161,7.98958287706221|7.994468880134541|7.99747623109055|7.998614497813235
0,1,global,131072,0.010146150534967369,0.505078593973532,0.4750483553682143,7.988552689058969|7.994314586317848|7.997118083018455|7.998698839593937
0,1,global,131072,0.009333124776077284,0.4646059136452396,0.5111473639243276,7.989252857060676|7.995027349213621|7.997385448318197|7.9985859818367535
0,1,global,131072,0.011136973155636554,0.5544020585131179,0.4330148058761847,7.987480368975006|7.993642792123339|7.997090798095379|7.998617342130642
0,1,global,131072,0.011110615510372845,0.5530899665660917,0.43410436124460183,7.987380698389534|7.994227738302904|7.997415250891423|7.9984913138999065
0,1,global,131072,0.007736158043882391,0.38510840284647074,0.5860110460176786,7.990616365825938|7.994443888882842|7.9966873180201885|7.99835252386982
0,1,global,131072,0.011649340170326816,0.5799078511274008,0.4121512692550424,7.986776862050737|7.9940367584802905|7.996611238407072|7.998426202221064
0,1,global,131072,0.011288182192545015,0.561929292363494,0.42679487685502804,7.987317580438012|7.993909920529487|7.997157675990028|7.998605762630557
0,1,global,131072,0.00940442267869912,0.46815514586739043,0.5079253625384252,7.989183724324977|7.994738644068271|7.99723007231573|7.998588147003676
0,1,global,131072,0.010277499734892892,0.511617198835474,0.4693505177296706,7.988328187676465|7.994551043482285|7.997007114272117|7.998605687411358
0,1,global,131072,0.011522826999117441,0.5736099853098828,0.4172466796768475,7.986930047980977|7.993689106215949|7.997407886165553|7.998452874980094
0,1,global,131072,0.011501094584076554,0.572528138791376,0.41812569103000463,7.98721952172828|7.994015510209115|7.996821399759963|7.998720616312356
0,1,global,131072,0.00954638589087864,0.4752221196281763,0.5015418238073042,7.98903434162172|7.9950019217777735|7.997281710334217|7.998580727512599
0,1,global,131072,0.01065734121599693,0.5305258283248223,0.45308786360854514,7.98810401603343|7.993914121424199|7.9973781070260355|7.9987613572494265
0,1,global,131072,0.009869303894466164,0.4912970803394951,0.48718114140880475,7.9887024906171025|7.994530601430909|7.997504364471244|7.998571794511569
0,1,global,131072,0.008798297921576825,0.4379820630765523,0.5356526579230669,7.989881563604156|7.994197896684366|7.997026013088671|7.998679861525733
0,1,global,131072,0.008838808213502247,0.43999867826638545,0.5337760030852181,7.989656741555289|7.995007790005306|7.997030985463082|7.9984955497687915
0,1,global,131072,0.009702257773048117,0.48298147139561204,0.4945820972776114,7.988788363529465|7.994695060337002|7.997050958431154|7.998490621302513
0,1,global,131072,0.008103924435928889,0.4034159305699554,0.5683275105838281,7.990483308854974|7.99399794631936|7.997138440992308|7.998587233290903
0,1,global,131072,0.009614850965617094,0.4786303327791655,0.49847846593339984,7.989023528091465|7.994794340612614|7.997131328484034|7.998638379057082
0,1,global,131072,0.009982854488060688,0.49694966492908166,0.48218464951752327,7.988568191134154|7.994119532403007|7.996704750200134|7.998551045622214
0,1,global,131072,0.00814981012026994,0.40570013450036424,0.5661391917747567,7.990325243532161|7.9938849996629315|7.997369727243856|7.998475053652431
0,1,global,131072,0.012074525352538501,0.601073704449776,0.39529909395480667,7.986229614187881|7.993585426610109|7.996881220738654|7.998304139540419
0,1,global,131072,0.009991055200723409,0.4973578990083015,0.48182488085320707,7.988741062457601|7.994422260039811|7.997596659046211|7.998732117658324
0,1,global,131072,0.009963090027898858,0.4959657838290744,0.48305232444353896,7.988654055441103|7.995043032830282|7.997431605307606|7.998617145469002
0,1,global,131072,0.009383856428975434,0.46713135142850953,0.5088536705345812,7.9890900521362935|7.994567947863376|7.997234367502751|7.998473908565269
0,1,global,131072,0.010084111266523088,0.5019902594993891,0.4777527197989009,7.988461081292122|7.994723648665372|7.997100626421826|7.9985451925586455
0,1,global,131072,0.009374432218894668,0.4666622112594868,0.5092793521869097,7.98924291904979|7.994363805669548|7.997226513302859|7.998617351268685
0,1,global,131072,0.008712480720245885,0.4337100555563017,0.5396391206976494,7.9897885823964305|7.994176065704435|7.997044841440415|7.998501063116676
0,1,global,131072,0.010721277264697626,0.5337085851221592,0.45038210977372684,7.9876900424454185|7.99453584159145|7.997021469308556|7.998411319710116
0,1,global,131072,0.010704058278367512,0.5328514185174168,0.4511099100077729,7.987652908837441|7.9936743273514015|7.996903273302314|7.998356967115808
0,1,global,131072,0.010461523071672474,0.5207779389485466,0.4614316684919977,7.987862558571686|7.993584826514872|7.997008612321618|7.998324081643358
0,1,global,131072,0.010379215227202643,0.5166806283266963,0.4649642615613174,7.987997560373045|7.993883949808678|7.996896709533235|7.9983767756002475
0,1,global,131072,0.01068133209797928,0.5317201020445024,0.45207150271470153,7.987811811751724|7.993896808379841|7.997392952990769|7.998493143849704
0,1,global,131072,0.007906328028503218,0.3935795186920885,0.5777969395918023,7.990747988311474|7.994643730878401|7.99750580013128|7.9986543163399775
0,1,global,131072,0.00870648576395272,0.4334116247292556,0.5399181582513344,7.9899252293930045|7.994722201622496|7.9975266518185775|7.998631715156957
0,1,global,131072,0.011946473008387137,0.5946992181146791,0.40033007732520254,7.986647067861148|7.993661830865684|7.996853816980696|7.9985935408695354
0,1,global,131072,0.011553473834061911,0.5751355944805869,0.4160089596470484,7.987053409571938|7.99435359970595|7.997187374947677|7.998606883406
0,1,global,131072,0.010398284416972103,0.5176298986458956,0.46414448967885935,7.988233927917942|7.994507853022862|7.997269253561399|7.998632212334914
0,1,global,131072,0.009391377506847931,0.46750575307215897,0.5085140851934997,7.989302917751702|7.994590551699943|7.997293953026788|7.99869429525855
0,1,global,131072,0.008375278805660358,0.41692403722185273,0.5554456013245999,7.9901086377683495|7.994294377738011|7.997266848809197|7.99848391657401
0,1,global,131072,0.00920081359007785,0.45801942081120833,0.5171547662321347,7.989357656943616|7.994026076034817|7.996873525811405|7.998558470533694
0,1,global,131072,0.01025300748946556,0.510397967084372,0.47041009955935476,7.988679821993736|7.9943117536041495|7.997603563313182|7.998932829483201
0,1,global,131072,0.008805153125016396,0.438323317279585,0.5353348544972598,7.9896922305840645|7.994576548473972|7.997367377910499|7.998497383709081
0,1,global,131072,0.010102396574661832,0.5029005079422109,0.4769547677651498,7.98861550993379|7.9947492038146555|7.997209509737274|7.9987179065084515
0,1,global,131072,0.008245797217392159,0.4104784026609841,0.5615746253929341,7.990369381099203|7.995071328407461|7.997307529991823|7.998615178316595
0,1,global,131072,0.010239005900815279,0.5097009635573194,0.47101642822925105,7.988377737134893|7.99395016177794|7.996958117662125|7.998616743035709
0,1,global,131072,0.009540925008204582,0.47495027515540195,0.5017865906018866,7.98893068200442|7.9942686350268835|7.997128263603047|7.9984716070126245
0,1,global,131072,0.009772662892387096,0.48648626058257677,0.4914554994338167,7.988694001667587|7.995283333065464|7.997242126675155|7.998466664559974
0,1,global,131072,0.01081090841375243,0.5381704521706336,0.4466044025172877,7.987775642180826|7.993970810426316|7.996882661046854|7.998586550594578
0,1,global,131072,0.0105923357780906,0.5272898369934096,0.4558482575114171,7.988182724103498|7.99392439191854|7.997166283072151|7.998775059881589
0,1,global,131072,0.010804364740670813,0.5378447060476982,0.44687958872350353,7.987637992317136|7.994033538760793|7.9971653898390835|7.998442357057807
0,1,global,131072,0.009259270046567458,0.46092940176907926,0.5144961326826998,7.9893907741106345|7.994096699893685|7.996913935559939|7.998650044157202
0,1,global,131072,0.009729794326038821,0.48435224974346813,0.4933579707284499,7.988817850045056|7.994740331343189|7.996828219114608|7.998547644371095
0,1,global,131072,0.010627971559891591,0.5290637975221009,0.454333847813426,7.988118092703448|7.994486624879408|7.9971089821296975|7.998746064263339
0,1,global,131072,0.010024859048599843,0.4990406652847807,0.4803434346771964,7.9885335038796255|7.994112828362633|7.997515822999141|7.998558362928225
0,1,global,131072,0.01005582798427529,0.5005823087321063,0.47898840989336144,7.988519696615595|7.994354693062235|7.997334003229188|7.99857552459987
0,1,global,131072,0.009026359577202214,0.4493350446793348,0.5251311233187526,7.989572202903853|7.994775594155971|7.99727029296123|7.998598562481055
0,1,global,131072,0.008692203931802922,0.4327006705918489,0.5405832024386141,7.989962246458728|7.994598686852942|7.9970208211120966|7.998654450390531
0,1,global,131072,0.01042057711319444,0.5187396361394457,0.4631871623534387,7.988120401402138|7.994246150029906|7.99702130127466|7.998540978515332
0,1,global,131072,0.007897100556828462,0.3931201722233609,0.5782409572074603,7.99080535166724|7.99512869377464|7.997515118511743|7.998702452224069
0,1,global,131072,0.010894035988625816,0.5423085692321518,0.44311697855741095,7.987688778338544|7.9945558742424465|7.997096968680104|7.99858281432717
0,1,global,131072,0.010664888408568274,0.530901529966469,0.4527679918275642,7.9877165734014905|7.994700441248586|7.997127520191639|7.998381461810059
0,1,global,131072,0.009540256861159335,0.47491701458342267,0.5018165425207393,7.989127172201144|7.993870134856725|7.997150181742846|7.998667429062303
0,1,global,131072,0.008758104346856754,0.435981214169726,0.5375179199785984,7.989740895407591|7.994665586051068|7.997206701567036|7.998498999754448
0,1,global,131072,0.009381106496615388,0.4669944589228102,0.5089778628161594,7.989231538874635|7.994840762676976|7.997435621844823|7.99861264537125
0,1,global,131072,0.011748997065703648,0.584868803009913,0.4081636191701752,7.986810375652924|7.994464988701552|7.997361085998171|7.998559372718628
0,1,global,131072,0.010429085017440443,0.5191631623131826,0.4628220931858411,7.988033802151511|7.99401409336747|7.997248569393858|7.998462887168952
0,1,global,131072,0.01005911754923794,0.5007460643200402,0.47884459993366946,7.98860565036966|7.994480073507632|7.997457784386686|7.998664767918898
0,1,global,131072,0.00972417729343178,0.4840726320774686,0.4936075418824464,7.988941361424219|7.99554851647642|7.997269327778103|7.998665538717651
0,1,global,131072,0.009839520965547521,0.4898144766849565,0.48849627358503,7.988923621662075|7.994973763140436|7.997550466525442|7.998763142627623
0,1,global,131072,0.008903769506201975,0.443232472035402,0.5307735962140692,7.989748419967476|7.995276946599987|7.997250348450039|7.998652189473678
0,1,global,131072,0.011031908203785967,0.5491718918628493,0.43736732608307993,7.987600932906228|7.993729163480204|7.997053486391995|7.998632841110014
0,1,global,131072,0.008904414830187335,0.4432645964682162,0.5307438134237581,7.989645364145377|7.994196355449048|7.996963043610475|7.998549778975565
0,1,global,131072,0.008728210723077723,0.4344931000899032,0.5389073051033695,7.989746161425042|7.994259784886793|7.996886344272054|7.998474372148119
0,1,global,131072,0.01014728652181951,0.5051351437595888,0.4749989148278684,7.988342215408074|7.993800485728039|7.996873194298788|7.998489501929893
0,1,global,131072,0.010183005718964466,0.5069132567305784,0.4734457816230131,7.988399826975226|7.993996404506749|7.997437694999123|7.998582832694191
0,1,global,131072,0.008688710390802434,0.4325267610120103,0.5407459441090796,7.989789294923451|7.994662680620546|7.997153049157593|7.9984780053142535
0,1,global,131072,0.010743688893721348,0.534824243128311,0.4494358275292316,7.987916714792453|7.993984315846113|7.997385385684118|7.998660403686174
0,1,global,131072,0.008662341391818984,0.4312141038732117,0.541975096110058,7.989948987614943|7.994489436133205|7.997201192872195|7.998611329006762
0,1,global,131072,0.009826906580584271,0.4891865285977365,0.48905386654190464,7.988866656993452|7.994772015911862|7.997551826778485|7.998693563574037
0,1,global,131072,0.011700882852077932,0.5824736621843883,0.410085974273082,7.986950191911436|7.994016761780773|7.997337005650947|7.998651074763514
0,1,global,131072,0.011577619835170694,0.576337590079615,0.41503531426129925,7.987058811557466|7.994732748539838|7.997509164750801|7.998636431392637
0,1,global,131072,0.009499940959237563,0.4729100761896696,0.5036255870858948,7.989083080316525|7.994577077653125|7.997514151476531|7.9985830212757625
0,1,global,131072,0.008705031519658846,0.4333392319867359,0.5399858574946332,7.989919663430621|7.994564590336497|7.997023778260871|7.99862469495028
0,1,global,131072,0.009718787577285504,0.4838043302970351,0.4938470766326657,7.988783545762195|7.994495109583563|7.997082081736663|7.998502333339481
0,1,global,131072,0.009909666991337218,0.4933063681128029,0.48540187418776615,7.988481876359635|7.994115360557617|7.9971534211696556|7.998391543350972
0,1,global,131072,0.010632480921655585,0.5292882749819637,0.4541424163281673,7.987883563551633|7.992951839281198|7.996641593341571|7.998516044473289
0,1,global,131072,0.009856647345785952,0.4906670333290621,0.4877397860165553,7.988688534623129|7.994497168362733|7.996703265742507|7.998545181968915
0,1,global,131072,0.009332905738808961,0.464595009900501,0.5111572787930394,7.989269842407907|7.995068901434422|7.997141343259429|7.998602748146716
0,1,global,131072,0.011884918427558233,0.5916350115438672,0.4027620978290525,7.9868888402931795|7.994315638349813|7.997266966637593|7.998773758720738
0,1,global,131072,0.009016828908325003,0.4488606049576356,0.5255686898350489,7.9895294984430985|7.9944785354793435|7.997290377477015|7.9985463273514235
0,1,global,131072,0.010179947007049606,0.5067609930806352,0.4735786703227216,7.988531526938976|7.993870798017084|7.996941650009462|7.998711473946026
0,1,global,131072,0.010869110869732523,0.5410677889025222,0.4441610168030512,7.987719683890187|7.994539846983983|7.9971708824603684|7.99858879475992
0,1,global,131072,0.008663217013973323,0.4312576926219733,0.5419342579109085,7.989982909136429|7.9943148436788745|7.996971049512738|7.998646126150402
0,1,global,131072,0.009110167773372702,0.4535070432850488,0.5212914150962877,7.9894809938674385|7.995248101309137|7.99760110137883|7.998591161640811
0,1,global,131072,0.010115927448392625,0.5035740791311687,0.4763647644262201,7.988534524498314|7.994009520069373|7.997043421166134|7.998650451946706
