thread_id,sample_idx,k,m,mean_diff,var_diff,stat,p_value,complexities,diffs
0,1,8,8,33.92857142857143,472.1377551020408,1.5614612411798832,0.027227477555791024,14729|14749|14724|14691|14719|14759|14785|14746,20|5|38|10|30|56|17|25|58|30|10|36|3|33|5|35|61|22|28|68|94|55|40|66|27|26|13|39
0,1,8,8,30,338.7142857142857,1.630063405524831,0.021152085980718383,14696|14749|14713|14769|14734|14720|14753|14756,53|17|73|38|24|57|60|36|20|15|29|4|7|56|21|7|40|43|35|49|16|13|14|19|22|33|36|3
0,1,8,8,32.642857142857146,556.0153061224489,1.3843464483811903,0.05025786439124902,14734|14745|14693|14762|14739|14792|14759|14734,11|41|28|5|58|25|0|52|17|6|47|14|11|69|46|99|66|41|23|30|3|28|53|20|5|33|58|25
0,1,8,8,43.607142857142854,1107.5242346938774,1.3103309932804375,0.0638696447045064,14739|14753|14744|14695|14713|14818|14702|14727,14|5|44|26|79|37|12|9|58|40|65|51|26|49|31|74|42|17|18|123|7|32|105|11|14|116|91|25
0,1,8,8,47.357142857142854,805.158163265306,1.6689560203900933,0.018262087976007813,14753|14714|14780|14681|14760|14744|14793|14701,39|27|72|7|9|40|52|66|33|46|30|79|13|99|20|36|13|79|79|63|112|20|16|33|59|49|43|92
0,1,8,8,33.32142857142857,622.7895408163265,1.3352203944028234,0.05898733000796774,14746|14738|14752|14683|14784|14712|14740|14738,8|6|63|38|34|6|8|14|55|46|26|2|0|69|32|40|12|14|101|29|57|55|72|44|46|28|26|2
0,1,8,8,23,302.85714285714283,1.3216270703975261,0.06161393443787455,14685|14725|14703|14714|14714|14716|14755|14702,40|18|29|29|31|70|17|22|11|11|9|30|23|11|11|13|52|1|0|2|41|12|2|41|12|39|14|53
0,1,8,8,38,587.4285714285714,1.5678556075817955,0.02660369182995681,14784|14701|14729|14755|14700|14700|14761|14738,83|55|29|84|84|23|46|28|54|1|1|60|37|26|29|29|32|9|55|55|6|17|0|61|38|61|38|23
0,1,8,8,34.464285714285715,506.74872448979596,1.5309921005869607,0.030376108222379683,14732|14724|14778|14776|14738|14702|14720|14773,8|46|44|6|30|12|41|54|52|14|22|4|49|2|40|76|58|5|38|74|56|3|36|18|35|18|71|53
0,1,8,8,30.25,378.33035714285717,1.5552126631679677,0.0278491945006476,14779|14745|14743|14764|14742|14702|14770|14722,34|36|15|37|77|9|57|2|19|3|43|25|23|21|1|41|27|21|22|62|6|42|40|28|20|68|20|48
0,1,8,8,36.57142857142857,671.1020408163265,1.4117170032320396,0.0458827224210987,14788|14721|14766|14722|14713|14707|14762|14705,67|22|66|75|81|26|83|45|1|8|14|41|16|44|53|59|4|61|9|15|40|17|6|49|8|55|2|57
0,1,8,8,33.285714285714285,506.7755102040816,1.4785978529758328,0.036523174129064806,14767|14724|14743|14706|14750|14755|14801|14740,43|24|61|17|12|34|27|19|18|26|31|77|16|37|7|12|58|3|44|49|95|34|5|51|10|46|15|61
0,1,8,8,38.714285714285715,940.6326530612247,1.2622960566102774,0.07423588484422528,14723|14736|14727|14740|14747|14752|14683|14808,13|4|17|24|29|40|85|9|4|11|16|53|72|13|20|25|44|81|7|12|57|68|5|64|61|69|56|125
0,1,8,8,28.857142857142858,308.40816326530614,1.6431998892785178,0.020134261690429867,14711|14781|14733|14727|14760|14738|14770|14760,70|22|16|49|27|59|49|48|54|21|43|11|21|6|27|5|37|27|33|11|43|33|22|10|0|32|22|10
0,1,8,8,30.035714285714285,366.39158163265313,1.5691527460159949,0.026478670049040698,14743|14700|14778|14724|14772|14750|14737|14753,43|35|19|29|7|6|10|78|24|72|50|37|53|54|6|28|41|25|48|26|13|29|22|35|19|13|3|16
0,1,8,8,31.571428571428573,463.81632653061234,1.4659569531051928,0.03815575383297043,14768|14718|14764|14737|14691|14769|14737|14744,50|4|31|77|1|31|24|46|19|27|51|19|26|27|73|5|27|20|46|32|0|7|78|46|53|32|25|7
0,1,8,8,20.607142857142858,198.7385204081632,1.4617622960038847,0.03871103085279137,14764|14771|14766|14744|14753|14739|14757|14717,7|2|20|11|25|7|47|5|27|18|32|14|54|22|13|27|9|49|9|5|13|27|14|4|36|18|22|40
0,1,8,8,34.75,530.4017857142857,1.5088717244969663,0.03285356454068089,14762|14701|14709|14703|14698|14745|14773|14726,61|53|59|64|17|11|36|8|2|3|44|72|25|6|11|36|64|17|5|42|70|23|47|75|28|28|19|47
0,1,8,8,44.42857142857143,762.6734693877551,1.608766556493886,0.02289749637277394,14774|14728|14755|14729|14762|14711|14677|14676,46|19|45|12|63|97|98|27|1|34|17|51|52|26|7|44|78|79|33|18|52|53|51|85|86|34|35|1
0,1,8,8,43.5,833.4642857142857,1.5067658184926627,0.03309819871245634,14676|14725|14758|14724|14798|14710|14753|14756,49|82|48|122|34|77|80|33|1|73|15|28|31|34|40|48|5|2|74|14|29|32|88|45|42|43|46|3
0,1,8,8,23.607142857142858,233.8099489795918,1.543874288498479,0.029008621886500663,14790|14741|14783|14749|14754|14775|14787|14748,49|7|41|36|15|3|42|42|8|13|34|46|7|34|29|8|4|35|5|26|38|1|21|33|6|12|27|39
0,1,8,8,27.357142857142858,340.5867346938775,1.48237087598768,0.03604757193283037,14725|14714|14763|14686|14735|14739|14750|14730,11|38|39|10|14|25|5|49|28|21|25|36|16|77|28|24|13|33|49|53|64|44|4|15|5|11|9|20
0,1,8,8,34.785714285714285,573.8112244897959,1.4521664734271142,0.040007167700460755,14786|14759|14738|14780|14733|14738|14731|14693,27|48|6|53|48|55|93|21|21|26|21|28|66|42|5|0|7|45|47|42|49|87|5|2|40|7|45|38
0,1,8,8,25.178571428571427,249.1466836734694,1.5951573534934496,0.024077247590345907,14712|14721|14750|14722|14760|14770|14745|14755,9|38|10|48|58|33|43|29|1|39|49|24|34|28|10|20|5|5|38|48|23|33|10|15|5|25|15|10
0,1,8,8,31.035714285714285,525.6058673469386,1.3537287200735693,0.05556107790734943,14735|14762|14734|14753|14684|14694|14736|14743,27|1|18|51|41|1|8|28|9|78|68|26|19|19|50|40|2|9|69|59|17|10|10|52|59|42|49|7
0,1,8,8,24.107142857142858,250.23852040816323,1.5239427765640343,0.03114759824041613,14771|14750|14770|14755|14732|14709|14739|14747,21|1|16|39|62|32|24|20|5|18|41|11|3|15|38|61|31|23|23|46|16|8|23|7|15|30|38|8
0,1,8,8,33.82142857142857,541.2181122448982,1.453803756133238,0.03978344462846772,14696|14777|14762|14768|14747|14725|14784|14754,81|66|72|51|29|88|58|15|9|30|52|7|23|6|15|37|22|8|21|43|16|14|22|37|7|59|29|30
0,1,8,8,27.892857142857142,359.66709183673464,1.4707628478605848,0.03752790188621136,14727|14794|14734|14776|14784|14764|14781|14765,67|7|49|57|37|54|38|60|18|10|30|13|29|42|50|30|47|31|8|12|5|11|20|3|19|17|1|16
0,1,8,8,21.75,172.61607142857142,1.6554598306255182,0.019223179577047445,14751|14729|14759|14736|14713|14730|14747|14768,22|8|15|38|21|4|17|30|7|16|1|18|39|23|46|29|12|9|23|6|11|32|17|34|55|17|38|21
0,1,8,8,40,969.7142857142857,1.2845117890624531,0.06928225807636945,14681|14759|14742|14779|14772|14717|14779|14779,78|61|98|91|36|98|98|17|20|13|42|20|20|37|30|25|37|37|7|62|0|0|55|7|7|62|62|0
0,1,8,8,44.714285714285715,1347.4897959183672,1.2181017159203902,0.08495068699050679,14715|14760|14694|14737|14726|14715|14741|14828,45|21|22|11|0|26|113|66|23|34|45|19|68|43|32|21|47|134|11|22|4|91|11|15|102|26|113|87
0,1,8,8,40.142857142857146,651.2653061224491,1.5730021211368495,0.02611064042559219,14724|14742|14689|14735|14789|14706|14721|14776,18|35|11|65|18|3|52|53|7|47|36|21|34|46|100|17|32|87|54|29|14|41|83|68|13|15|70|55
0,1,8,8,30.607142857142858,352.3099489795918,1.6306484306195104,0.02110582175122433,14760|14767|14717|14764|14734|14747|14713|14785,7|43|4|26|13|47|25|50|3|33|20|54|18|47|17|30|4|68|30|17|51|21|13|21|51|34|38|72
0,1,8,8,17.142857142857142,206.5510204081633,1.1928052271225194,0.09162612107168222,14732|14703|14730|14695|14726|14738|14735|14731,29|2|37|6|6|3|1|27|8|23|35|32|28|35|4|8|5|1|31|43|40|36|12|9|5|3|7|4
0,1,8,8,17.392857142857142,187.73852040816328,1.2693875499287959,0.07262411255264922,14752|14736|14751|14755|14749|14714|14722|14752,16|1|3|3|38|30|0|15|19|13|22|14|16|4|2|37|29|1|6|41|33|3|35|27|3|8|38|30
0,1,8,8,45.642857142857146,777.8724489795917,1.6365098650119467,0.020647140404294717,14766|14732|14710|14690|14733|14684|14776|14781,34|56|76|33|82|10|15|22|42|1|48|44|49|20|23|26|66|71|43|6|86|91|49|43|48|92|97|5
0,1,8,8,58.714285714285715,1178.204081632653,1.710541126588111,0.015560220780350908,14664|14799|14716|14756|14785|14736|14684|14698,135|52|92|121|72|20|34|83|43|14|63|115|101|40|69|20|32|18|29|20|72|58|49|101|87|52|38|14
0,1,8,8,35.67857142857143,467.2895408163264,1.6504958118856905,0.0195876401053523,14685|14722|14753|14729|14745|14777|14705|14709,37|68|44|60|92|20|24|31|7|23|55|17|13|24|8|24|48|44|16|48|24|20|32|40|36|72|68|4
0,1,8,8,43.642857142857146,942.5867346938775,1.4215184892910084,0.044396059273374755,14806|14768|14734|14675|14756|14747|14732|14724,38|72|131|50|59|74|82|34|93|12|21|36|44|59|22|13|2|10|81|72|57|49|9|24|32|15|23|8
0,1,8,8,31.642857142857142,565.5867346938777,1.3305343254752475,0.05988210802344085,14696|14712|14671|14768|14728|14715|14700|14710,16|25|72|32|19|4|14|41|56|16|3|12|2|97|57|44|29|39|40|53|68|58|13|28|18|15|5|10
0,1,8,8,34.142857142857146,642.2653061224489,1.347232743422117,0.056744224497673024,14763|14744|14746|14685|14766|14778|14719|14759,19|17|78|3|15|44|4|2|59|22|34|25|15|61|20|32|27|13|81|93|34|74|12|47|7|59|19|40
0,1,8,8,37,513.7142857142857,1.6324538126699195,0.020963606151374492,14782|14707|14755|14713|14704|14743|14777|14729,75|27|69|78|39|5|53|48|6|3|36|70|22|42|51|12|22|26|9|30|64|16|39|73|25|34|14|48
0,1,8,8,44.142857142857146,756.9795918367348,1.6044210595310011,0.023268619459361872,14747|14766|14711|14713|14790|14719|14765|14679,19|36|34|43|28|18|68|55|53|24|47|1|87|2|79|8|54|32|77|6|52|34|71|25|111|46|40|86
0,1,8,8,35.92857142857143,775.2806122448981,1.2903587989452643,0.06802462458057024,14765|14676|14736|14770|14750|14737|14779|14733,89|29|5|15|28|14|32|60|94|74|61|103|57|34|14|1|43|3|20|33|9|37|13|29|17|42|4|46
0,1,8,8,45,842.2857142857143,1.5505393642913734,0.028322140380462546,14717|14729|14821|14728|14736|14795|14774|14782,12|104|11|19|78|57|65|92|1|7|66|45|53|93|85|26|47|39|8|67|46|54|59|38|46|21|13|8
0,1,8,8,26.25,471.1875,1.2092954738919217,0.0872284506763572,14727|14728|14727|14765|14749|14793|14726|14738,1|0|38|22|66|1|11|1|37|21|65|2|10|38|22|66|1|11|16|28|39|27|44|23|11|67|55|12
0,1,8,8,18.892857142857142,245.0242346938776,1.2069606743867998,0.08784054952303233,14746|14758|14747|14749|14773|14756|14712|14744,12|1|3|27|10|34|2|11|9|15|2|46|14|2|26|9|35|3|24|7|37|5|17|61|29|44|12|32
0,1,8,8,34.535714285714285,702.6772959183675,1.3028381946295795,0.06540317816824759,14797|14720|14742|14756|14713|14710|14726|14705,77|55|41|84|87|71|92|22|36|7|10|6|15|14|29|32|16|37|43|46|30|51|3|13|8|16|5|21
0,1,8,8,35.857142857142854,547.2653061224489,1.5327690519406738,0.03018424639030437,14730|14747|14784|14771|14726|14689|14716|14731,17|54|41|4|41|14|1|37|24|21|58|31|16|13|58|95|68|53|45|82|55|40|37|10|5|27|42|15
0,1,8,8,47.785714285714285,1139.2397959183675,1.4157628378951341,0.04526405455327587,14797|14746|14717|14692|14736|14719|14729|14654,51|80|105|61|78|68|143|29|54|10|27|17|92|25|19|2|12|63|44|27|37|38|17|7|82|10|65|75
0,1,8,8,48.142857142857146,1160.979591836735,1.4129264918140163,0.04569703170712591,14777|14742|14793|14743|14660|14735|14772|14716,35|16|34|117|42|5|61|51|1|82|7|30|26|50|133|58|21|77|83|8|29|27|75|112|56|37|19|56
0,1,8,8,38.82142857142857,566.5752551020407,1.6309577517563945,0.021081396049037693,14736|14693|14784|14720|14750|14760|14789|14733,43|48|16|14|24|53|3|91|27|57|67|96|40|64|34|24|5|51|30|40|69|13|10|39|17|29|27|56
0,1,8,8,39.75,1082.7589285714287,1.2080119936369218,0.08756450475130295,14767|14780|14781|14756|14717|14674|14754|14766,13|14|11|50|93|13|1|1|24|63|106|26|14|25|64|107|27|15|39|82|2|10|43|37|49|80|92|12
0,1,8,8,32.857142857142854,471.6938775510203,1.5128632608287749,0.032394130894646045,14719|14675|14709|14745|14766|14721|14748|14731,44|10|26|47|2|29|12|34|70|91|46|73|56|36|57|12|39|22|21|24|3|14|45|18|35|27|10|17
0,1,8,8,28.071428571428573,442.70918367346934,1.3341518080389305,0.0591903874363191,14721|14733|14696|14778|14739|14731|14704|14732,12|25|57|18|10|17|11|37|45|6|2|29|1|82|43|35|8|36|39|47|74|46|8|35|7|27|1|28
0,1,8,8,23.928571428571427,380.56632653061223,1.2265961360617965,0.08279939293635996,14741|14770|14756|14734|14696|14744|14755|14744,29|15|7|45|3|14|3|14|36|74|26|15|26|22|60|12|1|12|38|10|21|10|48|59|48|11|0|11
0,1,8,8,20.75,177.11607142857142,1.5591543679495736,0.027455596398223037,14757|14716|14739|14734|14755|14755|14722|14717,41|18|23|2|2|35|40|23|18|39|39|6|1|5|16|16|17|22|21|21|12|17|0|33|38|33|38|5
0,1,8,8,31.928571428571427,405.56632653061223,1.585435370429558,0.024951973343984912,14721|14695|14759|14728|14766|14705|14758|14718,26|38|7|45|16|37|3|64|33|71|10|63|23|31|7|54|1|41|38|23|30|10|61|8|48|53|13|40
0,1,8,8,29.142857142857142,461.55102040816337,1.356507719918614,0.05506123893626502,14730|14710|14717|14734|14725|14775|14771|14710,20|13|4|5|45|41|20|7|24|15|65|61|0|17|8|58|54|7|9|41|37|24|50|46|15|4|65|61
0,1,8,8,27.107142857142858,752.0242346938775,0.9884798628620464,0.16213671301782884,14757|14735|14752|14822|14756|14739|14745|14761,22|5|65|1|18|12|4|17|87|21|4|10|26|70|4|13|7|9|66|83|77|61|17|11|5|6|22|16
0,1,8,8,44.92857142857143,837.423469387755,1.5525659087740913,0.028116207439661478,14770|14695|14690|14703|14784|14744|14753|14773,75|80|67|14|26|17|3|5|8|89|49|58|78|13|94|54|63|83|81|41|50|70|40|31|11|9|29|20
0,1,8,8,33.17857142857143,511.43239795918373,1.4671129975335293,0.03800391565085515,14766|14734|14729|14719|14726|14713|14682|14770,32|37|47|40|53|84|4|5|15|8|21|52|36|10|3|16|47|41|7|6|37|51|13|44|44|31|57|88
0,1,8,8,30.25,419.4732142857143,1.4769754004083409,0.03672932775103743,14750|14795|14715|14758|14744|14722|14759|14726,45|35|8|6|28|9|24|80|37|51|73|36|69|43|29|7|44|11|14|36|1|32|22|15|18|37|4|33
0,1,8,8,30.25,360.61607142857144,1.5929525522025276,0.02427325629388144,14745|14709|14750|14780|14747|14766|14709|14729,36|5|35|2|21|36|16|41|71|38|57|0|20|30|3|16|41|21|33|14|71|51|19|38|18|57|37|20
0,1,8,8,37.035714285714285,564.6058673469387,1.5586479459593525,0.027505894873529613,14806|14784|14719|14758|14753|14713|14757|14773,22|87|48|53|93|49|33|65|26|31|71|27|11|39|34|6|38|54|5|45|1|15|40|4|20|44|60|16
0,1,8,8,32.892857142857146,450.88137755102036,1.5490678827995938,0.028472482265585963,14732|14715|14768|14717|14739|14691|14734|14775,17|36|15|7|41|2|43|53|2|24|24|19|60|51|29|77|34|7|22|26|17|58|48|5|36|43|84|41
0,1,8,8,42.32142857142857,805.4323979591837,1.4912339127768703,0.03495108629408028,14756|14715|14715|14717|14757|14740|14807|14796,41|41|39|1|16|51|40|0|2|42|25|92|81|2|42|25|92|81|40|23|90|79|17|50|39|67|56|11
0,1,8,8,46.75,830.9732142857143,1.621765669441419,0.02181785267733849,14719|14681|14758|14714|14767|14705|14776|14789,38|39|5|48|14|57|70|77|33|86|24|95|108|44|9|53|18|31|53|9|62|75|62|9|22|71|84|13
0,1,8,8,43.57142857142857,986.1020408163265,1.3875251714954788,0.049732442376283714,14696|14706|14742|14747|14700|14802|14686|14733,10|46|51|4|106|10|37|36|41|6|96|20|27|5|42|60|56|9|47|55|61|14|102|14|33|116|69|47
0,1,8,8,22.285714285714285,283.20408163265313,1.3242708036297226,0.061095642454724874,14716|14732|14712|14737|14776|14730|14746|14737,16|4|21|60|14|30|21|20|5|44|2|14|5|25|64|18|34|25|39|7|9|0|46|30|39|16|7|9
0,1,8,8,52.67857142857143,1540.360969387755,1.342217003141457,0.05767204686236105,14721|14660|14740|14737|14823|14735|14710|14765,61|19|16|102|14|11|44|80|77|163|75|50|105|3|83|5|30|25|86|2|27|28|88|113|58|25|30|55
0,1,8,8,33,585.8571428571429,1.3633836302337892,0.05384061076338109,14782|14754|14749|14733|14763|14730|14761|14820,28|33|49|19|52|21|38|5|21|9|24|7|66|16|14|19|12|71|30|3|28|87|33|2|57|31|90|59
0,1,8,8,43.035714285714285,752.4630102040816,1.568868118899759,0.026506059641122626,14737|14723|14764|14786|14688|14679|14744|14746,14|27|49|49|58|7|9|41|63|35|44|21|23|22|76|85|20|18|98|107|42|40|9|56|58|65|67|2
0,1,8,8,39.857142857142854,753.1224489795917,1.4523569478636456,0.03998108597970984,14759|14733|14680|14769|14772|14704|14771|14732,26|79|10|13|55|12|27|53|36|39|29|38|1|89|92|24|91|52|3|65|2|37|68|1|40|67|28|39
0,1,8,8,34.714285714285715,482.20408163265313,1.580857749442232,0.025373281705245887,14731|14723|14746|14790|14704|14772|14742|14714,8|15|59|27|41|11|17|23|67|19|49|19|9|44|42|26|4|32|86|18|48|76|68|38|10|30|58|28
0,1,8,8,37.92857142857143,532.8520408163266,1.6430968712455454,0.02014207432030668,14718|14699|14728|14778|14768|14707|14747|14775,19|10|60|50|11|29|57|29|79|69|8|48|76|50|40|21|19|47|10|71|31|3|61|21|7|40|68|28
0,1,8,8,44.5,835.75,1.539294857035196,0.029488547692321454,14678|14752|14744|14769|14734|14790|14767|14698,74|66|91|56|112|89|20|8|17|18|38|15|54|25|10|46|23|46|35|21|2|71|56|33|36|23|92|69
0,1,8,8,55.357142857142854,1120.5867346938776,1.6536779222177718,0.019353320386538364,14725|14692|14738|14791|14771|14808|14822|14727,33|13|66|46|83|97|2|46|99|79|116|130|35|53|33|70|84|11|20|17|31|64|37|51|44|14|81|95
0,1,8,8,37,711,1.387608411142096,0.049718745542250975,14751|14668|14721|14779|14715|14740|14744|14730,83|30|28|36|11|7|21|53|111|47|72|76|62|58|6|19|23|9|64|39|35|49|25|29|15|4|10|14
0,1,8,8,38.035714285714285,688.3915816326531,1.4496855201888015,0.040348205855066155,14785|14702|14733|14708|14705|14741|14779|14718,83|52|77|80|44|6|67|31|6|3|39|77|16|25|28|8|46|15|3|33|71|10|36|74|13|38|23|61
0,1,8,8,37.32142857142857,953.9323979591838,1.2083686787547665,0.08747100913456474,14724|14678|14705|14687|14711|14677|14781|14690,46|19|37|13|47|57|34|27|9|33|1|103|12|18|6|28|76|15|24|10|94|3|34|70|21|104|13|91
0,1,8,8,35.82142857142857,649.0752551020407,1.406032551625987,0.046763981639109886,14809|14723|14733|14767|14740|14744|14797|14744,86|76|42|69|65|12|65|10|44|17|21|74|21|34|7|11|64|11|27|23|30|23|4|57|4|53|0|53
0,1,8,8,48.642857142857146,864.7295918367346,1.6541653358177304,0.01931764609913711,14703|14756|14734|14718|14754|14775|14672|14796,53|31|15|51|72|31|93|22|38|2|19|84|40|16|20|41|62|62|36|57|46|78|21|82|42|103|21|124
0,1,8,8,24.75,503.6875,1.1027945640969634,0.1188575276481556,14697|14756|14763|14773|14735|14756|14753|14760,59|66|76|38|59|56|63|7|17|21|0|3|4|10|28|7|10|3|38|17|20|13|21|18|25|3|4|7
0,1,8,8,29.107142857142858,378.1670918367346,1.4967791005758702,0.034279650321381805,14705|14701|14729|14758|14753|14734|14760|14763,4|24|53|48|29|55|58|28|57|52|33|59|62|29|24|5|31|34|5|24|2|5|19|7|10|26|29|3
0,1,8,8,34.107142857142854,486.38137755102025,1.5465247369996291,0.0287339375639597,14788|14736|14707|14704|14748|14739|14772|14745,52|81|84|40|49|16|43|29|32|12|3|36|9|3|41|32|65|38|44|35|68|41|9|24|3|33|6|27
0,1,8,8,37.25,627.5446428571429,1.4869760165372026,0.03547424333700766,14756|14732|14738|14677|14732|14775|14754|14699,24|18|79|24|19|2|57|6|55|0|43|22|33|61|6|37|16|39|55|98|77|22|43|22|33|21|76|55
0,1,8,8,36.035714285714285,593.1058673469389,1.4796773458413872,0.03638655747240849,14722|14743|14821|14772|14744|14749|14766|14786,21|99|50|22|27|44|64|78|29|1|6|23|43|49|77|72|55|35|28|23|6|14|5|22|42|17|37|20
0,1,8,8,32.57142857142857,429.3877551020409,1.5718531844482406,0.02622002179788252,14756|14760|14744|14766|14715|14689|14739|14711,4|12|10|41|67|17|45|16|6|45|71|21|49|22|29|55|5|33|51|77|27|55|26|24|4|50|22|28
0,1,8,8,44.892857142857146,811.4528061224489,1.5759615342845947,0.02583071232857881,14716|14775|14789|14743|14704|14725|14793|14702,59|73|27|12|9|77|14|14|32|71|50|18|73|46|85|64|4|87|39|18|50|41|21|89|2|68|23|91
0,1,8,8,33.32142857142857,419.6466836734693,1.62660354594847,0.02142750464983223,14710|14730|14799|14774|14737|14765|14757|14751,20|89|64|27|55|47|41|69|44|7|35|27|21|25|62|34|42|48|37|9|17|23|28|20|14|8|14|6
0,1,8,8,29.785714285714285,428.09693877551024,1.4395838243992058,0.04176237471254085,14725|14750|14730|14764|14753|14772|14761|14807,25|5|39|28|47|36|82|20|14|3|22|11|57|34|23|42|31|77|11|8|3|43|19|8|54|11|35|46
0,1,8,8,25.178571428571427,299.71811224489795,1.4543689411187488,0.039706463000630965,14734|14737|14774|14704|14731|14736|14719|14758,3|40|30|3|2|15|24|37|33|6|1|18|21|70|43|38|55|16|27|32|15|54|5|12|27|17|22|39
0,1,8,8,34.107142857142854,550.6670918367347,1.453452283151774,0.039831381223514484,14722|14729|14745|14716|14769|14711|14669|14706,7|23|6|47|11|53|16|16|13|40|18|60|23|29|24|34|76|39|53|5|47|10|58|100|63|42|5|37
0,1,8,8,45,991,1.429472110477041,0.04321974248741256,14749|14744|14769|14729|14781|14807|14676|14757,5|20|20|32|58|73|8|25|15|37|63|68|13|40|12|38|93|12|52|78|53|28|26|105|24|131|50|81
0,1,8,8,53.035714285714285,1211.4630102040815,1.5237486826695088,0.031169075929575962,14687|14688|14710|14699|14655|14753|14738|14797,1|23|12|32|66|51|110|22|11|33|65|50|109|11|55|43|28|87|44|54|39|98|98|83|142|15|44|59
0,1,8,8,31.964285714285715,448.5344387755103,1.5092705815502514,0.03280740579975516,14729|14773|14741|14788|14721|14746|14725|14708,44|12|59|8|17|4|21|32|15|52|27|48|65|47|20|5|16|33|67|42|63|80|25|4|13|21|38|17
0,1,8,8,31,507.57142857142856,1.3759831323951912,0.05166252997848586,14734|14749|14760|14728|14741|14725|14709|14798,15|26|6|7|9|25|64|11|21|8|24|40|49|32|19|35|51|38|13|3|19|70|16|32|57|16|73|89
0,1,8,8,21.464285714285715,248.67729591836738,1.3611261336472464,0.054238851901251994,14731|14739|14731|14708|14772|14728|14735|14753,8|0|23|41|3|4|22|8|31|33|11|4|14|23|41|3|4|22|64|20|27|45|44|37|19|7|25|18
0,1,8,8,32.07142857142857,397.1377551020409,1.6093396712530508,0.022848935915597668,14744|14752|14743|14775|14765|14703|14785|14725,8|1|31|21|41|41|19|9|23|13|49|33|27|32|22|40|42|18|10|72|10|50|62|20|40|82|22|60
0,1,8,8,42.82142857142857,861.7181122448982,1.4587421805682683,0.03911506393374564,14691|14779|14686|14783|14723|14731|14712|14708,88|5|92|32|40|21|17|93|4|56|48|67|71|97|37|45|26|22|60|52|71|75|8|11|15|19|23|4
0,1,8,8,32.857142857142854,475.12244897959187,1.507394827171807,0.03302496666785415,14755|14736|14682|14701|14726|14736|14768|14742,19|73|54|29|19|13|13|54|35|10|0|32|6|19|44|54|86|60|25|35|67|41|10|42|16|32|6|26
0,1,8,8,31.571428571428573,430.10204081632656,1.5223288646034223,0.03132657443959297,14753|14706|14745|14737|14730|14770|14754|14689,47|8|16|23|17|1|64|39|31|24|64|48|17|8|15|25|9|56|7|33|17|48|40|24|41|16|81|65
0,1,8,8,40.285714285714285,864.3469387755104,1.3702727437106816,0.05264037624029738,14768|14704|14746|14779|14668|14743|14736|14742,64|22|11|100|25|32|26|42|75|36|39|32|38|33|78|3|10|4|111|36|43|37|75|68|74|7|1|6
0,1,8,8,37.82142857142857,555.2181122448981,1.6051148628119751,0.02320901776688533,14696|14736|14736|14709|14792|14754|14730|14772,40|40|13|96|58|34|76|0|27|56|18|6|36|27|56|18|6|36|83|45|21|63|38|62|20|24|18|42
0,1,8,8,39.535714285714285,546.6058673469388,1.6910344101175072,0.01678040740186404,14780|14753|14733|14765|14716|14734|14794|14698,27|47|15|64|46|14|82|20|12|37|19|41|55|32|17|1|61|35|49|31|29|67|18|78|18|60|36|96
0,1,8,8,30.464285714285715,380.74872448979585,1.561247555039107,0.02724853929067761,14730|14687|14721|14742|14752|14694|14733|14758,43|9|12|22|36|3|28|34|55|65|7|46|71|21|31|27|12|37|10|48|9|16|58|19|6|39|64|25
0,1,8,8,40.107142857142854,761.952806122449,1.4529734832855064,0.039896762493785376,14749|14745|14709|14713|14744|14784|14672|14755,4|40|36|5|35|77|6|36|32|1|39|73|10|4|35|75|37|46|31|71|41|42|40|72|11|112|29|83
0,1,8,8,46.357142857142854,762.3010204081633,1.6790104941204445,0.017573691504200628,14781|14713|14678|14781|14755|14731|14742|14693,68|103|0|26|50|39|88|35|68|42|18|29|20|103|77|53|64|15|26|50|39|88|24|13|62|11|38|49
0,1,8,8,20.142857142857142,334.8367346938776,1.1007901216564255,0.11952932728728927,14714|14724|14695|14709|14707|14716|14711|14760,10|19|5|7|2|3|46|29|15|17|8|13|36|14|12|21|16|65|2|7|2|51|9|4|53|5|44|49
0,1,8,8,30.785714285714285,472.6683673469389,1.4160251441085208,0.04522418796333838,14753|14745|14742|14704|14772|14772|14793|14745,8|11|49|19|19|40|8|3|41|27|27|48|0|38|30|30|51|3|68|68|89|41|0|21|27|21|27|48
0,1,8,8,47.92857142857143,879.8520408163266,1.6158076562327515,0.022307071403763867,14731|14679|14756|14770|14805|14772|14707|14738,52|25|39|74|41|24|7|77|91|126|93|28|59|14|49|16|49|18|35|2|63|32|33|98|67|65|34|31
0,1,8,8,23.178571428571427,285.28954081632645,1.3722831806616242,0.052294359214090536,14712|14764|14706|14728|14726|14750|14714|14715,52|6|16|14|38|2|3|58|36|38|14|50|49|22|20|44|8|9|2|22|14|13|24|12|11|36|35|1
0,1,8,8,14.678571428571429,81.93239795918369,1.621645635884031,0.02182761584664883,14705|14709|14696|14728|14730|14726|14717|14710,4|9|23|25|21|12|5|13|19|21|17|8|1|32|34|30|21|14|2|2|11|18|4|13|20|9|16|7
0,1,8,8,50.42857142857143,1597.9591836734692,1.2615190826591387,0.07441424073229608,14724|14729|14729|14766|14827|14727|14753|14835,5|5|42|103|3|29|111|0|37|98|2|24|106|37|98|2|24|106|61|39|13|69|100|74|8|26|108|82
0,1,8,8,30.821428571428573,478.0038265306124,1.4097336869273562,0.046188593153661195,14740|14734|14772|14758|14777|14696|14742|14770,6|32|18|37|44|2|30|38|24|43|38|8|36|14|5|76|30|2|19|62|16|12|81|35|7|46|74|28
0,1,8,8,45.32142857142857,1102.5038265306123,1.3649399274763585,0.053567490834068865,14720|14688|14706|14811|14766|14709|14744|14717,32|14|91|46|11|24|3|18|123|78|21|56|29|105|60|3|38|11|45|102|67|94|57|22|49|35|8|27
0,1,8,8,43.57142857142857,810.5306122448981,1.5304427498521735,0.030435634601478023,14774|14697|14725|14789|14741|14697|14722|14689,77|49|15|33|77|52|85|28|92|44|0|25|8|64|16|28|3|36|48|92|67|100|44|19|52|25|8|33
0,1,8,8,35.464285714285715,689.9630102040817,1.3501384732835637,0.05621242194318965,14720|14673|14748|14763|14755|14759|14745|14708,47|28|43|35|39|25|12|75|90|82|86|72|35|15|7|11|3|40|8|4|18|55|4|10|47|14|51|37
0,1,8,8,36.285714285714285,658.0612244897958,1.4144986131355017,0.04545661337138007,14766|14724|14746|14771|14759|14684|14783|14741,42|20|5|7|82|17|25|22|47|35|40|59|17|25|13|62|37|5|12|87|12|30|75|24|18|99|57|42
0,1,8,8,54.607142857142854,1147.7385204081634,1.61186243946788,0.022636242050787292,14760|14736|14814|14738|14704|14688|14687|14782,24|54|22|56|72|73|22|78|2|32|48|49|46|76|110|126|127|32|34|50|51|44|16|17|78|1|94|95
0,1,8,8,43.32142857142857,650.9323979591836,1.697988817283543,0.01633608392994823,14788|14706|14686|14777|14740|14746|14720|14766,82|102|11|48|42|68|22|20|71|34|40|14|60|91|54|60|34|80|37|31|57|11|6|20|26|26|20|46
0,1,8,8,42.464285714285715,1074.177295918367,1.2956444495322608,0.06690394831180213,14788|14729|14735|14726|14657|14718|14738|14764,59|53|62|131|70|50|24|6|3|72|11|9|35|9|78|17|3|29|69|8|12|38|61|81|107|20|46|26
0,1,8,8,42.32142857142857,658.2895408163264,1.6494981832742899,0.019661610526361617,14764|14687|14740|14742|14715|14686|14780|14703,77|24|22|49|78|16|61|53|55|28|1|93|16|2|25|54|40|37|27|56|38|39|29|65|12|94|17|77
0,1,8,8,40.642857142857146,682.8724489795919,1.5553009424208981,0.02784032641691292,14723|14725|14669|14701|14748|14756|14738|14666,2|54|22|25|33|15|57|56|24|23|31|13|59|32|79|87|69|3|47|55|37|35|8|10|82|18|90|72
0,1,8,8,39.92857142857143,690.1377551020406,1.5199030230072175,0.03159724986125334,14715|14744|14779|14702|14667|14706|14745|14720,29|64|13|48|9|30|5|35|42|77|38|1|24|77|112|73|34|59|35|4|43|18|39|78|53|39|14|25
0,1,8,8,43.17857142857143,748.1466836734696,1.5786101538861723,0.02558238640004351,14755|14796|14763|14732|14752|14709|14724|14678,41|8|23|3|46|31|77|33|64|44|87|72|118|31|11|54|39|85|20|23|8|54|43|28|74|15|31|46
0,1,8,8,39.75,946.7589285714286,1.29186588055485,0.067703527313554,14724|14773|14778|14664|14751|14737|14732|14750,49|54|60|27|13|8|26|5|109|22|36|41|23|114|27|41|46|28|87|73|68|86|14|19|1|5|13|18
0,1,8,8,33.607142857142854,701.9528061224486,1.2684625066660962,0.07283272006848507,14687|14728|14763|14757|14764|14786|14765|14745,41|76|70|77|99|78|58|35|29|36|58|37|17|6|1|23|2|18|7|29|8|12|22|1|19|21|41|20
0,1,8,8,40.32142857142857,1031.5752551020407,1.2554096210071688,0.07582891260809266,14778|14764|14775|14748|14791|14677|14729|14769,14|3|30|13|101|49|9|11|16|27|87|35|5|27|16|98|46|6|43|71|19|21|114|62|22|52|92|40
0,1,8,8,38.464285714285715,701.8915816326529,1.4518530295934795,0.040050119076555646,14726|14727|14718|14717|14744|14771|14690|14794,1|8|9|18|45|36|68|9|10|17|44|37|67|1|26|53|28|76|27|54|27|77|27|54|50|81|23|104
0,1,8,8,52.464285714285715,1143.4630102040815,1.5515033024650278,0.028224025625505522,14795|14763|14731|14713|14724|14662|14752|14793,32|64|82|71|133|43|2|32|50|39|101|11|30|18|7|69|21|62|11|51|39|80|62|28|69|90|131|41
0,1,8,8,25.642857142857142,265.1581632653061,1.5747583211971046,0.025944208490307652,14761|14781|14737|14742|14753|14711|14763|14734,20|24|19|8|50|2|27|44|39|28|70|18|47|5|16|26|26|3|11|31|21|8|42|10|19|52|23|29
0,1,8,8,25,281.85714285714283,1.4891055629462833,0.0352117620365866,14735|14702|14745|14739|14770|14718|14716|14719,33|10|4|35|17|19|16|43|37|68|16|14|17|6|25|27|29|26|31|21|23|20|52|54|51|2|1|3
0,1,8,8,34.25,820.9017857142857,1.1954047457090302,0.09092127392795435,14731|14753|14669|14767|14768|14729|14749|14739,22|62|36|37|2|18|8|84|14|15|24|4|14|98|99|60|80|70|1|38|18|28|39|19|29|20|10|10
0,1,8,8,31.178571428571427,428.1466836734694,1.5068149489819185,0.03309247371803359,14742|14720|14747|14745|14782|14763|14698|14764,22|5|3|40|21|44|22|27|25|62|43|22|44|2|35|16|49|17|37|18|47|19|19|84|18|65|1|66
0,1,8,8,38.107142857142854,729.8099489795919,1.410592265902905,0.046055971387304995,14716|14807|14714|14741|14736|14704|14748|14763,91|2|25|20|12|32|47|93|66|71|103|59|44|27|22|10|34|49|5|37|7|22|32|12|27|44|59|15
0,1,8,8,32.107142857142854,722.2385204081631,1.1947068025807572,0.09111008832031375,14739|14681|14736|14685|14756|14742|14756|14740,58|3|54|17|3|17|1|55|4|75|61|75|59|51|20|6|20|4|71|57|71|55|14|0|16|14|2|16
0,1,8,8,30.321428571428573,345.4323979591836,1.631428801653399,0.02104424666443583,14783|14732|14779|14764|14712|14746|14733|14766,51|4|19|71|37|50|17|47|32|20|14|1|34|15|67|33|46|13|52|18|31|2|34|21|54|13|20|33
0,1,8,8,46.642857142857146,886.0153061224491,1.566983896482468,0.026687995932374697,14764|14788|14742|14709|14665|14701|14752|14741,24|22|55|99|63|12|23|46|79|123|87|36|47|33|77|41|10|1|44|8|43|32|36|87|76|51|40|11
0,1,8,8,24.285714285714285,343.7755102040816,1.3098254173453854,0.0639721769656676,14724|14706|14708|14757|14747|14753|14754|14753,18|16|33|23|29|30|29|2|51|41|47|48|47|49|39|45|46|45|10|4|3|4|6|7|6|1|0|1
0,1,8,8,44.67857142857143,911.7895408163264,1.4796260721401604,0.03639303661849391,14732|14700|14737|14731|14747|14694|14798|14794,32|5|1|15|38|66|62|37|31|47|6|98|94|6|10|43|61|57|16|37|67|63|53|51|47|104|100|4
0,1,8,8,40.785714285714285,866.6683673469389,1.3854204688860938,0.050079817835311236,14724|14779|14799|14780|14723|14802|14784|14719,55|75|56|1|78|60|5|20|1|56|23|5|60|19|76|3|15|80|57|22|4|61|79|61|4|18|83|65
0,1,8,8,28.035714285714285,290.24872448979585,1.645608285991655,0.01995236697939662,14783|14768|14784|14736|14740|14719|14745|14756,15|1|47|43|64|38|27|16|32|28|49|23|12|48|44|65|39|28|4|17|9|20|21|5|16|26|37|11
0,1,8,8,24.857142857142858,281.5510204081632,1.4814010748881,0.036169311622956446,14724|14748|14751|14767|14741|14709|14765|14767,24|27|43|17|15|41|43|3|19|7|39|17|19|16|10|42|14|16|26|58|2|0|32|24|26|56|58|2
0,1,8,8,33.57142857142857,433.5306122448979,1.6123522861191038,0.0225951433049445,14717|14689|14724|14730|14747|14768|14772|14753,28|7|13|30|51|55|36|35|41|58|79|83|64|6|23|44|48|29|17|38|42|23|21|25|6|4|15|19
0,1,8,8,28,306.7142857142857,1.5987885492890173,0.023757422253938287,14710|14730|14776|14750|14735|14737|14768|14772,20|66|40|25|27|58|62|46|20|5|7|38|42|26|41|39|8|4|15|13|18|22|2|33|37|31|35|4
0,1,8,8,41.57142857142857,771.8163265306122,1.4963664709395461,0.034329230927266696,14701|14803|14733|14711|14701|14759|14762|14734,102|32|10|0|58|61|33|70|92|102|44|41|69|22|32|26|29|1|10|48|51|23|58|61|33|3|25|28
0,1,8,8,29.321428571428573,535.3609693877553,1.2672484623804114,0.07310724438388316,14758|14774|14776|14712|14714|14757|14777|14763,16|18|46|44|1|19|5|2|62|60|17|3|11|64|62|19|1|13|2|45|65|51|43|63|49|20|6|14
0,1,8,8,37.357142857142854,870.5867346938776,1.2660988970875526,0.07336796824227587,14683|14695|14718|14796|14724|14736|14729|14733,12|35|113|41|53|46|50|23|101|29|41|34|38|78|6|18|11|15|72|60|67|63|12|5|9|7|3|4
0,1,8,8,29.035714285714285,387.1772959183673,1.4756303299089615,0.036900987120116024,14690|14768|14730|14724|14756|14722|14720|14709,78|40|34|66|32|30|19|38|44|12|46|48|59|6|26|8|10|21|32|2|4|15|34|36|47|2|13|11
0,1,8,8,29.785714285714285,408.23979591836735,1.474179440929085,0.03708691669757114,14766|14762|14713|14729|14728|14766|14714|14774,4|53|37|38|0|52|8|49|33|34|4|48|12|16|15|53|1|61|1|37|15|45|38|14|46|52|8|60
0,1,8,8,27.107142857142858,416.59566326530603,1.3280865309089787,0.06035395821872935,14738|14700|14747|14759|14759|14756|14702|14740,38|9|21|21|18|36|2|47|59|59|56|2|40|12|12|9|45|7|0|3|57|19|3|57|19|54|16|38
0,1,8,8,23.25,220.54464285714286,1.5655779671029144,0.02682445101139619,14740|14765|14734|14754|14720|14727|14735|14702,25|6|14|20|13|5|38|31|11|45|38|30|63|20|14|7|1|32|34|27|19|52|7|15|18|8|25|33
0,1,8,8,39.642857142857146,894.7295918367347,1.3253147969614003,0.06089196930439256,14776|14742|14759|14687|14810|14758|14745|14771,34|17|89|34|18|31|5|17|55|68|16|3|29|72|51|1|14|12|123|71|58|84|52|65|39|13|13|26
0,1,8,8,40.07142857142857,582.1377551020408,1.6608176141202315,0.01883647306155911,14777|14751|14723|14753|14766|14699|14684|14717,26|54|24|11|78|93|60|28|2|15|52|67|34|30|43|24|39|6|13|54|69|36|67|82|49|15|18|33
0,1,8,8,34.357142857142854,777.7295918367346,1.2319773654906359,0.08145953875526946,14738|14730|14746|14662|14711|14728|14769|14738,8|8|76|27|10|31|0|16|68|19|2|39|8|84|35|18|23|8|49|66|107|76|17|58|27|41|10|31
0,1,8,8,50.357142857142854,1008.1581632653061,1.5859764922006012,0.024902573000620265,14736|14715|14807|14746|14814|14730|14768|14696,21|71|10|78|6|32|40|92|31|99|15|53|19|61|7|77|39|111|68|16|22|50|84|46|118|38|34|72
0,1,8,8,39.42857142857143,619.6734693877552,1.5839066810034157,0.02509198992657069,14756|14790|14778|14752|14735|14772|14720|14825,34|22|4|21|16|36|69|12|38|55|18|70|35|26|43|6|58|47|17|20|32|73|37|15|90|52|53|105
0,1,8,8,37.535714285714285,545.0344387755102,1.6078025471587283,0.02297937987441223,14721|14699|14785|14732|14741|14742|14787|14770,22|64|11|20|21|66|49|86|33|42|43|88|71|53|44|43|2|15|9|10|55|38|1|46|29|45|28|17
0,1,8,8,37.285714285714285,682.2040816326531,1.4275302193728465,0.043504484754494754,14701|14734|14790|14753|14790|14730|14724|14724,33|89|52|89|29|23|23|56|19|56|4|10|10|37|0|60|66|66|37|23|29|29|60|66|66|6|6|0
0,1,8,8,37.42857142857143,721.9591836734695,1.3929865679435964,0.04884046744706505,14722|14722|14763|14727|14724|14782|14674|14750,0|41|5|2|60|48|28|41|5|2|60|48|28|36|39|19|89|13|3|55|53|23|58|50|26|108|32|76
0,1,8,8,39,539.4285714285714,1.6791814743287317,0.01756218448217073,14709|14690|14749|14725|14782|14777|14740|14758,19|40|16|73|68|31|49|59|35|92|87|50|68|24|33|28|9|9|57|52|15|33|5|42|24|37|19|18
0,1,8,8,26.964285714285715,310.6058673469388,1.5299741481443743,0.030486490370271735,14694|14762|14719|14742|14755|14723|14715|14717,68|25|48|61|29|21|23|43|20|7|39|47|45|23|36|4|4|2|13|19|27|25|32|40|38|8|6|2
0,1,8,8,26.785714285714285,423.09693877551024,1.3022167897609453,0.06553171162749005,14799|14745|14759|14763|14743|14797|14740|14746,54|40|36|56|2|59|53|14|18|2|52|5|1|4|16|38|19|13|20|34|23|17|54|3|3|57|51|6
0,1,8,8,31.321428571428573,960.3609693877552,1.010704760726667,0.15290307434427897,14713|14714|14714|14714|14709|14786|14769|14704,1|1|1|4|73|56|9|0|0|5|72|55|10|0|5|72|55|10|5|72|55|10|77|60|5|17|82|65
0,1,8,8,31.5,366.60714285714283,1.6451673905154431,0.01998555804965374,14752|14708|14752|14774|14721|14738|14717|14778,44|0|22|31|14|35|26|44|66|13|30|9|70|22|31|14|35|26|53|36|57|4|17|4|57|21|40|61
0,1,8,8,57.642857142857146,1310.4438775510205,1.5923417641254052,0.024327799938338,14768|14685|14715|14676|14774|14680|14728|14802,83|53|92|6|88|40|34|30|9|89|5|43|117|39|59|35|13|87|98|4|52|126|94|46|28|48|122|74
0,1,8,8,20.428571428571427,360.38775510204084,1.0761008741477378,0.1280501123738187,14684|14726|14728|14753|14731|14733|14739|14726,42|44|69|47|49|55|42|2|27|5|7|13|0|25|3|5|11|2|22|20|14|27|2|8|5|6|7|13
0,1,8,8,30.642857142857142,351.72959183673476,1.6338974781982745,0.020850485692013532,14746|14696|14776|14716|14734|14717|14757|14740,50|30|30|12|29|11|6|80|20|38|21|61|44|60|42|59|19|36|18|1|41|24|17|23|6|40|23|17
0,1,8,8,25.785714285714285,261.9540816326531,1.5931863665102275,0.02425240464700318,14711|14748|14732|14700|14754|14719|14710|14754,37|21|11|43|8|1|43|16|48|6|29|38|6|32|22|13|22|22|54|19|10|54|35|44|0|9|35|44
0,1,8,8,45.75,730.3303571428571,1.6929004556562395,0.016660154515420356,14761|14695|14801|14773|14718|14783|14737|14713,66|40|12|43|22|24|48|106|78|23|88|42|18|28|83|18|64|88|55|10|36|60|65|19|5|46|70|24
0,1,8,8,30.857142857142858,732.9795918367346,1.139750443080636,0.10699446045171301,14762|14753|14745|14713|14764|14760|14682|14753,9|17|49|2|2|80|9|8|40|11|7|71|0|32|19|15|63|8|51|47|31|40|4|82|11|78|7|71
0,1,8,8,49.892857142857146,942.9528061224488,1.6247756287872859,0.02157427098913489,14767|14810|14803|14714|14749|14802|14738|14704,43|36|53|18|35|29|63|7|96|61|8|72|106|89|54|1|65|99|35|88|24|10|53|11|45|64|98|34
0,1,8,8,31.214285714285715,403.23979591836735,1.5544319282615473,0.027927729222082753,14736|14761|14719|14780|14725|14773|14771|14717,25|17|44|11|37|35|19|42|19|36|12|10|44|61|6|54|52|2|55|7|9|63|48|46|8|2|56|54
0,1,8,8,34.92857142857143,480.4234693877552,1.593561085690634,0.024219019434208455,14698|14761|14792|14751|14735|14714|14745|14726,63|94|53|37|16|47|28|31|10|26|47|16|35|41|57|78|47|66|16|37|6|25|21|10|9|31|12|19
0,1,8,8,56.5,1322.607142857143,1.5535778328893053,0.02801386193745614,14673|14727|14689|14809|14760|14738|14667|14721,54|16|136|87|65|6|48|38|82|33|11|60|6|120|71|49|22|32|49|71|142|88|22|93|39|71|17|54
0,1,8,8,31.071428571428573,354.4234693877552,1.6504409287616957,0.019591703155646956,14696|14749|14746|14707|14697|14765|14728|14718,53|50|11|1|69|32|22|3|42|52|16|21|31|39|49|19|18|28|10|58|21|11|68|31|21|37|47|10
0,1,8,8,37.07142857142857,1126.2806122448978,1.1046279251350695,0.11824566188872154,14729|14756|14741|14767|14722|14727|14729|14649,27|12|38|7|2|0|80|15|11|34|29|27|107|26|19|14|12|92|45|40|38|118|5|7|73|2|78|80
0,1,8,8,21.071428571428573,176.5663265306122,1.585769423093542,0.02492146683786478,14748|14709|14746|14765|14722|14740|14738|14724,39|2|17|26|8|10|24|37|56|13|31|29|15|19|24|6|8|22|43|25|27|41|18|16|2|2|16|14
0,1,8,8,32.92857142857143,575.1377551020408,1.373051891453702,0.052162559732024105,14729|14759|14731|14735|14729|14770|14800|14711,30|2|6|0|41|71|18|28|24|30|11|41|48|4|2|39|69|20|6|35|65|24|41|71|18|30|59|89
0,1,8,8,46.42857142857143,919.2448979591837,1.5313332302795437,0.030339194555735194,14696|14765|14763|14810|14727|14696|14737|14714,69|67|114|31|0|41|18|2|45|38|69|28|51|47|36|67|26|49|83|114|73|96|31|10|13|41|18|23
0,1,8,8,43.07142857142857,1016.7091836734695,1.3507995374184136,0.0560920161312195,14764|14702|14735|14722|14649|14755|14723|14760,62|29|42|115|9|41|4|33|20|53|53|21|58|13|86|20|12|25|73|33|1|38|106|74|111|32|5|37
0,1,8,8,33.857142857142854,422.83673469387764,1.646508400416035,0.019884754795252757,14756|14683|14769|14722|14743|14725|14706|14712,73|13|34|13|31|50|44|86|39|60|42|23|29|47|26|44|63|57|21|3|16|10|18|37|31|19|13|6
0,1,8,8,37.67857142857143,584.5752551020408,1.5583830445361375,0.02753223686925166,14693|14770|14720|14737|14774|14776|14712|14723,77|27|44|81|83|19|30|50|33|4|6|58|47|17|54|56|8|3|37|39|25|14|2|62|51|64|53|11
0,1,8,8,10.142857142857142,72.97959183673471,1.1872976102109054,0.0931339930579087,14753|14756|14752|14749|14734|14753|14750|14731,3|1|4|19|0|3|22|4|7|22|3|6|25|3|18|1|2|21|15|4|1|18|19|16|3|3|22|19
0,1,8,8,55.464285714285715,1449.9630102040812,1.4565820806226237,0.039406235529578115,14780|14766|14746|14770|14670|14788|14720|14669,14|34|10|110|8|60|111|20|4|96|22|46|97|24|76|42|26|77|100|18|50|101|118|50|1|68|119|51
0,1,8,8,28.285714285714285,405.48979591836735,1.404679309291191,0.046975860773183165,14736|14688|14731|14732|14749|14708|14733|14681,48|5|4|13|28|3|55|43|44|61|20|45|7|1|18|23|2|50|17|24|1|51|41|16|68|25|27|52
0,1,8,8,15.5,118.46428571428571,1.4240917748437318,0.04401255618800737,14727|14731|14710|14737|14739|14726|14724|14756,4|17|10|12|1|3|29|21|6|8|5|7|25|27|29|16|14|46|2|11|13|19|13|15|17|2|30|32
0,1,8,8,32.42857142857143,404.2448979591836,1.6128929497040931,0.022549856264515444,14761|14786|14725|14740|14718|14781|14759|14720,25|36|21|43|20|2|41|61|46|68|5|27|66|15|7|56|34|5|22|41|19|20|63|41|2|22|61|39
0,1,8,8,37.392857142857146,545.1670918367347,1.601488535748464,0.023522010317107878,14742|14696|14706|14737|14771|14717|14727|14669,46|36|5|29|25|15|73|10|41|75|21|31|27|31|65|11|21|37|34|20|10|68|54|44|102|10|48|58
0,1,8,8,34.392857142857146,502.2385204081633,1.5346637905192118,0.029980814897800023,14732|14706|14760|14722|14789|14745|14731|14700,26|28|10|57|13|1|32|54|16|83|39|25|6|38|29|15|29|60|67|23|9|22|44|58|89|14|45|31
0,1,8,8,35.857142857142854,760.9795918367347,1.2998378424437362,0.06602570724574841,14773|14756|14730|14723|14749|14666|14742|14723,17|43|50|24|107|31|50|26|33|7|90|14|33|7|19|64|12|7|26|57|19|0|83|7|26|76|57|19
0,1,8,8,35.5,667.1785714285714,1.374381524822047,0.05193524302824337,14759|14762|14724|14762|14753|14716|14717|14675,3|35|3|6|43|42|84|38|0|9|46|45|87|38|29|8|7|49|9|46|45|87|37|36|78|1|41|42
0,1,8,8,47.357142857142854,857.1581632653063,1.617539928655876,0.022163858638545086,14769|14769|14715|14695|14798|14731|14702|14783,0|54|74|29|38|67|14|54|74|29|38|67|14|20|83|16|13|68|103|36|7|88|67|96|15|29|52|81
0,1,8,8,19.071428571428573,142.56632653061223,1.5972568009540056,0.023891882043362234,14758|14746|14753|14744|14734|14714|14734|14717,12|5|14|24|44|24|41|7|2|12|32|12|29|9|19|39|19|36|10|30|10|27|20|0|17|20|3|17
0,1,8,8,20.785714285714285,185.09693877551018,1.5277958823090525,0.030723849588709884,14775|14756|14762|14733|14763|14720|14751|14748,19|13|42|12|55|24|27|6|23|7|36|5|8|29|1|42|11|14|30|13|18|15|43|12|15|31|28|3
0,1,8,8,35.357142857142854,485.87244897959187,1.6040430745733696,0.02330114642619696,14724|14771|14747|14702|14705|14698|14765|14752,47|23|22|19|26|41|28|24|69|66|73|6|19|45|42|49|18|5|3|4|63|50|7|60|47|67|54|13
0,1,8,8,18.785714285714285,143.66836734693877,1.5672819594792926,0.026659144022616488,14762|14727|14757|14750|14779|14740|14760|14745,35|5|12|17|22|2|17|30|23|52|13|33|18|7|22|17|3|12|29|10|10|5|39|19|34|20|5|15
0,1,8,8,37.714285714285715,530.6326530612246,1.6372270117454462,0.020591621877796396,14676|14694|14719|14753|14734|14711|14774|14725,18|43|77|58|35|98|49|25|59|40|17|80|31|34|15|8|55|6|19|42|21|28|23|40|9|63|14|49
0,1,8,8,27.392857142857142,384.73852040816337,1.39654359508133,0.04826677342250019,14735|14783|14746|14728|14701|14744|14747|14721,48|11|7|34|9|12|14|37|55|82|39|36|62|18|45|2|1|25|27|16|19|7|43|46|20|3|23|26
0,1,8,8,52.857142857142854,1847.1224489795916,1.2298604645694284,0.08198450438797034,14736|14737|14716|14827|14730|14717|14666|14681,1|20|91|6|19|70|55|21|90|7|20|71|56|111|14|1|50|35|97|110|161|146|13|64|49|51|36|15
0,1,8,8,43.714285714285715,1055.9183673469388,1.3452661494128542,0.05710651817048662,14718|14713|14824|14708|14726|14759|14766|14750,5|106|10|8|41|48|32|111|5|13|46|53|37|116|98|65|58|74|18|51|58|42|33|40|24|7|9|16
0,1,8,8,32.464285714285715,403.74872448979585,1.615661105746109,0.02231922405751141,14724|14706|14775|14790|14753|14765|14745|14747,18|51|66|29|41|21|23|69|84|47|59|39|41|15|22|10|30|28|37|25|45|43|12|8|6|20|18|2
0,1,8,8,26.821428571428573,405.4323979591836,1.3320566059314654,0.05959021090411598,14795|14773|14758|14758|14713|14766|14747|14771,22|37|37|82|29|48|24|15|15|60|7|26|2|0|45|8|11|13|45|8|11|13|53|34|58|19|5|24
0,1,8,8,40.07142857142857,666.7091836734693,1.551910269013219,0.028182690420559098,14782|14735|14730|14693|14746|14770|14800|14738,47|52|89|36|12|18|44|5|42|11|35|65|3|37|16|40|70|8|53|77|107|45|24|54|8|30|32|62
0,1,8,8,15.5,104.32142857142857,1.5175567310792109,0.03186095492555818,14722|14709|14713|14703|14731|14710|14721|14743,13|9|19|9|12|1|21|4|6|22|1|12|34|10|18|3|8|30|28|7|18|40|21|10|12|11|33|22
0,1,8,8,38.892857142857146,526.7385204081631,1.69461992585883,0.01655001789742805,14740|14659|14679|14728|14698|14707|14753|14689,81|61|12|42|33|13|51|20|69|39|48|94|30|49|19|28|74|10|30|21|25|39|9|55|9|46|18|64
0,1,8,8,22.357142857142858,343.58673469387753,1.2061410757006723,0.08805623796440765,14756|14764|14752|14734|14741|14742|14739|14696,8|4|22|15|14|17|60|12|30|23|22|25|68|18|11|10|13|56|7|8|5|38|1|2|45|3|46|43
0,1,8,8,35.464285714285715,1332.2487244897954,0.9716247312668095,0.16941545391035695,14763|14742|14764|14742|14743|14742|14658|14775,21|1|21|20|21|105|12|22|0|1|0|84|33|22|21|22|106|11|1|0|84|33|1|85|32|84|33|117
0,1,8,8,52.285714285714285,1131.2040816326532,1.554578165559879,0.02791300458531465,14783|14750|14743|14779|14690|14710|14827|14780,33|40|4|93|73|44|3|7|29|60|40|77|30|36|53|33|84|37|89|69|48|1|20|137|90|117|70|47
0,1,8,8,43.142857142857146,790.5510204081631,1.5344189421563705,0.03000703692986817,14811|14695|14755|14740|14735|14757|14707|14770,116|56|71|76|54|104|41|60|45|40|62|12|75|15|20|2|48|15|5|17|33|30|22|28|35|50|13|63
0,1,8,8,38.642857142857146,723.1581632653061,1.4369861519357425,0.04213274021973423,14771|14733|14751|14683|14778|14729|14785|14760,38|20|88|7|42|14|11|18|50|45|4|52|27|68|27|22|34|9|95|46|102|77|49|7|18|56|31|25
0,1,8,8,22.892857142857142,447.5956632653061,1.0820742521541473,0.12594646810978283,14761|14711|14792|14752|14752|14759|14760|14754,50|31|9|9|2|1|7|81|41|41|48|49|43|40|40|33|32|38|0|7|8|2|7|8|2|1|5|6
0,1,8,8,29.357142857142858,465.5867346938773,1.360546806117937,0.054341445479572315,14737|14801|14736|14750|14712|14760|14750|14762,64|1|13|25|23|13|25|65|51|89|41|51|39|14|24|24|14|26|38|10|0|12|48|38|50|10|2|12
0,1,8,8,22.142857142857142,215.9795918367347,1.5067017757182313,0.033105662653083456,14734|14720|14688|14697|14699|14732|14701|14733,14|46|37|35|2|33|1|32|23|21|12|19|13|9|11|44|13|45|2|35|4|36|33|2|34|31|1|32
0,1,8,8,20.214285714285715,194.09693877551015,1.4509386744758064,0.04017563719836392,14757|14741|14728|14717|14698|14725|14719|14729,16|29|40|59|32|38|28|13|24|43|16|22|12|11|30|3|9|1|19|8|2|12|27|21|31|6|4|10
0,1,8,8,27.392857142857142,330.45280612244903,1.5068936769087826,0.03308330161081785,14721|14743|14742|14764|14752|14774|14702|14755,22|21|43|31|53|19|34|1|21|9|31|41|12|22|10|32|40|13|12|10|62|9|22|50|3|72|19|53
0,1,8,8,33.5,487.32142857142856,1.5175291869589398,0.03186406184320112,14733|14759|14689|14739|14701|14755|14740|14690,26|44|6|32|22|7|43|70|20|58|4|19|69|50|12|66|51|1|38|16|1|49|54|39|11|15|65|50
0,1,8,8,31.5,744.8928571428571,1.1541537018993604,0.10263316698829383,14773|14688|14777|14766|14777|14742|14751|14750,85|4|7|4|31|22|23|89|78|89|54|63|62|11|0|35|26|27|11|24|15|16|35|26|27|9|8|1
0,1,8,8,22.785714285714285,303.6683673469388,1.3075637443788373,0.0644325162156596,14759|14750|14726|14744|14727|14747|14741|14790,9|33|15|32|12|18|31|24|6|23|3|9|40|18|1|21|15|64|17|3|3|46|20|14|63|6|43|49
0,1,8,8,16.142857142857142,397.6938775510204,0.8094796792103859,0.2523015979374721,14728|14780|14729|14725|14733|14726|14731|14736,52|1|3|5|2|3|8|51|55|47|54|49|44|4|4|3|2|7|8|1|6|11|7|2|3|5|10|5
0,1,8,8,31.785714285714285,569.6683673469388,1.3317445342652061,0.05964995423019781,14744|14690|14755|14753|14729|14754|14696|14763,54|11|9|15|10|48|19|65|63|39|64|6|73|2|26|1|59|8|24|1|57|10|25|33|34|58|9|67
0,1,8,8,45.357142857142854,1114.1581632653058,1.358852339090045,0.05464244974611354,14745|14681|14666|14755|14732|14778|14763|14752,64|79|10|13|33|18|7|15|74|51|97|82|71|89|66|112|97|86|23|23|8|3|46|31|20|15|26|11
0,1,8,8,29.714285714285715,539.9183673469389,1.2787959259631905,0.07053007980110548,14694|14707|14715|14782|14725|14742|14726|14717,13|21|88|31|48|32|23|8|75|18|35|19|10|67|10|27|11|2|57|40|56|65|17|1|8|16|25|9
0,1,8,8,36.464285714285715,576.0344387755102,1.519299819654825,0.03166486585819017,14726|14780|14726|14765|14768|14788|14714|14792,54|0|39|42|62|12|66|54|15|12|8|66|12|39|42|62|12|66|3|23|51|27|20|54|24|74|4|78
0,1,8,8,38.42857142857143,607.8163265306123,1.5587198254362793,0.027498750875672773,14755|14697|14720|14718|14741|14770|14794|14717,58|35|37|14|15|39|38|23|21|44|73|97|20|2|21|50|74|3|23|52|76|1|29|53|24|24|53|77
0,1,8,8,39.82142857142857,621.6466836734693,1.5971474979888125,0.023901502047017464,14712|14771|14724|14682|14736|14750|14734|14672,59|12|30|24|38|22|40|47|89|35|21|37|99|42|12|26|10|52|54|68|52|10|14|2|64|16|78|62
0,1,8,8,58.857142857142854,1186.5510204081634,1.7086612385182305,0.01567431273528741,14736|14761|14709|14661|14796|14681|14779|14699,25|27|75|60|55|43|37|52|100|35|80|18|62|48|87|28|70|10|135|20|118|38|115|17|97|98|18|80
0,1,8,8,38.857142857142854,553.4081632653061,1.6517643308679544,0.01949393531287913,14713|14741|14698|14741|14731|14761|14781|14684,28|15|28|18|48|68|29|43|0|10|20|40|57|43|33|63|83|14|10|20|40|57|30|50|47|20|77|97
0,1,8,8,25.964285714285715,371.82015306122446,1.346511034829179,0.056876957701379904,14748|14787|14756|14707|14736|14744|14732|14735,39|8|41|12|4|16|13|31|80|51|43|55|52|49|20|12|24|21|29|37|25|28|8|4|1|12|9|3
0,1,8,8,25.035714285714285,270.6058673469388,1.5219184508430381,0.03137222810733098,14738|14758|14752|14749|14745|14712|14782|14725,20|14|11|7|26|44|13|6|9|13|46|24|33|3|7|40|30|27|4|37|33|24|33|37|20|70|13|57
0,1,8,8,26.392857142857142,309.3813775510204,1.500511480618964,0.033833949892515536,14697|14723|14726|14735|14751|14752|14767|14754,26|29|38|54|55|70|57|3|12|28|29|44|31|9|25|26|41|28|16|17|32|19|1|16|3|15|2|13
0,1,8,8,36,590.1428571428571,1.4819171472698969,0.03610448520212417,14792|14738|14734|14706|14692|14751|14756|14745,54|58|86|100|41|36|47|4|32|46|13|18|7|28|42|17|22|11|14|45|50|39|59|64|53|5|6|11
0,1,8,8,43.57142857142857,1197.9591836734694,1.258869723704819,0.07502504041023017,14764|14835|14765|14727|14719|14741|14710|14745,71|1|37|45|23|54|19|70|108|116|94|125|90|38|46|24|55|20|8|14|17|18|22|9|26|31|4|35
0,1,8,8,32.07142857142857,449.70918367346945,1.512350405314263,0.03245285167282819,14764|14689|14736|14748|14717|14698|14749|14751,75|28|16|47|66|15|13|47|59|28|9|60|62|12|19|38|13|15|31|50|1|3|19|32|34|51|53|2
0,1,8,8,65.53571428571429,1850.4630102040817,1.5234837741982576,0.031198410198993054,14697|14784|14788|14699|14695|14747|14796|14843,87|91|2|2|50|99|146|4|85|89|37|12|59|89|93|41|8|55|4|48|97|144|52|101|148|49|96|47
0,1,8,8,41.107142857142854,1063.8813775510203,1.260290576109465,0.07469696116054259,14763|14663|14765|14779|14733|14766|14740|14722,100|2|16|30|3|23|41|102|116|70|103|77|59|14|32|1|25|43|46|13|39|57|33|7|11|26|44|18
0,1,8,8,30.714285714285715,387.9183673469388,1.5594456679364597,0.027426700077083366,14744|14752|14742|14767|14715|14737|14697|14776,8|2|23|29|7|47|32|10|15|37|15|55|24|25|27|5|45|34|52|30|70|9|22|18|61|40|39|79
0,1,8,8,32.42857142857143,417.53061224489795,1.5870245902940374,0.024807130395545496,14731|14702|14761|14736|14778|14703|14738|14759,29|30|5|47|28|7|28|59|34|76|1|36|57|25|17|58|23|2|42|33|2|23|75|40|19|35|56|21
0,1,8,8,42.82142857142857,717.1466836734695,1.5990319983769519,0.02373611240080553,14713|14792|14772|14734|14742|14774|14731|14683,79|59|21|29|61|18|30|20|58|50|18|61|109|38|30|2|41|89|8|40|3|51|32|11|59|43|91|48
0,1,8,8,32.107142857142854,387.0956632653061,1.6318961111056773,0.02100744864689741,14764|14725|14766|14738|14734|14754|14790|14800,39|2|26|30|10|26|36|41|13|9|29|65|75|28|32|12|24|34|4|16|52|62|20|56|66|36|46|10
0,1,8,8,32,492,1.4426714154678917,0.04132574683937307,14720|14713|14726|14787|14779|14729|14752|14734,7|6|67|59|9|32|14|13|74|66|16|39|21|61|53|3|26|8|8|58|35|53|50|27|45|23|5|18
0,1,8,8,37.07142857142857,663.4234693877552,1.4392754135189136,0.04180620199392293,14707|14745|14735|14746|14713|14740|14670|14776,38|28|39|6|33|37|69|10|1|32|5|75|31|11|22|5|65|41|33|6|76|30|27|43|63|70|36|106
0,1,8,8,33.32142857142857,423.64668367346945,1.6189062766383628,0.0220514628498778,14745|14770|14726|14751|14715|14707|14711|14780,25|19|6|30|38|34|35|44|19|55|63|59|10|25|11|19|15|54|36|44|40|29|8|4|65|4|73|69
0,1,8,8,27.535714285714285,341.17729591836735,1.4907550366472524,0.035009593917673554,14715|14769|14733|14772|14754|14717|14729|14718,54|18|57|39|2|14|3|36|3|15|52|40|51|39|21|16|4|15|18|55|43|54|37|25|36|12|1|11
0,1,8,8,44.214285714285715,894.2397959183673,1.478548642130197,0.03652941247551844,14687|14712|14762|14719|14724|14759|14803|14706,25|75|32|37|72|116|19|50|7|12|47|91|6|43|38|3|41|56|5|40|84|13|35|79|18|44|53|97
0,1,8,8,33.785714285714285,793.3826530612247,1.1994765304340533,0.08982599945423408,14731|14733|14735|14719|14747|14779|14740|14668,2|4|12|16|48|9|63|2|14|14|46|7|65|16|12|44|5|67|28|60|21|51|32|7|79|39|111|72
0,1,8,8,28.607142857142858,410.45280612244903,1.4120265742142506,0.04583513409768836,14742|14742|14758|14715|14742|14761|14721|14794,0|16|27|0|19|21|52|16|27|0|19|21|52|43|16|3|37|36|27|46|6|79|19|21|52|40|33|73
0,1,8,8,27.714285714285715,310.77551020408157,1.5721004639217526,0.026196446846000754,14788|14731|14759|14739|14712|14749|14740|14766,57|29|49|76|39|48|22|28|8|19|18|9|35|20|47|10|19|7|27|10|1|27|37|28|54|9|17|26
0,1,8,8,36.17857142857143,639.9323979591837,1.4301591371215727,0.043119380660650464,14772|14776|14714|14741|14748|14757|14681|14740,4|58|31|24|15|91|32|62|35|28|19|95|36|27|34|43|33|26|7|16|60|1|9|67|8|76|17|59
0,1,8,8,17.678571428571427,134.5752551020408,1.5239283966948731,0.031149189026081103,14728|14709|14756|14745|14728|14737|14742|14750,19|28|17|0|9|14|22|47|36|19|28|33|41|11|28|19|14|6|17|8|3|5|9|14|22|5|13|8
0,1,8,8,43.25,996.5446428571429,1.3700541494778267,0.05267811366482178,14783|14678|14728|14729|14783|14726|14721|14781,105|55|54|0|57|62|2|50|51|105|48|43|103|1|55|2|7|53|54|3|8|52|57|62|2|5|55|60
0,1,8,8,41.57142857142857,856.8163265306122,1.4202051471745114,0.04459287427824754,14728|14726|14819|14778|14752|14759|14711|14721,2|91|50|24|31|17|7|93|52|26|33|15|5|41|67|60|108|98|26|19|67|57|7|41|31|48|38|10
0,1,8,8,38.25,597.7589285714286,1.564474193080235,0.026932001593225063,14720|14728|14770|14738|14792|14713|14743|14691,8|50|18|72|7|23|29|42|10|64|15|15|37|32|22|57|27|79|54|25|5|47|79|49|101|30|22|52
0,1,8,8,38.32142857142857,789.1466836734692,1.3641521842646094,0.05370558964505601,14776|14767|14769|14779|14699|14752|14694|14743,9|7|3|77|24|82|33|2|12|68|15|73|24|10|70|17|75|26|80|27|85|36|53|5|44|58|9|49
0,1,8,8,36.785714285714285,554.0969387755101,1.5627385226264314,0.027101876481793852,14767|14694|14732|14689|14769|14719|14728|14700,73|35|78|2|48|39|67|38|5|75|25|34|6|43|37|13|4|32|80|30|39|11|50|41|69|9|19|28
0,1,8,8,34.92857142857143,472.4234693877551,1.6069970928937394,0.023047990534794227,14733|14761|14737|14790|14763|14710|14708|14768,28|4|57|30|23|25|35|24|29|2|51|53|7|53|26|27|29|31|27|80|82|22|53|55|5|2|58|60
0,1,8,8,34.464285714285715,597.0344387755102,1.4104886323240224,0.046071962274588873,14800|14746|14712|14740|14734|14737|14714|14776,54|88|60|66|63|86|24|34|6|12|9|32|30|28|22|25|2|64|6|3|26|36|3|20|42|23|39|62
