thread_id,sample_idx,n,f,use_periodicity,strategy_count,start_idx,log_up,log_down,sigma_step,steps,z_max,p_single,p_combined,log_wealths,z_values
0,1,1048576,0.1,false,4,8,0.09531017980432493,-0.10536051565782628,0.10046110847988839,1048568,52.55365687286818,0,0,-5132.172197625704|-5406.288367627461|-5114.513176424982|-4959.194058137564,-49.88901781516673|-52.55365687286818|-49.717357319501986|-48.20752523263986
0,1,1048576,0.1,false,4,8,0.09531017980432493,-0.10536051565782628,0.10046110847988839,1048568,51.30521690440053,0,0,-5277.8591225316295|-5260.601442721604|-5136.98829431719|-4992.30472288839,-51.30521690440053|-51.137457783635035|-49.935834313988074|-48.52938866200612
0,1,1048576,0.1,false,4,8,0.09531017980432493,-0.10536051565782628,0.10046110847988839,1048568,51.927486201184024,0,0,-5341.873074384124|-5196.587490869177|-5122.740674939188|-5309.966433805219,-51.927486201184024|-50.5151884868522|-49.79733550498442|-51.61732689651386
0,1,1048576,0.1,false,4,8,0.09531017980432493,-0.10536051565782628,0.10046110847988839,1048568,51.394948527131234,0,0,-5251.370590730518|-5287.089974522593|-5103.676958870189|-5152.239267172093,-51.047726160903146|-51.394948527131234|-49.61202019716416|-50.0840865602414
0,1,1048576,0.1,false,4,8,0.09531017980432493,-0.10536051565782628,0.10046110847988839,1048568,54.363894827143625,0,0,-5450.837262019864|-5087.623303233147|-5042.071055363095|-5592.510773016145,-52.98670948692832|-49.455965201105094|-49.01315914978802|-54.363894827143625
0,1,1048576,0.1,false,4,8,0.09531017980432493,-0.10536051565782628,0.10046110847988839,1048568,51.24669628087365,0,0,-5266.62156358597|-5271.839001667252|-5197.590844346709|-5111.302445297981,-51.1959784071618|-51.24669628087365|-50.524941924108|-49.686146320294135
0,1,1048576,0.1,false,4,8,0.09531017980432493,-0.10536051565782628,0.10046110847988839,1048568,52.918435426153614,0,0,-5094.646777574474|-5443.813787678776|-5055.114650568202|-5221.871998497524,-49.524239261882116|-52.918435426153614|-49.13995383408611|-50.760975105645294
0,1,1048576,0.1,false,4,8,0.09531017980432493,-0.10536051565782628,0.10046110847988839,1048568,51.68755164473831,0,0,-5221.269986411517|-5317.190578841669|-5060.532759345801|-5216.052548329353,-50.75512304329679|-51.68755164473831|-49.192622395257|-50.704405169576376
0,1,1048576,0.1,false,4,8,0.09531017980432493,-0.10536051565782628,0.10046110847988839,1048568,51.38714577733057,0,0,-5252.173273512201|-5286.287291740977|-5127.958113020976|-5262.206808285259,-51.05552891070446|-51.38714577733057|-49.84805337870118|-51.15306328324047
0,1,1048576,0.1,false,4,8,0.09531017980432493,-0.10536051565782628,0.10046110847988839,1048568,51.8026422043383,0,0,-5329.030149874648|-5209.430415378561|-5188.962004441356|-5125.148723285075,-51.8026422043383|-50.64003248369703|-50.44106236372195|-49.820743754396496
0,1,1048576,0.1,false,4,8,0.09531017980432493,-0.10536051565782628,0.10046110847988839,1048568,51.98210544980575,0,0,-5190.968711395877|-5347.491853857197|-5174.71438506355|-5100.466227742613,-50.460569238228274|-51.98210544980575|-50.302563554720194|-49.58080919795072
0,1,1048576,0.1,false,4,8,0.09531017980432493,-0.10536051565782628,0.10046110847988839,1048568,52.78773936695588,0,0,-5108.091714170094|-5430.3688510829315|-5027.422094594238|-5296.521497209128,-49.654935321077666|-52.78773936695588|-48.870758965883574|-51.486630837313726
0,1,1048576,0.1,false,4,8,0.09531017980432493,-0.10536051565782628,0.10046110847988839,1048568,51.45151846320324,0,0,-5292.307412604812|-5246.153152648365|-5058.124711000425|-5292.909424691082,-51.44566640085219|-50.99700828718284|-49.169214145849885|-51.45151846320324
0,1,1048576,0.1,false,4,8,0.09531017980432493,-0.10536051565782628,0.10046110847988839,1048568,52.16937144507421,0,0,-5366.756240621398|-5171.704324631834|-5058.927393782154|-5224.480717538382,-52.16937144507421|-50.273303242961354|-49.17701689565164|-50.78633404250333
0,1,1048576,0.1,false,4,8,0.09531017980432493,-0.10536051565782628,0.10046110847988839,1048568,52.612177496387424,0,0,-5412.308488491053|-5126.152076762054|-5091.837387837822|-5154.647315517505,-52.612177496387424|-49.83049719164692|-49.49692963757012|-50.10749480964886
0,1,1048576,0.1,false,4,8,0.09531017980432493,-0.10536051565782628,0.10046110847988839,1048568,51.773381892574044,0,0,-5212.440475810739|-5326.020089442375|-5148.627194653634|-5204.012306601419,-50.66929279546037|-51.773381892574044|-50.048974186126905|-50.5873639225306
0,1,1048576,0.1,false,4,8,0.09531017980432493,-0.10536051565782628,0.10046110847988839,1048568,51.580263834949676,0,0,-5232.306874661703|-5306.153690591405|-5018.592583994245|-5264.414185935501,-50.862410853084675|-51.580263834949676|-48.78492871805478|-51.174520845200036
0,1,1048576,0.1,false,4,8,0.09531017980432493,-0.10536051565782628,0.10046110847988839,1048568,51.57636246005003,0,0,-5256.588028812523|-5281.872536440744|-5176.52042132309|-5305.752349200668,-51.09844403462201|-51.34423065341388|-50.320119741780466|-51.57636246005003
0,1,1048576,0.1,false,4,8,0.09531017980432493,-0.10536051565782628,0.10046110847988839,1048568,52.758479055194385,0,0,-5208.627732596938|-5329.832832656102|-5193.176089046356|-5427.358790650943,-50.6322297338963|-51.81044495413739|-50.48202680019014|-52.758479055194385
0,1,1048576,0.1,false,4,8,0.09531017980432493,-0.10536051565782628,0.10046110847988839,1048568,53.017920486138046,0,0,-5084.412572106061|-5454.047993147058|-4918.457906958585|-5426.756778564438,-49.42475420189641|-53.017920486138046|-47.811535680140125|-52.752626992841044
0,1,1048576,0.1,false,4,8,0.09531017980432493,-0.10536051565782628,0.10046110847988839,1048568,52.787739366955634,0,0,-5108.09171417031|-5430.368851082906|-5082.205194455618|-5380.4018479126635,-49.65493532107977|-52.787739366955634|-49.403296639934894|-52.302018191722276
0,1,1048576,0.1,false,4,8,0.09531017980432493,-0.10536051565782628,0.10046110847988839,1048568,52.2610537552576,0,0,-5376.187763308026|-5162.272801945232|-5149.028536044716|-5267.4242463674245,-52.2610537552576|-50.1816209327782|-50.05287556102989|-51.20378115696089
0,1,1048576,0.1,false,4,8,0.09531017980432493,-0.10536051565782628,0.10046110847988839,1048568,51.730466768657955,0,0,-5216.855231111022|-5321.605334142205|-5068.760257859766|-5057.522698913751,-50.71220791937755|-51.730466768657955|-49.272600580737084|-49.1633620834949
0,1,1048576,0.1,false,4,8,0.09531017980432493,-0.10536051565782628,0.10046110847988839,1048568,51.56075696044338,0,0,-5234.3135816163085|-5304.146983636887|-5100.86756913379|-5208.226391205884,-50.88191772759182|-51.56075696044338|-49.58471057285464|-50.62832835899359
0,1,1048576,0.1,false,4,8,0.09531017980432493,-0.10536051565782628,0.10046110847988839,1048568,53.29491810414308,0,0,-5055.917333350457|-5482.543231902827|-5005.147647398313|-5405.485684845306,-49.14775658389298|-53.29491810414308|-48.65423265885619|-52.545854123062284
0,1,1048576,0.1,false,4,8,0.09531017980432493,-0.10536051565782628,0.10046110847988839,1048568,51.79288876708213,0,0,-5328.026796397078|-5210.433768856093|-5204.413647992218|-5158.86140012231,-51.79288876708213|-50.64978592095283|-50.59126529743084|-50.148459246115166
0,1,1048576,0.1,false,4,8,0.09531017980432493,-0.10536051565782628,0.10046110847988839,1048568,52.06793569763632,0,0,-5182.139200795758|-5356.321364457373|-5104.278970956252|-5313.578506323927,-50.37473899039826|-52.06793569763632|-49.617872259513206|-51.652439270630786
0,1,1048576,0.1,false,4,8,0.09531017980432493,-0.10536051565782628,0.10046110847988839,1048568,51.8104449541409,0,0,-5329.832832656463|-5208.6277325967|-5180.533835231909|-5115.516529902654,-51.8104449541409|-50.63222973389399|-50.35913349079093|-49.727110756759146
0,1,1048576,0.1,false,4,8,0.09531017980432493,-0.10536051565782628,0.10046110847988839,1048568,53.056934235153335,0,0,-5080.3991581969|-5458.061407056372|-4977.254420729308|-5306.956373373383,-49.385740452882615|-53.056934235153335|-48.38308710320701|-51.588066584753854
0,1,1048576,0.1,false,4,8,0.09531017980432493,-0.10536051565782628,0.10046110847988839,1048568,51.5334473361346,0,0,-5237.122971352566|-5301.337593900565|-5221.069315715519|-5240.133031784892,-50.90922735189997|-51.5334473361346|-50.75317235584085|-50.93848766366475
0,1,1048576,0.1,false,4,8,0.09531017980432493,-0.10536051565782628,0.10046110847988839,1048568,52.33517987838467,0,0,-5154.647315517681|-5383.813249735519|-5094.24543618345|-5309.565092414094,-50.107494809650575|-52.33517987838467|-49.52033788697968|-51.61342552161045
0,1,1048576,0.1,false,4,8,0.09531017980432493,-0.10536051565782628,0.10046110847988839,1048568,53.435367600599164,0,0,-5041.469043276604|-5496.991521976465|-5041.469043276604|-5364.5488629709225,-49.00730708743481|-53.435367600599164|-49.00730708743481|-52.147913883112366
0,1,1048576,0.1,false,4,8,0.09531017980432493,-0.10536051565782628,0.10046110847988839,1048568,52.3858977521047,0,0,-5389.0306878176425|-5149.429877435518|-5056.118004045472|-5333.043563783724,-52.3858977521047|-50.05677693593017|-49.149707271339366|-51.84165595335127
0,1,1048576,0.1,false,4,8,0.09531017980432493,-0.10536051565782628,0.10046110847988839,1048568,51.763628455319626,0,0,-5325.016735964986|-5213.4438292882|-5106.285677911339|-5238.5276662206425,-51.763628455319626|-50.67904623271548|-49.63737913402503|-50.92288216405354
0,1,1048576,0.1,false,4,8,0.09531017980432493,-0.10536051565782628,0.10046110847988839,1048568,52.27275787996251,0,0,-5161.068777772251|-5377.391787480853|-5050.699895268143|-5310.167104500941,-50.169916808071804|-52.27275787996251|-49.09703871017111|-51.61927758396712
0,1,1048576,0.1,false,4,8,0.09531017980432493,-0.10536051565782628,0.10046110847988839,1048568,52.46392525013151,0,0,-5397.057515635884|-5141.40304961726|-5114.312505729841|-5231.102850488813,-52.46392525013151|-49.97874943790319|-49.71540663205438|-50.85070672837916
0,1,1048576,0.1,false,4,8,0.09531017980432493,-0.10536051565782628,0.10046110847988839,1048568,52.0074643866613,0,0,-5350.1005728978|-5188.359992355277|-5120.332626593383|-5346.287829684506,-52.0074643866613|-50.435210301372756|-49.77392725557314|-51.97040132510216
0,1,1048576,0.1,false,4,8,0.09531017980432493,-0.10536051565782628,0.10046110847988839,1048568,52.9535478002647,0,0,-5091.034705056253|-5447.425860196883|-5090.232022274413|-5406.689709018286,-49.48912688776993|-52.9535478002647|-49.481324137967086|-52.55755824776867
0,1,1048576,0.1,false,4,8,0.09531017980432493,-0.10536051565782628,0.10046110847988839,1048568,52.04062607332553,0,0,-5184.948590532382|-5353.511974720844|-5173.309690195533|-5081.001170282978,-50.40204861470996|-52.04062607332553|-50.28890874256721|-49.39159251523181
0,1,1048576,0.1,false,4,8,0.09531017980432493,-0.10536051565782628,0.10046110847988839,1048568,51.58026383495232,0,0,-5306.153690591677|-5232.306874661553|-5007.756366439244|-5128.7607958031085,-51.58026383495232|-50.86241085308322|-48.679591595714925|-49.85585612850686
0,1,1048576,0.1,false,4,8,0.09531017980432493,-0.10536051565782628,0.10046110847988839,1048568,52.003563011758494,0,0,-5220.467303629056|-5317.993261624087|-5183.142554272983|-5349.699231506737,-50.747320293487924|-51.69535439454677|-50.38449242765107|-52.003563011758494
0,1,1048576,0.1,false,4,8,0.09531017980432493,-0.10536051565782628,0.10046110847988839,1048568,52.23764550585076,0,0,-5164.680850290597|-5373.779714962677|-5163.075484726887|-5342.6757571656335,-50.2050291821852|-52.23764550585076|-50.189423682579246|-51.93528895098365
0,1,1048576,0.1,false,4,8,0.09531017980432493,-0.10536051565782628,0.10046110847988839,1048568,51.909930014125926,0,0,-5198.393527128329|-5340.067038124807|-5083.007877237641|-5281.872536440674,-50.5327446739087|-51.909930014125926|-49.411099389739505|-51.3442306534132
0,1,1048576,0.1,false,4,8,0.09531017980432493,-0.10536051565782628,0.10046110847988839,1048568,51.80069151688433,0,0,-5260.200101331021|-5278.260463922141|-5043.475750231491|-5328.829479178852,-51.133556408736894|-51.30911827929798|-49.02681396194469|-51.80069151688433
0,1,1048576,0.1,false,4,8,0.09531017980432493,-0.10536051565782628,0.10046110847988839,1048568,51.60757345926201,0,0,-5308.9630803280925|-5229.497484925074|-4954.377961446204|-5210.433768856046,-51.60757345926201|-50.83510122877291|-48.16070873381974|-50.649785920952375
0,1,1048576,0.1,false,4,8,0.09531017980432493,-0.10536051565782628,0.10046110847988839,1048568,52.549755497965926,0,0,-5405.887026236455|-5132.573539016573|-5113.5098229475925|-5126.7540888483545,-52.549755497965926|-49.89291919006765|-49.707603882247575|-49.83634925399827
0,1,1048576,0.1,false,4,8,0.09531017980432493,-0.10536051565782628,0.10046110847988839,1048568,52.5985226842328,0,0,-5410.903793622868|-5127.55677163012|-5095.850801747173|-5295.919485123043,-52.5985226842328|-49.84415200380039|-49.53594338658578|-51.48077877496447
0,1,1048576,0.1,false,4,8,0.09531017980432493,-0.10536051565782628,0.10046110847988839,1048568,51.54710214828682,0,0,-5302.7422887685025|-5235.718276484626|-5144.6137807445075|-5158.058717340338,-51.54710214828682|-50.895572539747725|-50.00996043711344|-50.140656496311045
0,1,1048576,0.1,false,4,8,0.09531017980432493,-0.10536051565782628,0.10046110847988839,1048568,53.2149399186619,0,0,-5356.522035152261|-5181.938530100826|-5091.235375751798|-5474.315733388749,-52.06988638508147|-50.37278830295268|-49.49107757522145|-53.2149399186619
0,1,1048576,0.1,false,4,8,0.09531017980432493,-0.10536051565782628,0.10046110847988839,1048568,52.79554211675622,0,0,-5107.289031388579|-5431.171533864515|-5052.505931527392|-5308.361068241623,-49.64713257127799|-52.79554211675622|-49.11459489722855|-51.60172139690901
0,1,1048576,0.1,false,4,8,0.09531017980432493,-0.10536051565782628,0.10046110847988839,1048568,52.10499875920113,0,0,-5360.134107671251|-5178.32645758186|-5158.058717340168|-5327.826125701389,-52.10499875920113|-50.33767592883325|-50.14065649630939|-51.7909380796292
0,1,1048576,0.1,false,4,8,0.09531017980432493,-0.10536051565782628,0.10046110847988839,1048568,53.46462791235525,0,0,-5422.944035350663|-5115.516529902485|-5085.014584192043|-5500.001582407897,-52.71556393127724|-49.727110756757504|-49.43060626424467|-53.46462791235525
0,1,1048576,0.1,false,4,8,0.09531017980432493,-0.10536051565782628,0.10046110847988839,1048568,51.65438995807903,0,0,-5224.681388234017|-5313.779177019133|-5092.840741315299|-5211.035780942597,-50.78828472995573|-51.65438995807903|-49.50668307482539|-50.655637983306164
0,1,1048576,0.1,false,4,8,0.09531017980432493,-0.10536051565782628,0.10046110847988839,1048568,52.16742075762209,0,0,-5331.839539610577|-5206.621025642544|-5157.8580466450385|-5366.555569925793,-51.82995182864326|-50.61272285939122|-50.13870580886189|-52.16742075762209
0,1,1048576,0.1,false,4,8,0.09531017980432493,-0.10536051565782628,0.10046110847988839,1048568,51.90017657687252,0,0,-5234.112910920405|-5304.347654332729|-5033.843556848746|-5339.063684647522,-50.8799670401368|-51.5627076478978|-48.93318096430419|-51.90017657687252
0,1,1048576,0.1,false,4,8,0.09531017980432493,-0.10536051565782628,0.10046110847988839,1048568,51.50613771182323,0,0,-5291.504729822601|-5246.955835430567|-5105.081653738134|-5298.528204163976,-51.43786365104574|-51.004811036989196|-49.62567500931645|-51.50613771182323
0,1,1048576,0.1,false,4,8,0.09531017980432493,-0.10536051565782628,0.10046110847988839,1048568,51.61927758396568,0,0,-5228.293460752381|-5310.167104500793|-5100.867569133905|-5186.1526147053755,-50.823397104069315|-51.61927758396568|-49.584710572855755|-50.41375273941649
0,1,1048576,0.1,false,4,8,0.09531017980432493,-0.10536051565782628,0.10046110847988839,1048568,53.04718079790187,0,0,-5298.528204163906|-5239.932361089288|-5119.128602420835|-5457.058053579287,-51.50613771182255|-50.936536976212636|-49.76222313087094|-53.04718079790187
0,1,1048576,0.1,false,4,8,0.09531017980432493,-0.10536051565782628,0.10046110847988839,1048568,52.81309830381293,0,0,-5432.977570123689|-5105.482995129365|-5054.71330917724|-5305.551678505352,-52.81309830381293|-49.62957638422089|-49.136052459184285|-51.574411772600726
0,1,1048576,0.1,false,4,8,0.09531017980432493,-0.10536051565782628,0.10046110847988839,1048568,51.49833496202353,0,0,-5240.735043870614|-5297.725521382458|-5224.480717538239|-5271.036318885788,-50.94433972601048|-51.49833496202353|-50.786334042501935|-51.238893531074474
0,1,1048576,0.1,false,4,8,0.09531017980432493,-0.10536051565782628,0.10046110847988839,1048568,51.993809574507054,0,0,-5189.764687223576|-5348.695878029654|-5118.927931725181|-5297.32417999108,-50.448865113528484|-51.993809574507054|-49.76027244341835|-51.494433587117655
0,1,1048576,0.1,false,4,8,0.09531017980432493,-0.10536051565782628,0.10046110847988839,1048568,51.63488308357302,0,0,-5311.772470064645|-5226.688095188428|-5190.366699309754|-5307.558385459739,-51.63488308357302|-50.80779160446098|-50.45471717587864|-51.593918647105745
0,1,1048576,0.1,false,4,8,0.09531017980432493,-0.10536051565782628,0.10046110847988839,1048568,51.412504714187705,0,0,-5249.564554471364|-5288.896010781742|-5210.634439551521|-5280.267170877141,-51.03016997384663|-51.412504714187705|-50.651736608403226|-51.32862515380896
0,1,1048576,0.1,false,4,8,0.09531017980432493,-0.10536051565782628,0.10046110847988839,1048568,51.33057584125865,0,0,-5280.467841572497|-5257.992723680688|-5108.493055561363|-5253.979309771354,-51.33057584125865|-51.11209884677644|-49.65883669598248|-51.07308509776096
0,1,1048576,0.1,false,4,8,0.09531017980432493,-0.10536051565782628,0.10046110847988839,1048568,51.689502332193584,0,0,-5221.069315715447|-5317.391249537598|-5154.847986212918|-5312.173811455579,-50.75317235584016|-51.689502332193584|-50.10944549709912|-51.63878445847458
0,1,1048576,0.1,false,4,8,0.09531017980432493,-0.10536051565782628,0.10046110847988839,1048568,51.40080058948732,0,0,-5250.768578643742|-5287.69198660938|-5119.329273116351|-5071.168306205327,-51.04187409854717|-51.40080058948732|-49.7641738183222|-49.296008830145986
0,1,1048576,0.1,false,4,8,0.09531017980432493,-0.10536051565782628,0.10046110847988839,1048568,52.674599494813314,0,0,-5119.73061450684|-5418.729950746103|-5082.405865150928|-5197.390173651011,-49.768075193219424|-52.674599494813314|-49.40524732738414|-50.52299123665498
0,1,1048576,0.1,false,4,8,0.09531017980432493,-0.10536051565782628,0.10046110847988839,1048568,51.94504238824168,0,0,-5194.781454609849|-5343.679110643396|-5130.56683206201|-5278.461134617878,-50.49763229979399|-51.94504238824168|-49.87341231556092|-51.311068966751385
0,1,1048576,0.1,false,4,8,0.09531017980432493,-0.10536051565782628,0.10046110847988839,1048568,51.94699307568774,0,0,-5194.580783914836|-5343.879781338377|-5084.412572105918|-5216.654560415355,-50.49568161234763|-51.94699307568774|-49.42475420189503|-50.710257231924835
0,1,1048576,0.1,false,4,8,0.09531017980432493,-0.10536051565782628,0.10046110847988839,1048568,52.24934963055312,0,0,-5163.476826117897|-5374.983739135242|-5132.573539016685|-5268.0262584538505,-50.19332505748153|-52.24934963055312|-49.89291919006874|-51.20963321931347
0,1,1048576,0.1,false,4,8,0.09531017980432493,-0.10536051565782628,0.10046110847988839,1048568,53.55240884764095,0,0,-5029.428801549311|-5509.031763703988|-5005.147647398387|-5135.583599448602,-48.89026584039526|-53.55240884764095|-48.654232658856905|-49.92217950182954
0,1,1048576,0.1,false,4,8,0.09531017980432493,-0.10536051565782628,0.10046110847988839,1048568,51.79874082943348,0,0,-5209.831756769721|-5328.628808483378|-5172.908348804419|-5269.832294712778,-50.64393385860079|-51.79874082943348|-50.2850073676639|-51.227189406367785
0,1,1048576,0.1,false,4,8,0.09531017980432493,-0.10536051565782628,0.10046110847988839,1048568,51.78313532982543,0,0,-5327.023442919453|-5211.437122333628|-5171.102312545563|-5246.353823343984,-51.78313532982543|-50.65953935820867|-50.26745118061028|-50.998958974635094
0,1,1048576,0.1,false,4,8,0.09531017980432493,-0.10536051565782628,0.10046110847988839,1048568,52.38004568974972,0,0,-5191.169382091879|-5347.291183161258|-5035.448922412948|-5388.42867573097,-50.46251992568425|-51.98015476235039|-48.94878646391495|-52.38004568974972
0,1,1048576,0.1,false,4,8,0.09531017980432493,-0.10536051565782628,0.10046110847988839,1048568,51.673896832585555,0,0,-5222.674681279515|-5315.7858839736755|-5124.747381893845|-5250.768578643728,-50.7687778554496|-51.673896832585555|-49.816842379492066|-51.041874098547034
0,1,1048576,0.1,false,4,8,0.09531017980432493,-0.10536051565782628,0.10046110847988839,1048568,51.37154027772359,0,0,-5284.681926177162|-5253.778639076139|-5141.603720312884|-5192.574076960122,-51.37154027772359|-51.07113441031264|-49.9807001253555|-50.47617473783943
0,1,1048576,0.1,false,4,8,0.09531017980432493,-0.10536051565782628,0.10046110847988839,1048568,51.83970526589941,0,0,-5205.617672165132|-5332.8428930881455|-5180.533835232271|-5306.153690591574,-50.60296942213658|-51.83970526589941|-50.359133490794456|-51.58026383495131
0,1,1048576,0.1,false,4,8,0.09531017980432493,-0.10536051565782628,0.10046110847988839,1048568,52.49513624934385,0,0,-5138.192318489735|-5400.268246763347|-5038.05764145392|-5378.194470262484,-49.947538438690245|-52.49513624934385|-48.974145400774084|-52.280560629763315
0,1,1048576,0.1,false,4,8,0.09531017980432493,-0.10536051565782628,0.10046110847988839,1048568,52.07183707253398,0,0,-5199.597551301434|-5338.863013951758|-5054.512638482188|-5356.722705847907,-50.54444879861631|-51.89822588941886|-49.13410177173754|-52.07183707253398
0,1,1048576,0.1,false,4,8,0.09531017980432493,-0.10536051565782628,0.10046110847988839,1048568,53.0276739233966,0,0,-5455.051346624873|-5083.409218628194|-5081.803853064499|-5100.666898438103,-53.0276739233966|-49.415000764637355|-49.399395265031536|-49.58275988540172
0,1,1048576,0.1,false,4,8,0.09531017980432493,-0.10536051565782628,0.10046110847988839,1048568,52.4931855618923,0,0,-5138.392989185305|-5400.0675760678|-5121.335980070986|-5319.999968578573,-49.94948912614202|-52.4931855618923|-49.78368069282963|-51.714861269052754
0,1,1048576,0.1,false,4,8,0.09531017980432493,-0.10536051565782628,0.10046110847988839,1048568,51.77923395492451,0,0,-5326.622101528585|-5211.838463724584|-5016.18453564846|-4986.886614111163,-51.77923395492451|-50.66344073311043|-48.761520468643695|-48.476720100838854
0,1,1048576,0.1,false,4,8,0.09531017980432493,-0.10536051565782628,0.10046110847988839,1048568,51.68365026984149,0,0,-5316.789237451222|-5221.671327802031|-5076.9877563735745|-5308.96308032801,-51.68365026984149|-50.75902441819426|-49.35257876621565|-51.6075734592612
0,1,1048576,0.1,false,4,8,0.09531017980432493,-0.10536051565782628,0.10046110847988839,1048568,51.92358482627911,0,0,-5341.471732992844|-5196.988832260312|-4961.80277717853|-5212.039134420009,-51.92358482627911|-50.51908986175571|-48.232884169498945|-50.665391420560795
0,1,1048576,0.1,false,4,8,0.09531017980432493,-0.10536051565782628,0.10046110847988839,1048568,51.410554026739035,0,0,-5265.618210108163|-5272.842355145098|-5162.674143336222|-5288.695340086492,-51.186224969903336|-51.2564497181325|-50.1855223076803|-51.410554026739035
0,1,1048576,0.1,false,4,8,0.09531017980432493,-0.10536051565782628,0.10046110847988839,1048568,52.21618794388789,0,0,-5250.768578644455|-5287.691986608803|-5119.329273116142|-5371.572337312095,-51.0418740985541|-51.400800589481705|-49.76417381832017|-52.21618794388789
0,1,1048576,0.1,false,4,8,0.09531017980432493,-0.10536051565782628,0.10046110847988839,1048568,51.43396227614733,0,0,-5291.1033884319895|-5247.357176821116|-5123.744028416248|-5271.236989581082,-51.43396227614733|-51.008712411887004|-49.80708894223562|-51.24084421852356
0,1,1048576,0.1,false,4,8,0.09531017980432493,-0.10536051565782628,0.10046110847988839,1048568,52.460023875232565,0,0,-5307.157044069094|-5231.303521184054|-5132.573539016465|-5396.656174245219,-51.590017272207|-50.85265741582774|-49.89291919006659|-52.460023875232565
0,1,1048576,0.1,false,4,8,0.09531017980432493,-0.10536051565782628,0.10046110847988839,1048568,52.35468675288959,0,0,-5152.6406085632725|-5385.819956689896|-5086.8206204516255|-5350.9032556796465,-50.08798793514534|-52.35468675288959|-49.44816245130535|-52.015267136464196
0,1,1048576,0.1,false,4,8,0.09531017980432493,-0.10536051565782628,0.10046110847988839,1048568,51.68755164474485,0,0,-5317.190578842341|-5221.269986410797|-5102.272264001683|-5250.166566557555,-51.68755164474485|-50.75512304328979|-49.59836538500642|-51.03602203619692
0,1,1048576,0.1,false,4,8,0.09531017980432493,-0.10536051565782628,0.10046110847988839,1048568,52.17327281997491,0,0,-5171.302983240801|-5367.157582012244|-5058.325381695546|-5204.212977296787,-50.269401868058836|-52.17327281997491|-49.1711648332973|-50.58931460998041
0,1,1048576,0.1,false,4,8,0.09531017980432493,-0.10536051565782628,0.10046110847988839,1048568,52.20253313173571,0,0,-5168.292922809012|-5370.167642444162|-5143.610427267258|-5276.855769054317,-50.24014155629928|-52.20253313173571|-50.00020699986039|-51.29546346714686
0,1,1048576,0.1,false,4,8,0.09531017980432493,-0.10536051565782628,0.10046110847988839,1048568,52.51074174895184,0,0,-5401.873612327265|-5136.586952925745|-5126.754088848111|-5247.156506125874,-52.51074174895184|-49.93193293908156|-49.836349253995905|-51.00676172443842
0,1,1048576,0.1,false,4,8,0.09531017980432493,-0.10536051565782628,0.10046110847988839,1048568,52.6843529320668,0,0,-5118.727261029858|-5419.733304223397|-5074.379037332655|-5367.55892340293,-49.75832175596897|-52.6843529320668|-49.32721982935701|-52.17717419487405
0,1,1048576,0.1,false,4,8,0.09531017980432493,-0.10536051565782628,0.10046110847988839,1048568,52.300067504270594,0,0,-5208.226391206421|-5330.234174046747|-5058.526052391288|-5380.201177217104,-50.62832835899881|-51.81434632903613|-49.173115520750756|-52.300067504270594
0,1,1048576,0.1,false,4,8,0.09531017980432493,-0.10536051565782628,0.10046110847988839,1048568,53.012068423786836,0,0,-5353.712645416056|-5184.747919836888|-5116.11854198858|-5453.445981060772,-52.04257676077383|-50.40009792725893|-49.73296281910686|-53.012068423786836
0,1,1048576,0.1,false,4,8,0.09531017980432493,-0.10536051565782628,0.10046110847988839,1048568,51.7831353298293,0,0,-5316.187225364448|-5222.273339888715|-4973.8430189059645|-5327.023442919852,-51.67779820748554|-50.76487648054935|-48.349925416539875|-51.7831353298293
0,1,1048576,0.1,false,4,8,0.09531017980432493,-0.10536051565782628,0.10046110847988839,1048568,52.51659381130218,0,0,-5402.475624413461|-5135.984940839837|-5097.4561673109965|-5172.10566602303,-52.51659381130218|-49.92608087673402|-49.55154888619284|-50.27720461786544
0,1,1048576,0.1,false,4,8,0.09531017980432493,-0.10536051565782628,0.10046110847988839,1048568,51.66024202043271,0,0,-5314.381189105674|-5224.079376147418|-5166.888227940728|-5304.949666419082,-51.66024202043271|-50.782432667601476|-50.22648674414369|-51.568559710249666
0,1,1048576,0.1,false,4,8,0.09531017980432493,-0.10536051565782628,0.10046110847988839,1048568,52.015267136464175,0,0,-5187.557309573313|-5350.903255679644|-5034.044227544692|-5194.781454609829,-50.42740755156871|-52.015267136464175|-48.93513165175963|-50.4976322997938
0,1,1048576,0.1,false,4,8,0.09531017980432493,-0.10536051565782628,0.10046110847988839,1048568,52.96915329987368,0,0,-5089.429339492383|-5449.031225760904|-5061.335442127635|-5303.745642246301,-49.47352138816241|-52.96915329987368|-49.200425145059775|-51.55685558554521
0,1,1048576,0.1,false,4,8,0.09531017980432493,-0.10536051565782628,0.10046110847988839,1048568,51.90407795177044,0,0,-5210.433768856133|-5328.026796396991|-5042.472396754416|-5339.465026038082,-50.64978592095322|-51.79288876708128|-49.017060524693335|-51.90407795177044
0,1,1048576,0.1,false,4,8,0.09531017980432493,-0.10536051565782628,0.10046110847988839,1048568,52.40930600151146,0,0,-5147.021829090227|-5391.438736162983|-5067.15489229631|-5307.558385459501,-50.03336868652388|-52.40930600151146|-49.25699508113359|-51.59391864710343
0,1,1048576,0.1,false,4,8,0.09531017980432493,-0.10536051565782628,0.10046110847988839,1048568,53.39830453903066,0,0,-5493.178778762208|-5045.281786490679|-5017.589230516616|-5331.4381982200675,-53.39830453903066|-49.04437014900154|-48.77517528079804|-51.82605045374583
0,1,1048576,0.1,false,4,8,0.09531017980432493,-0.10536051565782628,0.10046110847988839,1048568,52.054280885479756,0,0,-5183.543895664141|-5354.916669588988|-5128.359454411945|-5224.681388233872,-50.3883938025548|-52.054280885479756|-49.851954753603074|-50.78828472995433
0,1,1048576,0.1,false,4,8,0.09531017980432493,-0.10536051565782628,0.10046110847988839,1048568,52.140111133310356,0,0,-5174.7143850639995|-5363.746180189167|-5074.981049419575|-5223.678034756412,-50.302563554724564|-52.140111133310356|-49.3330718917144|-50.77853129269922
0,1,1048576,0.1,false,4,8,0.09531017980432493,-0.10536051565782628,0.10046110847988839,1048568,52.01916851136442,0,0,-5351.304597070443|-5187.15596818274|-4952.772595882604|-5236.320288571062,-52.01916851136442|-50.423506176670664|-48.145103234214844|-50.9014246021004
0,1,1048576,0.1,false,4,8,0.09531017980432493,-0.10536051565782628,0.10046110847988839,1048568,53.5016909739208,0,0,-5079.3958047192655|-5459.064760533959|-5056.720016131995|-5503.814325621852,-49.37598701562582|-53.066687672409664|-49.155559333692885|-53.5016909739208
0,1,1048576,0.1,false,4,8,0.09531017980432493,-0.10536051565782628,0.10046110847988839,1048568,51.69340370709547,0,0,-5307.157044068897|-5231.303521184234|-4958.592046051015|-5317.792590928566,-51.59001727220509|-50.85265741582949|-48.2016731702861|-51.69340370709547
0,1,1048576,0.1,false,4,8,0.09531017980432493,-0.10536051565782628,0.10046110847988839,1048568,52.826753115969154,0,0,-5136.586952926028|-5401.873612326938|-5123.7440284163895|-5434.3822649920385,-49.931932939084305|-52.51074174894866|-49.80708894223701|-52.826753115969154
0,1,1048576,0.1,false,4,8,0.09531017980432493,-0.10536051565782628,0.10046110847988839,1048568,52.17132213252598,0,0,-5366.956911316967|-5171.5036539361345|-5127.958113020777|-5203.008953124066,-52.17132213252598|-50.27135255550831|-49.84805337869925|-50.57761048527653
0,1,1048576,0.1,false,4,8,0.09531017980432493,-0.10536051565782628,0.10046110847988839,1048568,52.22008931878953,0,0,-5166.4868865502|-5371.973678703039|-5131.570185539687|-5295.718814427715,-50.22258536924609|-52.22008931878953|-49.88316575281814|-51.47882808751505
0,1,1048576,0.1,false,4,8,0.09531017980432493,-0.10536051565782628,0.10046110847988839,1048568,53.36124147746669,0,0,-5489.366035548416|-5049.094529704705|-4995.916795407143|-5254.781992553508,-53.36124147746669|-49.08143321056779|-48.56450103612348|-51.08088784756685
0,1,1048576,0.1,false,4,8,0.09531017980432493,-0.10536051565782628,0.10046110847988839,1048568,52.31567300387412,0,0,-5156.654022472673|-5381.806542780562|-5039.462336322705|-5238.527666220648,-50.12700168416148|-52.31567300387412|-48.98780021293453|-50.92288216405359
0,1,1048576,0.1,false,4,8,0.09531017980432493,-0.10536051565782628,0.10046110847988839,1048568,51.44371571340392,0,0,-5292.106741909603|-5246.353823343538|-5144.011768657712|-5229.296814229377,-51.44371571340392|-50.99895897463076|-50.00410837475727|-50.833150541319895
0,1,1048576,0.1,false,4,8,0.09531017980432493,-0.10536051565782628,0.10046110847988839,1048568,51.755825705515,0,0,-5324.214053182962|-5214.246512070234|-5117.723907552639|-5321.003322055761,-51.755825705515|-50.686848982520196|-49.74856831871622|-51.7246147063052
0,1,1048576,0.1,false,4,8,0.09531017980432493,-0.10536051565782628,0.10046110847988839,1048568,51.40860333928803,0,0,-5288.4946693910015|-5249.965895862193|-5090.43269296973|-5193.577430437201,-51.40860333928803|-51.03407134874716|-49.48327482541641|-50.48592817509083
0,1,1048576,0.1,false,4,8,0.09531017980432493,-0.10536051565782628,0.10046110847988839,1048568,51.35983615301732,0,0,-5254.982663248865|-5283.477902004194|-5205.216330774269|-5120.131955897857,-51.082838535016556|-51.35983615301732|-50.599068047235725|-49.77197656812179
0,1,1048576,0.1,false,4,8,0.09531017980432493,-0.10536051565782628,0.10046110847988839,1048568,52.319574378779706,0,0,-5382.207884171911|-5156.252681081351|-5054.311967786403|-5371.371666616882,-52.319574378779706|-50.123100309256145|-49.13215108428368|-52.21423725643958
0,1,1048576,0.1,false,4,8,0.09531017980432493,-0.10536051565782628,0.10046110847988839,1048568,52.510741748954594,0,0,-5136.586952925804|-5401.8736123275485|-5082.40586515091|-5222.87535197499,-49.93193293908213|-52.510741748954594|-49.40524732738397|-50.77072854290045
0,1,1048576,0.1,false,4,8,0.09531017980432493,-0.10536051565782628,0.10046110847988839,1048568,51.783135329828276,0,0,-5327.023442919746|-5211.437122333353|-5068.15824577337|-5176.921762713962,-51.783135329828276|-50.65953935820599|-49.2667485183848|-50.324021116681415
0,1,1048576,0.1,false,4,8,0.09531017980432493,-0.10536051565782628,0.10046110847988839,1048568,52.7097118689243,0,0,-5297.324179991211|-5241.136385261945|-5129.563478584863|-5422.3420232642,-51.49443358711893|-50.948241100915894|-49.86365887830887|-52.7097118689243
0,1,1048576,0.1,false,4,8,0.09531017980432493,-0.10536051565782628,0.10046110847988839,1048568,52.23374413094735,0,0,-5373.378373571552|-5165.082191681611|-5000.331550706985|-5320.401309969496,-52.23374413094735|-50.20893055708754|-48.60741616003637|-51.71876264395419
0,1,1048576,0.1,false,4,8,0.09531017980432493,-0.10536051565782628,0.10046110847988839,1048568,52.9242874885052,0,0,-5094.044765487991|-5444.4157997651|-5020.799961644293|-5437.3923254236815,-49.51838719952898|-52.9242874885052|-48.80638628001246|-52.85601342772729
0,1,1048576,0.1,false,4,8,0.09531017980432493,-0.10536051565782628,0.10046110847988839,1048568,51.57051039770026,0,0,-5233.3102281387155|-5305.15033711453|-5116.7205540754|-5117.723907552512,-50.87216429033543|-51.57051039770026|-49.73881488146327|-49.74856831871499
0,1,1048576,0.1,false,4,8,0.09531017980432493,-0.10536051565782628,0.10046110847988839,1048568,52.64143780814936,0,0,-5415.318548923087|-5123.142016329963|-5028.4254480717755|-5154.245974126828,-52.64143780814936|-49.80123687988442|-48.88051240313943|-50.103593434749804
0,1,1048576,0.1,false,4,8,0.09531017980432493,-0.10536051565782628,0.10046110847988839,1048568,51.277907280091135,0,0,-5275.0497327952435|-5263.410832457857|-5164.88152098637|-5203.410294514933,-51.277907280091135|-51.16476740794315|-50.20697986963895|-50.58151186017744
0,1,1048576,0.1,false,4,8,0.09531017980432493,-0.10536051565782628,0.10046110847988839,1048568,51.57051039770079,0,0,-5305.1503371145845|-5233.310228138466|-5131.570185539021|-5131.971526930396,-51.57051039770079|-50.872164290333004|-49.88316575281165|-49.8870671277175
0,1,1048576,0.1,false,4,8,0.09531017980432493,-0.10536051565782628,0.10046110847988839,1048568,52.08939325959257,0,0,-5179.931823146018|-5358.5287421072735|-5166.888227940973|-5207.223037728748,-50.353281428443566|-52.08939325959257|-50.22648674414607|-50.61857492174163
0,1,1048576,0.1,false,4,8,0.09531017980432493,-0.10536051565782628,0.10046110847988839,1048568,52.709711868923904,0,0,-5116.118541988938|-5422.342023264159|-5067.154892296144|-5240.133031784579,-49.73296281911034|-52.709711868923904|-49.25699508113197|-50.938487663661704
0,1,1048576,0.1,false,4,8,0.09531017980432493,-0.10536051565782628,0.10046110847988839,1048568,51.76948051767221,0,0,-5273.8457086222215|-5264.614856630938|-4988.291308979461|-5325.618748051413,-51.26620315538433|-51.176471532650524|-48.490374912994575|-51.76948051767221
0,1,1048576,0.1,false,4,8,0.09531017980432493,-0.10536051565782628,0.10046110847988839,1048568,51.353984090667865,0,0,-5255.584675335264|-5282.875889918089|-5206.621025642377|-5164.480179595531,-51.088690597368874|-51.353984090667865|-50.6127228593896|-50.20307849473832
0,1,1048576,0.1,false,4,8,0.09531017980432493,-0.10536051565782628,0.10046110847988839,1048568,51.625129646319635,0,0,-5310.769116587361|-5227.69144866583|-5167.490240027189|-5293.310766082532,-51.625129646319635|-50.81754504171552|-50.232338806496614|-51.45541983810981
0,1,1048576,0.1,false,4,8,0.09531017980432493,-0.10536051565782628,0.10046110847988839,1048568,51.42420883889221,0,0,-5290.100034954528|-5248.360530298633|-5040.867031190534|-5282.474548527428,-51.42420883889221|-51.01846584914266|-49.001455025085704|-51.35008271576896
0,1,1048576,0.1,false,4,8,0.09531017980432493,-0.10536051565782628,0.10046110847988839,1048568,52.144012508212995,0,0,-5174.313043673|-5364.147521580213|-5083.609889323926|-5215.049194851731,-50.29866217982237|-52.144012508212995|-49.41695145209071|-50.694651732319706
0,1,1048576,0.1,false,4,8,0.09531017980432493,-0.10536051565782628,0.10046110847988839,1048568,53.50559234882539,0,0,-5285.083267567886|-5253.377297685284|-5092.840741315589|-5504.215667013098,-51.3754416526231|-51.06723303541185|-49.50668307482821|-53.50559234882539
0,1,1048576,0.1,false,4,8,0.09531017980432493,-0.10536051565782628,0.10046110847988839,1048568,51.38324440242487,0,0,-5285.885950349616|-5252.574614903482|-5216.453889719929|-5230.300167706937,-51.38324440242487|-51.05943028560938|-50.70830654447445|-50.842903978575976
0,1,1048576,0.1,false,4,8,0.09531017980432493,-0.10536051565782628,0.10046110847988839,1048568,51.84750801570012,0,0,-5328.628808483445|-5209.83175676958|-5190.3666993098295|-5333.645575869767,-51.79874082943413|-50.64393385859942|-50.454717175879374|-51.84750801570012
0,1,1048576,0.1,false,4,8,0.09531017980432493,-0.10536051565782628,0.10046110847988839,1048568,52.165470070172134,0,0,-5172.105666022678|-5366.35489923041|-5129.162137193756|-5330.836186133281,-50.277204617862026|-52.165470070172134|-49.85975750340563|-51.82019839138975
0,1,1048576,0.1,false,4,8,0.09531017980432493,-0.10536051565782628,0.10046110847988839,1048568,52.97305467477227,0,0,-5240.333702479933|-5298.126862773328|-5146.0184756126455|-5449.432567151533,-50.94043835111138|-51.502236336924454|-50.02361524926761|-52.97305467477227
0,1,1048576,0.1,false,4,8,0.09531017980432493,-0.10536051565782628,0.10046110847988839,1048568,51.53734871103358,0,0,-5241.337055957371|-5297.123509295741|-5071.569647596343|-5301.738935291234,-50.950191788366276|-51.492482899668126|-49.29991020504834|-51.53734871103358
0,1,1048576,0.1,false,4,8,0.09531017980432493,-0.10536051565782628,0.10046110847988839,1048568,51.42420883889449,0,0,-5248.360530298514|-5290.100034954762|-5181.537188709833|-5278.46113461767,-51.0184658491415|-51.42420883889449|-50.36888692805054|-51.31106896674936
0,1,1048576,0.1,false,4,8,0.09531017980432493,-0.10536051565782628,0.10046110847988839,1048568,52.28641269211557,0,0,-5159.664082904294|-5378.796482348877|-5006.552342266616|-5084.011230715166,-50.1562619959194|-52.28641269211557|-48.66788747101196|-49.42085282699524
0,1,1048576,0.1,false,4,8,0.09531017980432493,-0.10536051565782628,0.10046110847988839,1048568,51.38324440242687,0,0,-5252.574614903403|-5285.8859503498215|-5125.349393979995|-5233.912240225329,-51.05943028560861|-51.38324440242687|-49.822694441841946|-50.87801635268982
0,1,1048576,0.1,false,4,8,0.09531017980432493,-0.10536051565782628,0.10046110847988839,1048568,51.75777639296925,0,0,-5324.4147238787855|-5214.0458413743|-5113.108481556725|-5255.785346030621,-51.75777639296925|-50.68489829506488|-49.70370250734666|-51.09064128481858
0,1,1048576,0.1,false,4,8,0.09531017980432493,-0.10536051565782628,0.10046110847988839,1048568,52.55950893521775,0,0,-5406.890379713578|-5131.570185539533|-5118.125248943548|-5351.906609157039,-52.55950893521775|-49.88316575281663|-49.752469693617535|-52.02502057371865
0,1,1048576,0.1,false,4,8,0.09531017980432493,-0.10536051565782628,0.10046110847988839,1048568,51.535398023585586,0,0,-5236.92230065703|-5301.5382645960535|-5032.238191285429|-5258.193394376274,-50.907276664448524|-51.535398023585586|-48.917575464702054|-51.11404953422838
0,1,1048576,0.1,false,4,8,0.09531017980432493,-0.10536051565782628,0.10046110847988839,1048568,52.28251131721146,0,0,-5160.0654242955225|-5378.39514095768|-5063.342149082592|-5176.319750627861,-50.16016337082381|-52.28251131721146|-49.21993201957033|-50.318169054332
0,1,1048576,0.1,false,4,8,0.09531017980432493,-0.10536051565782628,0.10046110847988839,1048568,52.1732728199739,0,0,-5211.035780943023|-5327.42478431016|-5080.399158196656|-5367.157582012141,-50.65563798331031|-51.78703670472478|-49.385740452880235|-52.1732728199739
0,1,1048576,0.1,false,4,8,0.09531017980432493,-0.10536051565782628,0.10046110847988839,1048568,53.41781141354021,0,0,-5298.528204164185|-5239.932361088921|-5118.526590334198|-5495.18548571706,-51.50613771182526|-50.93653697620908|-49.75637106851632|-53.41781141354021
0,1,1048576,0.1,false,4,8,0.09531017980432493,-0.10536051565782628,0.10046110847988839,1048568,53.08424385946611,0,0,-5460.870796793106|-5077.589768460045|-4965.615520392241|-5266.220222194506,-53.08424385946611|-49.35843082856865|-48.26994723106213|-51.192077032255106
0,1,1048576,0.1,false,4,8,0.09531017980432493,-0.10536051565782628,0.10046110847988839,1048568,51.746072268267746,0,0,-5319.598627187675|-5218.861938065467|-5074.579708028051|-5323.210699706308,-51.71095989415155|-50.731714793883135|-49.3291705168071|-51.746072268267746
0,1,1048576,0.1,false,4,8,0.09531017980432493,-0.10536051565782628,0.10046110847988839,1048568,51.997710949407285,0,0,-5349.097219420451|-5189.363345832721|-5046.68648135887|-5189.96535791904,-51.997710949407285|-50.4449637386277|-49.05802496115622|-50.45081580097923
0,1,1048576,0.1,false,4,8,0.09531017980432493,-0.10536051565782628,0.10046110847988839,1048568,52.45222112542701,0,0,-5395.853491463098|-5142.607073790035|-5136.586952926145|-5281.069853658949,-52.45222112542701|-49.99045356260759|-49.93193293908545|-51.33642790361148
0,1,1048576,0.1,false,4,8,0.09531017980432493,-0.10536051565782628,0.10046110847988839,1048568,51.84165595334946,0,0,-5230.701509098068|-5307.7590561550205|-5086.820620451254|-5333.043563783537,-50.84680535347944|-51.59586933455472|-49.44816245130175|-51.84165595334946
0,1,1048576,0.1,false,4,8,0.09531017980432493,-0.10536051565782628,0.10046110847988839,1048568,51.53734871103607,0,0,-5236.721629961605|-5301.73893529149|-5111.90445738407|-5184.145907750587,-50.90532597699815|-51.53734871103607|-49.69199838264343|-50.39424586490757
0,1,1048576,0.1,false,4,8,0.09531017980432493,-0.10536051565782628,0.10046110847988839,1048568,51.927486201180514,0,0,-5196.587490869359|-5341.873074383763|-5022.605997903553|-5181.537188709717,-50.51518848685397|-51.927486201180514|-48.823942467070005|-50.36888692804942
0,1,1048576,0.1,false,4,8,0.09531017980432493,-0.10536051565782628,0.10046110847988839,1048568,51.85336007805455,0,0,-5334.2475879563835|-5204.212977296655|-5133.777563189408|-5208.627732596919,-51.85336007805455|-50.58931460997912|-49.904623314772635|-50.63222973389612
0,1,1048576,0.1,false,4,8,0.09531017980432493,-0.10536051565782628,0.10046110847988839,1048568,52.77603524225061,0,0,-5277.257110445182|-5261.20345480802|-5191.169382091767|-5429.164826910067,-51.299364842047744|-51.14330984598752|-50.46251992568316|-52.77603524225061
0,1,1048576,0.1,false,4,8,0.09531017980432493,-0.10536051565782628,0.10046110847988839,1048568,52.69605705677064,0,0,-5420.937328396114|-5117.523236856884|-5081.603182369069|-5148.025182567433,-52.69605705677064|-49.746617631262644|-49.397444577581126|-50.04312212377652
0,1,1048576,0.1,false,4,8,0.09531017980432493,-0.10536051565782628,0.10046110847988839,1048568,53.37489628962223,0,0,-5490.770730416695|-5047.68983483638|-5005.348318093729|-5230.0994970117135,-53.37489628962223|-49.06777839841181|-48.65618334630647|-50.84095329112756
0,1,1048576,0.1,false,4,8,0.09531017980432493,-0.10536051565782628,0.10046110847988839,1048568,53.07058904731165,0,0,-5145.617134221646|-5392.843431031645|-5142.205732398784|-5459.466101924937,-50.01971387436541|-52.42296081367072|-49.98655218770295|-53.07058904731165
0,1,1048576,0.1,false,4,8,0.09531017980432493,-0.10536051565782628,0.10046110847988839,1048568,51.765579142769994,0,0,-5228.293460752113|-5310.167104501037|-5222.474010583719|-5325.21740666041,-50.82339710406671|-51.61927758396805|-50.76682716799562|-51.765579142769994
0,1,1048576,0.1,false,4,8,0.09531017980432493,-0.10536051565782628,0.10046110847988839,1048568,51.74607226826243,0,0,-5323.210699705762|-5215.249865547321|-5004.344964616424|-5229.497484924963,-51.74607226826243|-50.69660241977167|-48.64642990905288|-50.83510122877183
0,1,1048576,0.1,false,4,8,0.09531017980432493,-0.10536051565782628,0.10046110847988839,1048568,52.50098831169617,0,0,-5263.41083245864|-5275.049732794514|-5197.99218573729|-5400.870258849746,-51.164767407950755|-51.277907280084044|-50.52884329900613|-52.50098831169617
0,1,1048576,0.1,false,4,8,0.09531017980432493,-0.10536051565782628,0.10046110847988839,1048568,51.433962276144975,0,0,-5291.103388431748|-5247.357176821398|-5171.704324631761|-5279.263817399761,-51.433962276144975|-51.00871241188974|-50.27330324296064|-51.31887171655464
0,1,1048576,0.1,false,4,8,0.09531017980432493,-0.10536051565782628,0.10046110847988839,1048568,53.01011773633781,0,0,-5417.124585182151|-5121.335980071043|-5001.736245575213|-5453.245310365486,-52.658993995205|-49.78368069283019|-48.62107097219141|-53.01011773633781
0,1,1048576,0.1,false,4,8,0.09531017980432493,-0.10536051565782628,0.10046110847988839,1048568,52.70776118147714,0,0,-5422.141352569105|-5116.319212684083|-5106.687019301848|-5253.377297684752,-52.70776118147714|-49.73491350655799|-49.64128050892245|-51.06723303540668
0,1,1048576,0.1,false,4,8,0.09531017980432493,-0.10536051565782628,0.10046110847988839,1048568,52.28251131721055,0,0,-5378.395140957587|-5160.065424295474|-5154.045303431471|-5273.444367231247,-52.28251131721055|-50.16016337082334|-50.101642747300104|-51.26230178048239
0,1,1048576,0.1,false,4,8,0.09531017980432493,-0.10536051565782628,0.10046110847988839,1048568,51.31497034165106,0,0,-5278.8624760086195|-5259.598089244499|-5141.80439100798|-5190.567370005347,-51.31497034165106|-51.12770434638338|-49.98265081280266|-50.456667863330644
0,1,1048576,0.1,false,4,8,0.09531017980432493,-0.10536051565782628,0.10046110847988839,1048568,51.34423065340892,0,0,-5256.588028812901|-5281.8725364402335|-5150.433230912582|-5257.591382289642,-51.09844403462569|-51.34423065340892|-50.066530373181415|-51.1081974718738
0,1,1048576,0.1,false,4,8,0.09531017980432493,-0.10536051565782628,0.10046110847988839,1048568,51.839705265903305,0,0,-5332.842893088546|-5205.617672164756|-5130.366161366502|-5284.481255481841,-51.839705265903305|-50.60296942213293|-49.87146162810974|-51.36958959027423
0,1,1048576,0.1,false,4,8,0.09531017980432493,-0.10536051565782628,0.10046110847988839,1048568,52.62388162109282,0,0,-5413.5125126639305|-5124.948052589302|-5121.335980070961|-5291.504729822779,-52.62388162109282|-49.818793066942746|-49.78368069282939|-51.43786365104747
0,1,1048576,0.1,false,4,8,0.09531017980432493,-0.10536051565782628,0.10046110847988839,1048568,51.242794905977355,0,0,-5271.437660276859|-5267.022904976296|-5058.526052391127|-5048.091176227182,-51.242794905977355|-51.19987978205745|-49.17311552074919|-49.07167977331207
0,1,1048576,0.1,false,4,8,0.09531017980432493,-0.10536051565782628,0.10046110847988839,1048568,53.2110385437616,0,0,-5064.546173255044|-5473.914391997945|-5050.900565963606|-5163.878167508686,-49.23163614427159|-53.2110385437616|-49.09898939762184|-50.197226432381676
0,1,1048576,0.1,false,4,8,0.09531017980432493,-0.10536051565782628,0.10046110847988839,1048568,52.27470856741154,0,0,-5377.59245817614|-5160.868107076949|-5106.085007215745|-5256.7886995081035,-52.27470856741154|-50.16796612062263|-49.635428446573016|-51.100394722073894
0,1,1048576,0.1,false,4,8,0.09531017980432493,-0.10536051565782628,0.10046110847988839,1048568,51.42225815143826,0,0,-5248.561200994395|-5289.899364258735|-5125.34939398011|-5212.03913441977,-51.0204165365963|-51.42225815143826|-49.82269444184307|-50.66539142055847
0,1,1048576,0.1,false,4,8,0.09531017980432493,-0.10536051565782628,0.10046110847988839,1048568,51.23304146872687,0,0,-5270.434306799873|-5268.026258453141|-5141.20237892115|-5087.2219618422105,-51.23304146872687|-51.209633219306575|-49.97679875044616|-49.45206382620351
0,1,1048576,0.1,false,4,8,0.09531017980432493,-0.10536051565782628,0.10046110847988839,1048568,52.296166129367855,0,0,-5158.660729427135|-5379.7998358260475|-5132.172197626116|-5070.566294118794,-50.14650855866722|-52.296166129367855|-49.88901781517073|-49.29015676779237
0,1,1048576,0.1,false,4,8,0.09531017980432493,-0.10536051565782628,0.10046110847988839,1048568,52.84625999047615,0,0,-5102.071593306669|-5436.388971946629|-5040.867031190738|-5304.9496664190365,-49.59641469756004|-52.84625999047615|-49.00145502508768|-51.568559710249225
0,1,1048576,0.1,false,4,8,0.09531017980432493,-0.10536051565782628,0.10046110847988839,1048568,53.34953735276126,0,0,-5488.162011375535|-5050.298553877543|-4980.264481161133|-5304.548325027858,-53.34953735276126|-49.0931373352728|-48.412347414966916|-51.56465833534529
0,1,1048576,0.1,false,4,8,0.09531017980432493,-0.10536051565782628,0.10046110847988839,1048568,51.89042313961738,0,0,-5214.045841374518|-5324.41472387866|-5121.335980070962|-5338.060331170058,-50.68489829506701|-51.757776392968026|-49.7836806928294|-51.89042313961738
0,1,1048576,0.1,false,4,8,0.09531017980432493,-0.10536051565782628,0.10046110847988839,1048568,52.015267136466136,0,0,-5334.247587956286|-5204.212977296885|-5094.044765488053|-5350.903255679846,-51.853360078053605|-50.58931460998136|-49.518387199529585|-52.015267136466136
0,1,1048576,0.1,false,4,8,0.09531017980432493,-0.10536051565782628,0.10046110847988839,1048568,51.35203340322023,0,0,-5255.785346030191|-5282.675219222946|-5193.376759741672|-5103.27561747923,-51.090641284814396|-51.35203340322023|-50.48397748763945|-49.60811882226237
0,1,1048576,0.1,false,4,8,0.09531017980432493,-0.10536051565782628,0.10046110847988839,1048568,53.27931260453649,0,0,-5228.69480214304|-5309.765763109975|-5078.392451241802|-5480.937866339053,-50.82729847896819|-51.615376209065246|-49.36623357837068|-53.27931260453649
0,1,1048576,0.1,false,4,8,0.09531017980432493,-0.10536051565782628,0.10046110847988839,1048568,51.92553551373486,0,0,-5196.788161564204|-5341.672403688823|-5114.713847120117|-5141.001708225893,-50.5171391742987|-51.92553551373486|-49.71930800694954|-49.974848062997424
0,1,1048576,0.1,false,4,8,0.09531017980432493,-0.10536051565782628,0.10046110847988839,1048568,52.14791388311771,0,0,-5364.548862971472|-5173.911702281642|-5078.593121937074|-5261.604796199185,-52.14791388311771|-50.29476080491669|-49.368184265819565|-51.147211220891315
0,1,1048576,0.1,false,4,8,0.09531017980432493,-0.10536051565782628,0.10046110847988839,1048568,52.389799127005354,0,0,-5179.329811059668|-5359.130754193368|-5156.052010386019|-5389.432029208485,-50.34742936609173|-52.095245321941924|-50.12114962180668|-52.389799127005354
0,1,1048576,0.1,false,4,8,0.09531017980432493,-0.10536051565782628,0.10046110847988839,1048568,52.360538815240304,0,0,-5152.038596477002|-5386.421968776131|-5047.288493445332|-5086.218608364959,-50.08213587279428|-52.360538815240304|-49.06387702350914|-49.442310388950446
0,1,1048576,0.1,false,4,8,0.09531017980432493,-0.10536051565782628,0.10046110847988839,1048568,53.40610728883323,0,0,-5215.450536242499|-5323.010029010648|-5176.7210920185025|-5493.981461544021,-50.69855310721964|-51.74412158081509|-50.32207042923071|-53.40610728883323
0,1,1048576,0.1,false,4,8,0.09531017980432493,-0.10536051565782628,0.10046110847988839,1048568,53.316375666099994,0,0,-5357.926730020896|-5180.533835232162|-5050.699895267865|-5484.750609552796,-52.083541197240464|-50.359133490793404|-49.097038710168405|-53.316375666099994
0,1,1048576,0.1,false,4,8,0.09531017980432493,-0.10536051565782628,0.10046110847988839,1048568,51.334477216161346,0,0,-5277.859122531323|-5260.601442721831|-5146.620487698938|-5280.869182963548,-51.305216904397554|-51.13745778363724|-50.02946731161888|-51.334477216161346
0,1,1048576,0.1,false,4,8,0.09531017980432493,-0.10536051565782628,0.10046110847988839,1048568,51.574411772598175,0,0,-5305.5516785050895|-5232.908886748047|-5112.707140166164|-5245.952481953036,-51.574411772598175|-50.86826291543645|-49.69980113244874|-50.9950575997334
0,1,1048576,0.1,false,4,8,0.09531017980432493,-0.10536051565782628,0.10046110847988839,1048568,52.4853828120903,0,0,-5341.672403688573|-5196.788161564591|-5187.958650964256|-5399.264893286046,-51.92553551373243|-50.517139174302464|-50.43130892647035|-52.4853828120903
0,1,1048576,0.1,false,4,8,0.09531017980432493,-0.10536051565782628,0.10046110847988839,1048568,51.94894376313754,0,0,-5344.080452033744|-5194.38011321926|-5055.716662654714|-5191.972064873611,-51.94894376313754|-50.4937309248958|-49.145805896439526|-50.47032267548604
0,1,1048576,0.1,false,4,8,0.09531017980432493,-0.10536051565782628,0.10046110847988839,1048568,52.832605178318175,0,0,-5103.476288174912|-5434.984277078099|-5077.188427069217|-5127.155430239198,-49.61006950971523|-52.832605178318175|-49.35452945366813|-49.84025062889894
0,1,1048576,0.1,false,4,8,0.09531017980432493,-0.10536051565782628,0.10046110847988839,1048568,51.8338532035473,0,0,-5206.2196842513695|-5332.240881001767|-5134.780916666866|-5301.939605986855,-50.60882148448733|-51.8338532035473|-49.914376752027714|-51.53929939848585
0,1,1048576,0.1,false,4,8,0.09531017980432493,-0.10536051565782628,0.10046110847988839,1048568,52.807246241458515,0,0,-5106.085007215972|-5432.3755580370735|-5092.439399924493|-5047.489164140803,-49.635428446575226|-52.807246241458515|-49.50278169992508|-49.06582771095996
0,1,1048576,0.1,false,4,8,0.09531017980432493,-0.10536051565782628,0.10046110847988839,1048568,52.12645632115505,0,0,-5176.119079932267|-5362.3414853209115|-5125.750735371099|-5191.771394178184,-50.31621836687999|-52.12645632115505|-49.82659581674516|-50.46837198803565
0,1,1048576,0.1,false,4,8,0.09531017980432493,-0.10536051565782628,0.10046110847988839,1048568,52.538051373260096,0,0,-5133.777563189739|-5404.683002063533|-5038.860324235832|-5030.030813635685,-49.904623314775854|-52.538051373260096|-48.98194815057762|-48.89611790274733
0,1,1048576,0.1,false,4,8,0.09531017980432493,-0.10536051565782628,0.10046110847988839,1048568,53.131060358283015,0,0,-5465.686893484134|-5072.773671769142|-5072.372330378219|-5317.591920232731,-53.131060358283015|-49.31161432975297|-49.307712954851525|-51.691453019641116
0,1,1048576,0.1,false,4,8,0.09531017980432493,-0.10536051565782628,0.10046110847988839,1048568,53.39245247668079,0,0,-5492.576766676059|-5045.883798577009|-4996.31813679779|-5228.895472838528,-53.39245247668079|-49.05022221135318|-48.56840241102225|-50.829249166419174
0,1,1048576,0.1,false,4,8,0.09531017980432493,-0.10536051565782628,0.10046110847988839,1048568,52.29226475446881,0,0,-5379.3984944353715|-5159.062070817678|-5059.730076563836|-5040.867031190473,-52.29226475446881|-50.15040993356498|-49.18481964545294|-49.00145502508511
0,1,1048576,0.1,false,4,8,0.09531017980432493,-0.10536051565782628,0.10046110847988839,1048568,51.54125008593478,0,0,-5236.320288571034|-5302.140276682131|-5145.416463526249|-5155.650668995089,-50.901424602100136|-51.54125008593478|-50.01776318691531|-50.11724824690517
0,1,1048576,0.1,false,4,8,0.09531017980432493,-0.10536051565782628,0.10046110847988839,1048568,51.826050453745594,0,0,-5331.438198220043|-5207.022367033024|-5105.482995129155|-5093.04141201084,-51.826050453745594|-50.61662423428836|-49.62957638421885|-49.50863376227689
0,1,1048576,0.1,false,4,8,0.09531017980432493,-0.10536051565782628,0.10046110847988839,1048568,52.971103987323005,0,0,-5449.231896456221|-5089.228668796892|-4994.512100538764|-5168.092252113468,-52.971103987323005|-49.471570700711396|-48.55084622396697|-50.23819086884775
0,1,1048576,0.1,false,4,8,0.09531017980432493,-0.10536051565782628,0.10046110847988839,1048568,51.38129371497667,0,0,-5285.685279654414|-5252.775285598714|-5144.011768658215|-5072.773671769017,-51.38129371497667|-51.06138097305787|-50.00410837476217|-49.311614329751755
0,1,1048576,0.1,false,4,8,0.09531017980432493,-0.10536051565782628,0.10046110847988839,1048568,51.65048858317975,0,0,-5313.377835628434|-5225.082729624695|-4987.4886261972815|-5193.1760890464175,-51.65048858317975|-50.7921861048548|-48.48257216318844|-50.48202680019074
0,1,1048576,0.1,false,4,8,0.09531017980432493,-0.10536051565782628,0.10046110847988839,1048568,51.62122827141943,0,0,-5283.879243395365|-5254.581321857781|-5044.679774404214|-5310.367775196566,-51.363737527921174|-51.07893716011355|-49.03851808664859|-51.62122827141943
0,1,1048576,0.1,false,4,8,0.09531017980432493,-0.10536051565782628,0.10046110847988839,1048568,52.4151580638627,0,0,-5146.419817003867|-5392.040748249272|-5108.292384866004|-5360.134107670619,-50.02751662417195|-52.4151580638627|-49.65688600853275|-52.10499875919499
0,1,1048576,0.1,false,4,8,0.09531017980432493,-0.10536051565782628,0.10046110847988839,1048568,52.39370050190426,0,0,-5389.833370599146|-5148.627194653986|-5037.254958672338|-5240.735043870962,-52.39370050190426|-50.04897418613033|-48.96634265097376|-50.94433972601386
0,1,1048576,0.1,false,4,8,0.09531017980432493,-0.10536051565782628,0.10046110847988839,1048568,52.093294634497624,0,0,-5179.530481754634|-5358.930083498568|-5024.211363466867|-5239.932361088767,-50.34938005353764|-52.093294634497624|-48.83954796667212|-50.93653697620757
0,1,1048576,0.1,false,4,8,0.09531017980432493,-0.10536051565782628,0.10046110847988839,1048568,52.317623691329324,0,0,-5382.007213476485|-5156.45335177677|-5081.402511673865|-5373.779714961987,-52.317623691329324|-50.12505099670646|-49.3954938901329|-52.23764550584406
0,1,1048576,0.1,false,4,8,0.09531017980432493,-0.10536051565782628,0.10046110847988839,1048568,52.475629374835435,0,0,-5365.9535578395335|-5172.507007413615|-5148.225853262643|-5398.26153980861,-52.161568695271136|-50.28110599276361|-50.04507281122479|-52.475629374835435
0,1,1048576,0.1,false,4,8,0.09531017980432493,-0.10536051565782628,0.10046110847988839,1048568,51.86701489020908,0,0,-5305.752349200533|-5232.708216052652|-5142.607073790287|-5335.652282824559,-51.57636246004872|-50.86631222798637|-49.99045356261004|-51.86701489020908
0,1,1048576,0.1,false,4,8,0.09531017980432493,-0.10536051565782628,0.10046110847988839,1048568,53.13691242063583,0,0,-5466.2889055705855|-5072.171659682506|-5065.549526732256|-5194.179442523759,-53.13691242063583|-49.30576226739836|-49.24138958152428|-50.49178023744469
0,1,1048576,0.1,false,4,8,0.09531017980432493,-0.10536051565782628,0.10046110847988839,1048568,51.81434632903748,0,0,-5278.059793227046|-5260.400772025983|-5072.372330377813|-5330.2341740468855,-51.30716759185081|-51.135507096182764|-49.30771295484758|-51.81434632903748
0,1,1048576,0.1,false,4,8,0.09531017980432493,-0.10536051565782628,0.10046110847988839,1048568,52.26495513015738,0,0,-5279.06314670368|-5259.397418549534|-5224.480717538064|-5376.589104698777,-51.31692102909789|-51.1257536589375|-50.78633404250023|-52.26495513015738
0,1,1048576,0.1,false,4,8,0.09531017980432493,-0.10536051565782628,0.10046110847988839,1048568,52.023069886272324,0,0,-5288.0933280001655|-5250.367237253038|-5143.008415180767|-5351.705938462031,-51.40470196438743|-51.037972723647854|-49.994354937507175|-52.023069886272324
0,1,1048576,0.1,false,4,8,0.09531017980432493,-0.10536051565782628,0.10046110847988839,1048568,52.40540462661128,0,0,-5147.423170480955|-5391.037394772191|-5129.964819975689|-5343.277769252158,-50.03727006142344|-52.40540462661128|-49.86756025320937|-51.94114101333717
0,1,1048576,0.1,false,4,8,0.09531017980432493,-0.10536051565782628,0.10046110847988839,1048568,51.26620315538434,0,0,-5264.614856630874|-5273.845708622222|-5105.683665824838|-5247.156506125849,-51.1764715326499|-51.26620315538434|-49.63152707167173|-51.00676172443817
0,1,1048576,0.1,false,4,8,0.09531017980432493,-0.10536051565782628,0.10046110847988839,1048568,51.94309170078681,0,0,-5226.487424492997|-5311.973140760255|-5195.383466696212|-5343.4784399475075,-50.805840917010556|-51.63683377102519|-50.50348436214596|-51.94309170078681
0,1,1048576,0.1,false,4,8,0.09531017980432493,-0.10536051565782628,0.10046110847988839,1048568,52.499037624243066,0,0,-5400.66958815404|-5137.790977099088|-5068.96092855532|-5236.320288570813,-52.499037624243066|-49.94363706379148|-49.2745512681887|-50.90142460209798
0,1,1048576,0.1,false,4,8,0.09531017980432493,-0.10536051565782628,0.10046110847988839,1048568,52.38199637720148,0,0,-5149.831218826605|-5388.629346426538|-5084.813913496794|-5310.969787282856,-50.06067831083321|-52.38199637720148|-49.42865557679602|-51.62708033377068
0,1,1048576,0.1,false,4,8,0.09531017980432493,-0.10536051565782628,0.10046110847988839,1048568,53.72602003075364,0,0,-5011.569109653376|-5526.891455599886|-4971.635641256288|-5191.972064873868,-48.716654657282206|-53.72602003075364|-48.3284678545858|-50.470322675488525
0,1,1048576,0.1,false,4,8,0.09531017980432493,-0.10536051565782628,0.10046110847988839,1048568,51.30911827929605,0,0,-5260.200101331358|-5278.260463921943|-5112.105128079527|-5244.347116389169,-51.133556408740176|-51.30911827929605|-49.69394907009411|-50.97945210012591
0,1,1048576,0.1,false,4,8,0.09531017980432493,-0.10536051565782628,0.10046110847988839,1048568,53.265657792381326,0,0,-5058.927393782161|-5479.533171470812|-5029.228130853588|-5237.925654134432,-49.17701689565171|-53.265657792381326|-48.88831515294199|-50.91703010170306
0,1,1048576,0.1,false,4,8,0.09531017980432493,-0.10536051565782628,0.10046110847988839,1048568,51.88652176471774,0,0,-5299.7322283367685|-5238.728336916337|-5155.44999829954|-5337.658989779321,-51.5178418365278|-50.92483285150653|-50.115297559453595|-51.88652176471774
0,1,1048576,0.1,false,4,8,0.09531017980432493,-0.10536051565782628,0.10046110847988839,1048568,52.03867538587047,0,0,-5353.311304024936|-5185.149261228134|-5147.222499785769|-5300.33424042313,-52.03867538587047|-50.40399930216351|-50.0353193739754|-51.52369389887974
0,1,1048576,0.1,false,4,8,0.09531017980432493,-0.10536051565782628,0.10046110847988839,1048568,53.18372891945009,0,0,-5171.5036539364955|-5366.956911316639|-5109.095067647732|-5471.105002261342,-50.27135255551182|-52.17132213252279|-49.6646887583345|-53.18372891945009
0,1,1048576,0.1,false,4,8,0.09531017980432493,-0.10536051565782628,0.10046110847988839,1048568,52.30201819172336,0,0,-5380.401847912775|-5158.058717340684|-5000.331550707364|-5232.507545356844,-52.30201819172336|-50.1406564963144|-48.60741616004006|-50.864361540532286
0,1,1048576,0.1,false,4,8,0.09531017980432493,-0.10536051565782628,0.10046110847988839,1048568,52.27665925486026,0,0,-5377.793128871396|-5160.66743638171|-5107.891043475107|-5153.443291344939,-52.27665925486026|-50.16601543317407|-49.652984633631554|-50.09579068494649
0,1,1048576,0.1,false,4,8,0.09531017980432493,-0.10536051565782628,0.10046110847988839,1048568,52.649240557949696,0,0,-5416.12123170467|-5122.339333548581|-5068.35891646906|-5204.012306600942,-52.649240557949696|-49.79343413008604|-49.26869920583775|-50.58736392252595
0,1,1048576,0.1,false,4,8,0.09531017980432493,-0.10536051565782628,0.10046110847988839,1048568,51.818247703939896,0,0,-5288.293998695643|-5250.166566557536|-5129.964819975664|-5330.635515437909,-51.4066526518383|-51.03602203619673|-49.86756025320912|-51.818247703939896
0,1,1048576,0.1,false,4,8,0.09531017980432493,-0.10536051565782628,0.10046110847988839,1048568,51.734368143561674,0,0,-5227.29010727542|-5311.170457977821|-5171.102312545479|-5322.006675533362,-50.81364366681907|-51.629031021216576|-50.26745118060947|-51.734368143561674
0,1,1048576,0.1,false,4,8,0.09531017980432493,-0.10536051565782628,0.10046110847988839,1048568,51.62317895886795,0,0,-5227.892119361333|-5310.568445891801|-5184.7479198369465|-5211.838463724379,-50.819495729166654|-51.62317895886795|-50.400097927259495|-50.66344073310844
0,1,1048576,0.1,false,4,8,0.09531017980432493,-0.10536051565782628,0.10046110847988839,1048568,51.86116282785835,0,0,-5335.050270738323|-5203.410294514721|-5141.202378921407|-5114.91451781614,-51.86116282785835|-50.58151186017537|-49.976798750448665|-49.72125869440572
0,1,1048576,0.1,false,4,8,0.09531017980432493,-0.10536051565782628,0.10046110847988839,1048568,52.59462130933107,0,0,-5410.502452231915|-5127.958113021153|-5109.095067647567|-5266.019551498908,-52.59462130933107|-49.8480533787029|-49.66468875833289|-51.190126344803055
0,1,1048576,0.1,false,4,8,0.09531017980432493,-0.10536051565782628,0.10046110847988839,1048568,51.644636520826054,0,0,-5312.775823541892|-5225.684741711232|-5092.2387292285275|-5133.576892494455,-51.644636520826054|-50.79803816720845|-49.50083101246946|-49.90267262732685
0,1,1048576,0.1,false,4,8,0.09531017980432493,-0.10536051565782628,0.10046110847988839,1048568,52.243497568201555,0,0,-5164.078838204274|-5374.38172704892|-5000.1308800114475|-5330.635515437784,-50.19917711983363|-52.243497568201555|-48.60546547258491|-51.81824770393869
0,1,1048576,0.1,false,4,8,0.09531017980432493,-0.10536051565782628,0.10046110847988839,1048568,53.924990150729755,0,0,-4991.100698715668|-5547.359866537197|-4879.327121343105|-5239.330349002828,-48.51768453730224|-53.924990150729755|-47.4311516272443|-50.930684913859736
0,1,1048576,0.1,false,4,8,0.09531017980432493,-0.10536051565782628,0.10046110847988839,1048568,52.11280150899925,0,0,-5360.936790452605|-5177.523774800458|-5125.148723284658|-5169.697617677689,-52.11280150899925|-50.32987317903467|-49.820743754392446|-50.25379636845868
0,1,1048576,0.1,false,4,8,0.09531017980432493,-0.10536051565782628,0.10046110847988839,1048568,52.754577680292606,0,0,-5111.503115993155|-5426.957449259986|-4983.876553679134|-5279.865829486105,-49.688097007742066|-52.754577680292606|-48.44745978907697|-51.32472377890642
0,1,1048576,0.1,false,4,8,0.09531017980432493,-0.10536051565782628,0.10046110847988839,1048568,52.18887831958103,0,0,-5222.674681279414|-5315.785883973843|-5173.109019500396|-5368.76294757597,-50.76877785544861|-51.67389683258718|-50.28695805511964|-52.18887831958103
0,1,1048576,0.1,false,4,8,0.09531017980432493,-0.10536051565782628,0.10046110847988839,1048568,51.36178684047035,0,0,-5283.678572699893|-5254.781992553233|-5220.8686450201185|-5201.604258255886,-51.36178684047035|-51.08088784756418|-50.75122166839073|-50.56395567312196
0,1,1048576,0.1,false,4,8,0.09531017980432493,-0.10536051565782628,0.10046110847988839,1048568,51.96064788784435,0,0,-5193.176089046385|-5345.284476206767|-5178.527128277598|-5317.591920233297,-50.48202680019042|-51.96064788784435|-50.339626616286665|-51.691453019646616
0,1,1048576,0.1,false,4,8,0.09531017980432493,-0.10536051565782628,0.10046110847988839,1048568,52.099146696845054,0,0,-5359.5320955844645|-5178.928469668729|-5145.215792830968|-5311.571799368985,-52.099146696845054|-50.34352799119013|-50.01581249946635|-51.63293239612037
0,1,1048576,0.1,false,4,8,0.09531017980432493,-0.10536051565782628,0.10046110847988839,1048568,52.106949446650525,0,0,-5360.334778366576|-5178.125786886698|-5125.750735371123|-5350.903255679945,-52.106949446650525|-50.33572524138543|-49.82659581674539|-52.0152671364671
0,1,1048576,0.1,false,4,8,0.09531017980432493,-0.10536051565782628,0.10046110847988839,1048568,51.406652651835316,0,0,-5288.293998695335|-5250.166566557808|-5107.48970208394|-5216.052548329399,-51.406652651835316|-51.036022036199384|-49.649083258727735|-50.70440516957682
0,1,1048576,0.1,false,4,8,0.09531017980432493,-0.10536051565782628,0.10046110847988839,1048568,51.324723778903405,0,0,-5272.039672362874|-5266.420892890448|-5217.657913892706|-5279.865829485796,-51.24864696832593|-51.1940277197105|-50.720010669178876|-51.324723778903405
0,1,1048576,0.1,false,4,8,0.09531017980432493,-0.10536051565782628,0.10046110847988839,1048568,52.621930933640996,0,0,-5413.311841968356|-5125.148723284542|-5094.847448269743|-5188.159321659815,-52.621930933640996|-49.820743754391316|-49.52618994933096|-50.43325961392202
0,1,1048576,0.1,false,4,8,0.09531017980432493,-0.10536051565782628,0.10046110847988839,1048568,52.94769573791459,0,0,-5446.823848110711|-5091.63671714247|-5033.442215458458|-5342.274415774999,-52.94769573791459|-49.49497895012047|-48.92927958940892|-51.93138757608501
0,1,1048576,0.1,false,4,8,0.09531017980432493,-0.10536051565782628,0.10046110847988839,1048568,51.5568555855435,0,0,-5303.7456422461255|-5234.714923006992|-5127.556771630135|-4999.127526534114,-51.5568555855435|-50.885819102490935|-49.844152003800524|-48.59571203533104
0,1,1048576,0.1,false,4,8,0.09531017980432493,-0.10536051565782628,0.10046110847988839,1048568,52.36248950269401,0,0,-5224.480717538284|-5313.979847714748|-5175.918409236397|-5386.622639471899,-50.78633404250237|-51.65634064553124|-50.31426767942529|-52.36248950269401
0,1,1048576,0.1,false,4,8,0.09531017980432493,-0.10536051565782628,0.10046110847988839,1048568,52.64338849559845,0,0,-5122.941345634688|-5415.519219618381|-5058.726723086741|-5250.969249339563,-49.79928619243552|-52.64338849559845|-49.17506620820139|-51.04382478600139
0,1,1048576,0.1,false,4,8,0.09531017980432493,-0.10536051565782628,0.10046110847988839,1048568,52.07768913489133,0,0,-5181.135847318401|-5357.324717934824|-5133.57689249385|-5223.276693365955,-50.36498555314415|-52.07768913489133|-49.902672627320975|-50.77462991780231
0,1,1048576,0.1,false,4,8,0.09531017980432493,-0.10536051565782628,0.10046110847988839,1048568,51.3481320283159,0,0,-5256.186687421403|-5282.273877831726|-5225.082729625016|-5106.08500721593,-51.094542659718655|-51.3481320283159|-50.792186104857926|-49.63542844657482
0,1,1048576,0.1,false,4,8,0.09531017980432493,-0.10536051565782628,0.10046110847988839,1048568,52.01136576156803,0,0,-5299.531557641588|-5238.929007611406|-5207.8250498147245|-5350.501914289266,-51.515891149079806|-50.92678353895343|-50.62442698408984|-52.01136576156803
0,1,1048576,0.1,false,4,8,0.09531017980432493,-0.10536051565782628,0.10046110847988839,1048568,52.43661562582128,0,0,-5238.929007611833|-5299.531557641336|-5021.000632339662|-5394.248125899413,-50.92678353895759|-51.515891149077355|-48.80833696746228|-52.43661562582128
