thread_id,sample_idx,n,segments,m,mean_ncd,stat,p_value,c_a,c_b,c_ab,ncd_values
0,1,131072,8,7,0.8494539074970947,-0.3983075216152128,0.5732360671979362,14729|14749|14724|14691|14719|14759|14785,14749|14724|14691|14719|14759|14785|14746,27269|27273|27187|27197|27291|27264|27301,0.850227134042986|0.8508373449047393|0.8486824232545503|0.8496501121000068|0.8518192289450505|0.8457896516739939|0.8491714575583361
0,1,131072,8,7,0.8499896929648282,-0.39688996651150765,0.574601719665425,14696|14749|14713|14769|14734|14720|14753,14749|14713|14769|14734|14720|14753|14756,27224|27301|27233|27294|27274|27241|27268,0.8494135195606481|0.8534815919723371|0.8477215789830049|0.8504299546347078|0.8520428939866974|0.848708737205992|0.8481295744104094
0,1,131072,8,7,0.8495223767512107,-0.3981263689963679,0.573410501240474,14734|14745|14693|14762|14739|14792|14759,14745|14693|14762|14739|14792|14759|14734,27258|27220|27243|27280|27308|27283|27303,0.8493726687012546|0.8495761275008478|0.8501558054464164|0.8495461319604389|0.8497160627366144|0.8466738777717685|0.8516159631411342
0,1,131072,8,7,0.8487728363925395,-0.4001094663830179,0.5715023245567143,14739|14753|14744|14695|14713|14818|14702,14753|14744|14695|14713|14818|14702|14727,27333|27231|27242|27162|27263|27237|27222,0.8536568833457602|0.846404121195689|0.8509902333152469|0.8473458845918576|0.8469429072749359|0.8459306249156431|0.850139200108644
0,1,131072,8,7,0.8491968044215443,-0.39898775241442896,0.5725812895318938,14753|14714|14780|14681|14760|14744|14793,14714|14780|14681|14760|14744|14793|14701,27239|27236|27233|27244|27302|27301|27247,0.8489798685013218|0.8472259810554804|0.8492557510148849|0.8511517615176152|0.8508130081300813|0.8488474278374907|0.8481038328939363
0,1,131072,8,7,0.8480234596458727,-0.40209213089299306,0.5695975891400185,14746|14738|14752|14683|14784|14712|14740,14738|14752|14683|14784|14712|14740|14738,27242|27300|27140|27202|27225|27191|27303,0.8479587684795877|0.8515455531453362|0.844427874186551|0.8467938311688312|0.846387987012987|0.8466078697421981|0.8524423337856174
0,1,131072,8,7,0.8487734038119281,-0.40010796513242664,0.5715037679474779,14685|14725|14703|14714|14714|14716|14755,14725|14703|14714|14714|14716|14755|14702,27155|27240|27190|27240|27134|27238|27252,0.8468590831918505|0.851409168081494|0.8486475465543021|0.8512980834579312|0.8439793422125578|0.8486614706879024|0.8505591324974585
0,1,131072,8,7,0.8493373866097481,-0.3986158069056765,0.5729392734427403,14784|14701|14729|14755|14700|14700|14761,14701|14729|14755|14700|14700|14761|14738,27289|27260|27288|27260|27127|27207|27228,0.851461038961039|0.8526716002444158|0.8511690952219586|0.8512368688580142|0.8453741496598639|0.847300318406612|0.8461486349163336
0,1,131072,8,7,0.848212803068276,-0.4015911752849281,0.570078568465521,14732|14724|14778|14776|14738|14702|14720,14724|14778|14776|14738|14702|14720|14773,27208|27284|27317|27248|27236|27216|27193,0.8474070051588379|0.8499120313980241|0.8486263364460684|0.8466432051976177|0.8504546071380106|0.8501358695652174|0.8443105665741556
0,1,131072,8,7,0.850290744254593,-0.39609345966691484,0.5753697379762024,14779|14745|14743|14764|14742|14702|14770,14745|14743|14764|14742|14702|14770|14722,27304|27282|27291|27356|27192|27282|27256,0.8497868597334055|0.8503899626992201|0.8499051747493904|0.854375507992414|0.8472391805725139|0.8517264725795531|0.8486120514556533
0,1,131072,8,7,0.8497366375033183,-0.3975594883305695,0.5739565200136107,14788|14721|14766|14722|14713|14707|14762,14721|14766|14722|14713|14707|14762|14705,27307|27262|27291|27245|27188|27205|27258,0.8510954828239112|0.8493159962075038|0.8512122443451171|0.8512430376307567|0.8482974240467613|0.8466332475274353|0.8503590299417423
0,1,131072,8,7,0.8481230670129613,-0.40182859457092673,0.5698505924545869,14767|14724|14743|14706|14750|14755|14801,14724|14743|14706|14750|14755|14801|14740,27268|27239|27203|27179|27285|27273|27320,0.8494616374348208|0.8488774333582039|0.8476565149562504|0.8456271186440678|0.8495425279566249|0.8457536652928856|0.8499425714478751
0,1,131072,8,7,0.8488275901497178,-0.39996460155817787,0.5716416141226996,14723|14736|14727|14740|14747|14752|14683,14736|14727|14740|14747|14752|14683|14808,27231|27260|27269|27230|27269|27239|27191,0.8488056460369164|0.8505021715526602|0.8508819538670285|0.8469519224249|0.8488340563991323|0.8511388286334056|0.8446785521339817
0,1,131072,8,7,0.8482217556448955,-0.4015674889935994,0.5701013150277383,14711|14781|14733|14727|14760|14738|14770,14781|14733|14727|14760|14738|14770|14760,27327|27225|27233|27250|27197|27264|27306,0.8535281780664367|0.8451390298355997|0.8488427339985067|0.8484417344173442|0.8441056910569106|0.848070412999323|0.849424509140149
0,1,131072,8,7,0.8500575033499824,-0.396710557096082,0.5747746698402665,14743|14700|14778|14724|14772|14750|14737,14700|14778|14724|14772|14750|14737|14753,27233|27243|27292|27245|27333|27309|27267,0.8500983517601574|0.8487616727568007|0.8504533766409528|0.8476171134578933|0.8518142431627403|0.8523389830508474|0.849318782620484
0,1,131072,8,7,0.8499157373503243,-0.3970856346755418,0.5744131241802761,14768|14718|14764|14737|14691|14769|14737,14718|14764|14737|14691|14769|14737|14744,27226|27236|27275|27221|27213|27369|27298,0.8469664138678223|0.8478732050934706|0.8492278515307504|0.8502408902761757|0.8478569977655901|0.8553050308077731|0.851939772110689
0,1,131072,8,7,0.8488603349549767,-0.3998779669467335,0.5717249222334417,14764|14771|14766|14744|14753|14739|14757,14771|14766|14744|14753|14739|14757|14717,27281|27275|27300|27271|27279|27265|27253,0.8474036964321983|0.8468620946449124|0.8503318434240823|0.8491154341489866|0.8499966108588084|0.8488175103340787|0.84949515484177
0,1,131072,8,7,0.8497613816832842,-0.3974940213839835,0.5740195935582744,14762|14701|14709|14703|14698|14745|14773,14701|14709|14703|14698|14745|14773|14726,27185|27184|27216|27268|27214|27290|27288,0.845684866549248|0.8486640832143586|0.8507036508260248|0.8549275658028974|0.8488301119023398|0.8491843227509646|0.8503350707371556
0,1,131072,8,7,0.8502962076822512,-0.39607900479602504,0.5753836803225729,14774|14728|14755|14729|14762|14711|14677,14728|14755|14729|14762|14711|14677|14676,27347|27234|27270|27183|27308|27188|27195,0.854135643698389|0.8475770925110132|0.8499491697729583|0.8436526215959897|0.8533396558731879|0.8504520426891442|0.8529672276350753
0,1,131072,8,7,0.8501737923080162,-0.3964028854329019,0.5750713217747587,14676|14725|14758|14724|14798|14710|14753,14725|14758|14724|14798|14710|14753|14756,27198|27329|27283|27273|27300|27247|27254,0.8503904923599321|0.8540452635858518|0.8509960699281746|0.848020002703068|0.8507906473847817|0.849793262387311|0.8471808078069938
0,1,131072,8,7,0.8485402872008486,-0.40072473371182116,0.5709109163315791,14790|14741|14783|14749|14754|14775|14787,14741|14783|14749|14754|14775|14787|14748,27254|27249|27279|27304|27360|27313|27287,0.8460446247464503|0.8461070148143137|0.8475952107150105|0.8509556730378203|0.8531979695431472|0.8479069452897816|0.8479745722594171
0,1,131072,8,7,0.8483216274785395,-0.40130325295879765,0.5703550971067024,14725|14714|14763|14686|14735|14739|14750,14714|14763|14686|14735|14739|14750|14730,27240|27234|27232|27158|27220|27256|27232,0.8506621392190152|0.848066111224006|0.8498272708799025|0.8464200882253139|0.8470723929710292|0.8486101694915255|0.8475932203389831
0,1,131072,8,7,0.8499974500890815,-0.39686944308984445,0.5746215029391282,14786|14759|14738|14780|14733|14738|14731,14759|14738|14780|14733|14738|14731|14693,27355|27267|27263|27328|27289|27250|27188,0.8518869200595157|0.8489057524222509|0.8474289580514208|0.8521650879566982|0.8519473469941647|0.84943682996336|0.8482112551761591
0,1,131072,8,7,0.8489882596537525,-0.39953951000723,0.5720504387929579,14712|14721|14750|14722|14760|14770|14745,14721|14750|14722|14760|14770|14745|14755,27239|27210|27275|27284|27257|27272|27270,0.8509612118741934|0.8467118644067797|0.8510508474576272|0.8510840108401084|0.8461069735951252|0.8481381178063643|0.8488647915960691
0,1,131072,8,7,0.8484259054229071,-0.4010273594507719,0.5706201328967917,14735|14762|14734|14753|14684|14694|14736,14762|14734|14753|14684|14694|14736|14743,27210|27290|27222|27180|27160|27220|27279,0.8450751930632706|0.8505622544370681|0.8464719040195214|0.847014166610181|0.8490540356608139|0.8500271444082519|0.8507766397612426
0,1,131072,8,7,0.8482148423735476,-0.401585779790332,0.57008374986139,14771|14750|14770|14755|14732|14709|14739,14750|14770|14755|14732|14709|14739|14747,27282|27251|27317|27215|27215|27228|27243,0.8484191997833593|0.8463777928232905|0.8505077860528097|0.846018298881735|0.8489003529731197|0.8493791980460004|0.8479012680545196
0,1,131072,8,7,0.848683083299725,-0.40034693074600414,0.5712740341606752,14696|14777|14762|14768|14747|14725|14784,14777|14762|14768|14747|14725|14784|14754,27237|27268|27288|27294|27274|27326|27242,0.8486837653109562|0.8463152195980239|0.8481852654387866|0.8496072589382448|0.8509527361497253|0.8523403679653679|0.8446969696969697
0,1,131072,8,7,0.8475171003041115,-0.4034318317853274,0.5683122628905934,14727|14794|14734|14776|14784|14764|14781,14794|14734|14776|14784|14764|14781|14765,27286|27337|27278|27268|27317|27283|27208,0.8489252399621469|0.8518994186832499|0.8489442338927992|0.8449675324675324|0.8490936147186147|0.8469656992084432|0.8418239631959948
0,1,131072,8,7,0.8483306346054372,-0.4012794223409989,0.5703779875616126,14751|14729|14759|14736|14713|14730|14747,14729|14759|14736|14713|14730|14747|14768,27243|27254|27222|27274|27229|27222|27243,0.848349264456647|0.8486347313503625|0.8459922758994511|0.8524022801302932|0.8496945010183299|0.8470875432291314|0.8461538461538461
0,1,131072,8,7,0.845782533341696,-0.4080210646002677,0.5639198389246487,14681|14759|14742|14779|14772|14717|14779,14759|14742|14779|14772|14717|14779|14779,27201|27171|27237|27290|27235|27201|27274,0.848295955010502|0.8421302256250424|0.845456390824819|0.8470126530888423|0.8474140265366911|0.8447120914811557|0.845456390824819
0,1,131072,8,7,0.8499069899264329,-0.39710877818377105,0.574390819161948,14715|14760|14694|14737|14726|14715|14741,14760|14694|14737|14726|14715|14741|14828,27234|27264|27162|27296|27262|27227|27341,0.848170731707317|0.8516260162601627|0.8460337924950804|0.8529551469091402|0.8520304223821812|0.8487890916491418|0.849743728082007
0,1,131072,8,7,0.8483173195919517,-0.4013146505553852,0.5703441493216026,14724|14742|14689|14735|14789|14706|14721,14742|14689|14735|14789|14706|14721|14776,27236|27206|27195|27256|27256|27198|27249,0.848731515398182|0.8490706824040157|0.8487275195113675|0.8466427750354993|0.8486036919331936|0.8485836560016303|0.8478613968597726
0,1,131072,8,7,0.8484723618104281,-0.4009044474025809,0.5707382266608438,14760|14767|14717|14764|14734|14747|14713,14767|14717|14764|14734|14747|14713|14785,27257|27308|27273|27232|27244|27207|27249,0.8462788650369066|0.8526444098327352|0.8504470333243024|0.8465185586561907|0.8483081304672137|0.8472231640333627|0.8478863713222861
0,1,131072,8,7,0.8492959658417362,-0.3987253959569494,0.5728337869647984,14732|14703|14730|14695|14726|14738|14735,14703|14730|14695|14726|14738|14735|14731,27284|27168|27205|27249|27202|27214|27253,0.8539913114308987|0.8462321792260692|0.8492871690427699|0.8525057721037621|0.846519202062695|0.8467227574976252|0.8498133695283339
0,1,131072,8,7,0.8486960978173086,-0.40031249756904436,0.5713071343897496,14752|14736|14751|14755|14749|14714|14722,14736|14751|14755|14749|14714|14722|14752,27264|27283|27229|27240|27234|27195|27293,0.8492407809110629|0.8505864009219714|0.8456794307014571|0.8465604879701796|0.8488711099057563|0.8477788343975003|0.8521556399132321
0,1,131072,8,7,0.8482370438693991,-0.4015270401535752,0.5701401601022908,14766|14732|14710|14690|14733|14684|14776,14732|14710|14690|14733|14684|14776|14781,27212|27264|27220|27120|27239|27184|27291,0.8451848841934173|0.8521585663860983|0.8518014955812373|0.8436842462499151|0.8521686010995724|0.8459664320519762|0.8466950815235775
0,1,131072,8,7,0.8486533146175502,-0.4004256912758966,0.5711983259725639,14664|14799|14716|14756|14785|14736|14684,14799|14716|14756|14785|14736|14684|14698,27210|27307|27203|27289|27266|27225|27171,0.847759983782688|0.8508007297790391|0.8462320412035782|0.8476834629692256|0.847480554616165|0.8510450597176982|0.8495713702544564
0,1,131072,8,7,0.8486190871954503,-0.40051624852279183,0.571111284147517,14685|14722|14753|14729|14745|14777|14705,14722|14753|14729|14745|14777|14705|14709,27141|27222|27296|27228|27271|27247|27223,0.8460806955576688|0.8472852979055108|0.8518267471022842|0.8476771787046457|0.8476686742911281|0.8487514380456114|0.8510435787613027
0,1,131072,8,7,0.8497191618052182,-0.3976057246817295,0.5739119759924385,14806|14768|14734|14675|14756|14747|14732,14768|14734|14675|14756|14747|14732|14724,27310|27333|27274|27186|27272|27251|27204,0.8470890179656896|0.8531283856988082|0.8550970544319262|0.8478584982380049|0.8488072648414204|0.8489184240862548|0.847135487374423
0,1,131072,8,7,0.8476936941522181,-0.40296460838017356,0.5687603654902582,14696|14712|14671|14768|14728|14715|14700,14712|14671|14768|14728|14715|14700|14710,27167|27149|27148|27226|27193|27212|27194,0.8476753670473083|0.8481511691136487|0.8448672806067172|0.8462892741061755|0.8472297664312873|0.8502888209310228|0.8493541808293678
0,1,131072,8,7,0.8501002388797267,-0.39659748951223195,0.5748836793232286,14763|14744|14746|14685|14766|14778|14719,14744|14746|14685|14766|14778|14719|14759,27266|27293|27226|27229|27366|27299|27229,0.8482015850436903|0.8510104435101045|0.8504679235046793|0.8495191656508194|0.8526187576126675|0.8512653945053458|0.8476184023307812
0,1,131072,8,7,0.8499054401599014,-0.39711287848060345,0.5743868674617283,14782|14707|14755|14713|14704|14743|14777,14707|14755|14713|14704|14743|14777|14729,27254|27227|27286|27195|27220|27325|27297,0.8488025977540251|0.8485259234157913|0.8521179261267366|0.8489770950859784|0.8489452621583125|0.8514583474318197|0.8505109291466468
0,1,131072,8,7,0.8478844891161137,-0.4024598123543022,0.5692446927415271,14747|14766|14711|14713|14790|14719|14765,14766|14711|14713|14790|14719|14765|14679,27285|27237|27190|27209|27251|27209|27251,0.849112826764188|0.8483001489909251|0.8481614898389179|0.844895199459094|0.8473292765382014|0.8459194039959363|0.8514730782255333
0,1,131072,8,7,0.8487859573545057,-0.4000747515806935,0.5715357018564124,14765|14676|14736|14770|14750|14737|14779,14676|14736|14770|14750|14737|14779|14733,27263|27217|27283|27232|27286|27256|27229,0.8524889942431426|0.8510450597176982|0.8494922139471902|0.8450914014895058|0.8507796610169491|0.847080316665539|0.8455240544015157
0,1,131072,8,7,0.8478328801131881,-0.40259635694145524,0.5691136654195597,14717|14729|14821|14728|14736|14795|14774,14729|14821|14728|14736|14795|14774|14782,27219|27320|27294|27195|27257|27343|27291,0.84880168375314|0.8495378179610013|0.8478510221982323|0.8460233441910966|0.8462994254815817|0.8495437647854005|0.8467731024218644
0,1,131072,8,7,0.8490752250841588,-0.39930942110571516,0.5722717808778452,14727|14728|14727|14765|14749|14793|14726,14728|14727|14765|14749|14793|14726|14738,27261|27193|27271|27303|27328|27264|27229,0.8510320478001087|0.8464149918522542|0.8495767016593295|0.8502539790044022|0.8503346177245995|0.8475630365713513|0.8483512009770661
0,1,131072,8,7,0.8475672274047831,-0.4032992079430058,0.5684394420296428,14746|14758|14747|14749|14773|14756|14712,14758|14747|14749|14773|14756|14712|14744,27250|27274|27200|27307|27215|27261|27225,0.8472692776799025|0.8488277544382707|0.844328429046037|0.8500643065051107|0.8433628917619982|0.8504337218758471|0.8486842105263158
0,1,131072,8,7,0.8488892268960383,-0.39980152605579056,0.5717984328245485,14797|14720|14742|14756|14713|14710|14726,14720|14742|14756|14713|14710|14726|14705,27280|27289|27270|27226|27179|27214|27181,0.8488207069000473|0.8525980192646859|0.8490105719707238|0.8479940363242071|0.847481818799701|0.849110416949613|0.8472090180632894
0,1,131072,8,7,0.8480918625671394,-0.4019111537743709,0.5697713272078757,14730|14747|14784|14771|14726|14689|14716,14747|14784|14771|14726|14689|14716|14731,27225|27275|27311|27232|27231|27169|27198,0.8472909744354784|0.8474025974025974|0.8482142857142857|0.8466589939746801|0.8516908868667663|0.8480565371024735|0.8473287624736949
0,1,131072,8,7,0.8501694078377495,-0.3964144856508582,0.5750601357231613,14797|14746|14717|14692|14736|14719|14729,14746|14717|14692|14736|14719|14729|14654,27329|27257|27187|27189|27251|27264|27191,0.8503750760289248|0.850400108504001|0.849018142284433|0.8480591748099892|0.8504343105320304|0.851721094439541|0.8511779482653269
0,1,131072,8,7,0.8482576971764523,-0.4014723966393615,0.5701926390468119,14777|14742|14793|14743|14660|14735|14772,14742|14793|14743|14660|14735|14772|14716,27260|27238|27294|27160|27182|27270|27291,0.8471272924138864|0.84472385587778|0.848441830595552|0.847860001356576|0.8498133695283339|0.8485648524235039|0.8512726780395342
0,1,131072,8,7,0.8487511338635105,-0.4001668858776498,0.5714471193732731,14736|14693|14784|14720|14750|14760|14789,14693|14784|14720|14750|14760|14789|14733,27214|27192|27337|27286|27225|27308|27261,0.8496878393051032|0.8454410173160173|0.8534226190476191|0.8519322033898306|0.8451897018970189|0.8484684562850767|0.8471160998039083
0,1,131072,8,7,0.8492295308911768,-0.39890116631449235,0.5726646159930695,14767|14780|14781|14756|14717|14674|14754,14780|14781|14756|14717|14674|14754|14766,27257|27334|27327|27255|27192|27234|27278,0.8450608930987822|0.8493336039510182|0.8504837291116975|0.8496882624017349|0.85058096079364|0.8512945641859835|0.8481647026953812
0,1,131072,8,7,0.8496431432468452,-0.3978068508822102,0.5737182304156863,14719|14675|14709|14745|14766|14721|14748,14675|14709|14745|14766|14721|14748|14731,27141|27203|27245|27272|27271|27264|27265,0.8469325361777295|0.8517234346318581|0.850186503899627|0.848367872138697|0.8499255045374509|0.8504882017900732|0.8498779495524816
0,1,131072,8,7,0.8483864088617904,-0.4011318575291289,0.5705197404111471,14721|14733|14696|14778|14739|14731|14704,14733|14696|14778|14739|14731|14704|14732,27178|27232|27270|27296|27202|27158|27229,0.8455168668974411|0.8508789791624245|0.8508593855731493|0.8497090269319258|0.8461225320578059|0.8454280089606951|0.8501900624490905
0,1,131072,8,7,0.8483312105456632,-0.401277898546391,0.5703794512545368,14741|14770|14756|14734|14696|14744|14755,14770|14756|14734|14696|14744|14755|14744,27220|27341|27242|27229|27199|27203|27296,0.8448882870683818|0.8520649966147597|0.8476551911087016|0.8506176191122574|0.8480059685295713|0.8443917316164012|0.8506946797695696
0,1,131072,8,7,0.8487247652467643,-0.40023665067997705,0.5713800483772575,14757|14716|14739|14734|14755|14755|14722,14716|14739|14734|14755|14755|14722|14717,27212|27256|27228|27250|27247|27275|27233,0.8467845768110049|0.8508039894158356|0.8476830178438157|0.848254828871569|0.8466282616062352|0.8507624534056252|0.8501562287732645
0,1,131072,8,7,0.8475308202312754,-0.403395532270046,0.5683470708229001,14721|14695|14759|14728|14766|14705|14758,14695|14759|14728|14766|14705|14758|14718,27145|27226|27172|27255|27245|27197|27273,0.8457305889545547|0.849041262958195|0.8431465546446236|0.848367872138697|0.8492482730597318|0.8464561593711885|0.8507250304919366
0,1,131072,8,7,0.8503239927292304,-0.3960054924715518,0.5754545886003544,14730|14710|14717|14734|14725|14775|14771,14710|14717|14734|14725|14775|14771|14710,27206|27267|27251|27239|27325|27314|27250,0.848336727766463|0.8532309573962085|0.8506854893443736|0.8493280847020497|0.8527918781725888|0.8489340101522843|0.8489608015706451
0,1,131072,8,7,0.8488465699391597,-0.399914385755378,0.5716899010909329,14757|14735|14752|14822|14756|14739|14745,14735|14752|14822|14756|14739|14745|14761,27255|27302|27280|27293|27295|27281|27278,0.848410923629464|0.8518844902386117|0.8452300634192417|0.8458372689245716|0.8509081051775549|0.8505934214988131|0.8490617166858614
0,1,131072,8,7,0.8491509651177658,-0.39910903181249935,0.5724645855235695,14770|14695|14690|14703|14784|14744|14753,14695|14690|14703|14784|14744|14753|14773,27248|27175|27166|27204|27332|27285|27294,0.849898442789438|0.8496087104457298|0.8485343127252941|0.8455762987012987|0.851461038961039|0.8500643936826409|0.8489135585189197
0,1,131072,8,7,0.8502872486561861,-0.3961027081509827,0.5753608174982112,14766|14734|14729|14719|14726|14713|14682,14734|14729|14719|14726|14713|14682|14770,27288|27237|27261|27241|27210|27219|27241,0.8501963971285386|0.8489208633093526|0.8515174146242107|0.8503327448051066|0.8486350672280321|0.8521035818663767|0.8503046716316859
0,1,131072,8,7,0.848375558995922,-0.40116056357597507,0.5704921636607672,14750|14795|14715|14758|14744|14722|14759,14795|14715|14758|14744|14722|14759|14726,27322|27303|27218|27259|27254|27174|27259,0.8497465359918892|0.8508279824264955|0.847201517820843|0.8480146361295569|0.8499728703201302|0.8436885967884002|0.8491767734941391
0,1,131072,8,7,0.8489982292574759,-0.3995131329151078,0.572075811096636,14745|14709|14750|14780|14747|14766|14709,14709|14750|14780|14747|14766|14709|14729,27188|27266|27244|27321|27250|27275|27251,0.8463207867073584|0.8513220338983051|0.8453315290933694|0.850744248985115|0.8467425165921713|0.8510090749018014|0.8515174146242107
0,1,131072,8,7,0.8489703124075685,-0.39958699395735126,0.5720047650074291,14806|14784|14719|14758|14753|14713|14757,14784|14719|14758|14753|14713|14757|14773,27293|27267|27249|27329|27213|27277|27304,0.8448601918141294|0.8487554112554112|0.8490310340154492|0.8521479875321859|0.8472852979055108|0.8513925594633055|0.849319704866987
0,1,131072,8,7,0.8489853784654685,-0.3995471329149097,0.5720431063660043,14732|14715|14768|14717|14739|14691|14734,14715|14768|14717|14739|14691|14734|14775,27222|27283|27281|27184|27171|27255|27246,0.8489682324192235|0.8510292524377031|0.8507583965330444|0.8458511432254563|0.8467331569305923|0.8527215963078594|0.8468358714043993
0,1,131072,8,7,0.8499579109582225,-0.39697405379715295,0.5745206682333643,14756|14715|14715|14717|14757|14740|14807,14715|14715|14717|14757|14740|14807|14796,27294|27252|27246|27165|27319|27337|27339,0.8524667931688804|0.8519877675840979|0.8514642929944961|0.8435318831740869|0.8524090262248425|0.8507462686567164|0.8470993449044371
0,1,131072,8,7,0.8505630053928831,-0.3953731244033317,0.5760647265829635,14719|14681|14758|14714|14767|14705|14776,14681|14758|14714|14767|14705|14776|14789,27207|27266|27237|27259|27326|27242|27331,0.8510089000611455|0.8527578262637213|0.8485567150020328|0.8495293559964786|0.8546759666824677|0.8484704926908501|0.8489417810534857
0,1,131072,8,7,0.8503449700339437,-0.39594999174010403,0.5755081260497943,14696|14706|14742|14747|14700|14802|14686,14706|14742|14747|14700|14802|14686|14733,27195|27187|27327|27239|27271|27332|27188,0.8499252005983952|0.8466286799620133|0.85339391062589|0.8502746321285686|0.8492771247128766|0.854344007566545|0.8485712346433177
0,1,131072,8,7,0.8487270784412754,-0.4002305305425667,0.5713859320498624,14716|14732|14712|14737|14776|14730|14746,14732|14712|14737|14776|14730|14746|14737,27156|27206|27271|27317|27298|27262|27191,0.8444203095302742|0.8480857996198751|0.8522087263350749|0.8513806172171088|0.850568489442339|0.8498575884985758|0.8445680184456802
0,1,131072,8,7,0.8490016727601918,-0.3995040222632827,0.5720845748186247,14721|14660|14740|14737|14823|14735|14710,14660|14740|14737|14823|14735|14710|14765,27121|27205|27234|27311|27360|27210|27250,0.8464778208002174|0.8510854816824966|0.8478290366350067|0.8482763273291506|0.851716926398165|0.848320325755005|0.8493057907213004
0,1,131072,8,7,0.8488101900911655,-0.400010637785905,0.5715973478924461,14782|14754|14749|14733|14763|14730|14761,14754|14749|14733|14763|14730|14761|14820,27266|27293|27304|27266|27287|27215|27319,0.8464348531998377|0.8502101125118612|0.8523289714556919|0.8489466910519542|0.8505723768881663|0.8458099044780164|0.8473684210526315
0,1,131072,8,7,0.8482620279551784,-0.40146093847586906,0.5702036436151201,14737|14723|14764|14786|14688|14679|14744,14723|14764|14786|14688|14679|14744|14746,27225|27251|27302|27262|27133|27197|27214,0.8483409106331004|0.8485505283121105|0.8479642905451102|0.8503990261057758|0.8479030501089324|0.849023331524688|0.8456530584565306
0,1,131072,8,7,0.8482880715154479,-0.40139203369214105,0.5702698227949718,14759|14733|14680|14769|14772|14704|14771,14733|14680|14769|14772|14704|14771|14732,27266|27183|27204|27249|27228|27279|27261,0.8491767734941391|0.848639109482115|0.8479924165481753|0.8448415922014623|0.8478202003790956|0.851330309390021|0.8482160991131271
0,1,131072,8,7,0.8481851363419036,-0.4016643745625006,0.5700082760287317,14731|14723|14746|14790|14704|14772|14742,14723|14746|14790|14704|14772|14742|14714,27228|27217|27282|27263|27268|27235|27217,0.8488900957165162|0.8472806184728062|0.8475997295469913|0.8491548343475321|0.8505280259951259|0.8457216355266721|0.8481210147876814
0,1,131072,8,7,0.8488398931211985,-0.39993205095525286,0.5716729142062815,14718|14699|14728|14778|14768|14707|14747,14699|14728|14778|14768|14707|14747|14775,27254|27229|27283|27269|27222|27248|27228,0.8530370974317163|0.8507604562737643|0.8495736906211937|0.8459196102314251|0.8474404117009751|0.8504102529327999|0.8447377326565144
0,1,131072,8,7,0.8492784307415088,-0.39877178947136566,0.572789133014171,14678|14752|14744|14769|14734|14790|14767,14752|14744|14769|14734|14790|14767|14698,27186|27285|27253|27296|27291|27297|27297,0.847885032537961|0.8501220173535792|0.8469767756787866|0.850565373417293|0.8490196078431372|0.8471940500338067|0.8531861583259972
0,1,131072,8,7,0.8474820933797206,-0.4035244514014311,0.5682234537254314,14725|14692|14738|14791|14771|14808|14822,14692|14738|14791|14771|14808|14822|14727,27177|27169|27247|27280|27321|27373|27344,0.8478777589134125|0.8465870538743384|0.8457169900615239|0.8457169900615239|0.8475148568341437|0.8477263527189313|0.8512346511941709
0,1,131072,8,7,0.8483015550703561,-0.40135635955906496,0.5703040872371479,14751|14668|14721|14779|14715|14740|14744,14668|14721|14779|14715|14740|14744|14730,27198|27135|27263|27261|27202|27239|27253,0.8494339366822589|0.8468854018069425|0.8486365789295622|0.8489072332363489|0.8471506105834464|0.8477346717308736|0.8493624525230602
0,1,131072,8,7,0.8488912969357439,-0.3997960492455254,0.5718036998582219,14785|14702|14733|14708|14705|14741|14779,14702|14733|14708|14705|14741|14779|14718,27290|27184|27213|27186|27194|27315|27254,0.8514034494420021|0.8472137378673725|0.8487748591597095|0.8485858036442753|0.8472288175836103|0.8508018133838555|0.8482305974693822
0,1,131072,8,7,0.8486995660260509,-0.4003033215512174,0.5713159553473655,14724|14678|14705|14687|14711|14677|14781,14678|14705|14687|14711|14677|14781|14690,27151|27176|27138|27247|27161|27194|27223,0.8471203477315947|0.849914994899694|0.8467188031281877|0.8537828835565223|0.8486166813948746|0.8468303903660104|0.8479128611054733
0,1,131072,8,7,0.8497403930003758,-0.39754955221930577,0.5739660926598913,14809|14723|14733|14767|14740|14744|14797,14723|14733|14767|14740|14744|14797|14744,27327|27270|27245|27300|27268|27302|27310,0.8511040583428996|0.8516256023891944|0.8472946434617729|0.8505451344213449|0.8497015735214325|0.8486855443671014|0.8492261944988849
0,1,131072,8,7,0.8498245713512645,-0.39732683723707873,0.5741806805258132,14703|14756|14734|14718|14754|14775|14672,14756|14734|14718|14754|14775|14672|14796,27250|27272|27206|27284|27313|27238|27234,0.8502981837896448|0.8496882624017349|0.8475634586670286|0.8517012335637794|0.8500169204737733|0.8504906937394247|0.8490132468234658
0,1,131072,8,7,0.8480991463584776,-0.40189188267388837,0.5697898289571541,14697|14756|14763|14773|14735|14756|14753,14756|14763|14773|14735|14756|14753|14760,27215|27233|27314|27248|27291|27289|27242,0.8483328815397126|0.8451534241007925|0.849590469099032|0.847018208894605|0.8509081051775549|0.8495527243155326|0.8461382113821139
0,1,131072,8,7,0.8511123511780897,-0.39391969207189353,0.5774682215861922,14705|14701|14729|14758|14753|14734|14760,14701|14729|14758|14753|14734|14760|14763,27196|27230|27299|27309|27320|27294|27321,0.8497109826589595|0.8506348020911128|0.851741428377829|0.8507927903509961|0.8531146207551007|0.8509485094850948|0.8508433245275351
0,1,131072,8,7,0.8492721431024359,-0.3987884250006862,0.5727731216504268,14788|14736|14707|14704|14748|14739|14772,14736|14707|14704|14748|14739|14772|14745,27226|27165|27215|27306|27283|27275|27309,0.8446037327562889|0.8454125950054289|0.850683348065547|0.8544887442365067|0.8505560075942501|0.8486325480639046|0.8505280259951259
0,1,131072,8,7,0.8476689161370717,-0.40303016484623255,0.568697481697124,14756|14732|14738|14677|14732|14775|14754,14732|14738|14677|14732|14775|14754|14699,27265|27189|27180|27208|27274|27232|27192,0.8493494171862294|0.845230017641471|0.8483512009770661|0.8505973391257128|0.8488663282571912|0.8445346869712352|0.8467534228005964
0,1,131072,8,7,0.8486852791987257,-0.40034112094334395,0.5712796189951947,14722|14743|14821|14772|14744|14749|14766,14743|14821|14772|14744|14749|14766|14786,27317|27336|27329|27299|27300|27214|27248,0.854303737366886|0.8496727616220228|0.8472437757236354|0.8499187652315191|0.8513119533527697|0.8441690369768386|0.8441769241174084
0,1,131072,8,7,0.8495135738581455,-0.39814965926223617,0.573388073352675,14756|14760|14744|14766|14715|14689|14739,14760|14744|14766|14715|14689|14739|14711,27324|27313|27292|27203|27201|27168|27255,0.851490514905149|0.8515582655826558|0.8497900582419071|0.8457266693755926|0.8502888209310228|0.8466653097225049|0.8510753782481851
0,1,131072,8,7,0.8464709370476685,-0.4061997195926491,0.5656611175171717,14716|14775|14789|14743|14704|14725|14793,14775|14789|14743|14704|14725|14793|14702,27199|27273|27303|27213|27156|27239|27217,0.8448730964467005|0.8450875650821557|0.8492798701737778|0.8484704605575527|0.8456366723259763|0.8459406476035963|0.8460082471439194
0,1,131072,8,7,0.8470734447650933,-0.404605634009346,0.5671872432021003,14710|14730|14799|14774|14737|14765|14757,14730|14799|14774|14737|14765|14757|14751,27190|27246|27284|27264|27292|27297|27201,0.8472505091649695|0.8457328197851206|0.8453273869856072|0.8479084878841208|0.8503217067389096|0.8493057907213004|0.8436674120756251
0,1,131072,8,7,0.8473967952226843,-0.40375012911224123,0.5680070883854249,14725|14750|14730|14764|14753|14772|14761,14750|14730|14764|14753|14772|14761|14807,27205|27259|27217|27283|27244|27308|27300,0.8461016949152542|0.8494237288135593|0.8457735031156868|0.8486859929558386|0.8455862442458706|0.8493772001083131|0.8468292024042683
0,1,131072,8,7,0.8487780194275647,-0.40009575336130476,0.5715155091281039,14734|14737|14774|14704|14731|14736|14719,14737|14774|14704|14731|14736|14719|14758,27206|27250|27305|27229|27254|27201|27236,0.8463052181583769|0.8469608772167321|0.8529172871260322|0.8502477767972303|0.8498235613463626|0.8470412595005429|0.8481501558476758
0,1,131072,8,7,0.8506886224933892,-0.3950407727949756,0.5763855171618872,14722|14729|14745|14716|14769|14711|14669,14729|14745|14716|14769|14711|14669|14706,27264|27268|27228|27288|27301|27128|27224,0.8515174146242107|0.8503899626992201|0.8485588335028823|0.8512424673302187|0.852461236373485|0.8469172727890694|0.8537331701346389
0,1,131072,8,7,0.8486755896150263,-0.4003667571721203,0.5712549756523242,14749|14744|14769|14729|14781|14807|14676,14744|14769|14729|14781|14807|14676|14757,27304|27261|27253|27297|27290|27256|27204,0.8515831581802156|0.8475184508091272|0.8479924165481753|0.8502807658480481|0.844803133653002|0.8495981630309989|0.848953039235617
0,1,131072,8,7,0.8497562745740994,-0.39750753352480483,0.5740065751380776,14687|14688|14710|14699|14655|14753|14738,14688|14710|14699|14655|14753|14738|14797,27186|27140|27233|27197|27197|27261|27264,0.8509667755991286|0.8464989802855201|0.8520734194425561|0.853255323491394|0.8501321765064732|0.8488443028536569|0.8465229438399675
0,1,131072,8,7,0.848636245179626,-0.4004708527636638,0.5711549168593701,14729|14773|14741|14788|14721|14746|14725,14773|14741|14788|14721|14746|14725|14708,27269|27267|27268|27241|27255|27238|27245,0.8488458674609084|0.8478981926487511|0.8471057614281851|0.8466324046524208|0.8499932184999321|0.848569103485691|0.851409168081494
0,1,131072,8,7,0.8487727984195708,-0.4001095668500498,0.5715022279618531,14734|14749|14760|14728|14741|14725|14709,14749|14760|14728|14741|14725|14709|14798,27267|27223|27255|27213|27272|27252|27256,0.8497525255949556|0.8451219512195122|0.8487127371273713|0.8469574655722135|0.8511634217488637|0.8518166383701189|0.84788484930396
0,1,131072,8,7,0.8494978558464946,-0.39819124521216887,0.5733480282569068,14731|14739|14731|14708|14772|14728|14735,14739|14731|14708|14772|14728|14735|14753,27310|27248|27176|27167|27343|27241|27287,0.8534500305312437|0.8492435036298256|0.846378385717195|0.8434199837530463|0.8539805036555645|0.8492025788937902|0.8508100047447976
0,1,131072,8,7,0.8484274665553021,-0.401023229082691,0.570624101160998,14744|14752|14743|14775|14765|14703|14785,14752|14743|14775|14765|14703|14785|14725,27311|27246|27240|27303|27235|27187|27322,0.8518844902386117|0.8475460954446855|0.8458206429780034|0.8485956006768189|0.8487639688452421|0.8443692932025701|0.8520121745011836
0,1,131072,8,7,0.8492325969116743,-0.39889305438674133,0.5726724228323805,14691|14779|14686|14783|14723|14731|14712,14779|14686|14783|14723|14731|14712|14708,27233|27255|27188|27317|27217|27229|27214,0.8486365789295622|0.8504634955003721|0.8457011432050328|0.8519245078806738|0.8481433711221235|0.8497047043649447|0.8500543773790104
0,1,131072,8,7,0.8501968858425369,-0.39634178568366646,0.5751302417576651,14755|14736|14682|14701|14726|14736|14768,14736|14682|14701|14726|14736|14768|14742,27259|27231|27116|27276|27222|27321|27312,0.848729244323958|0.8515879478827362|0.845792803210666|0.8539318212685046|0.8479913137893594|0.8521803900325027|0.8511646803900325
0,1,131072,8,7,0.8486563126089298,-0.4004177593362735,0.5712059502959097,14753|14706|14745|14737|14730|14770|14754,14706|14745|14737|14730|14770|14754|14689,27201|27224|27255|27293|27222|27273|27228,0.8469463837863486|0.8489657511020685|0.8489657511020685|0.8524801519983715|0.8457684495599187|0.8475964793500339|0.849871221363698
0,1,131072,8,7,0.848626021889512,-0.4004979010468864,0.5711289188665434,14768|14704|14746|14779|14668|14743|14736,14704|14746|14779|14668|14743|14736|14742,27214|27237|27255|27229|27186|27250|27254,0.8471018418201517|0.849925403499254|0.8464036808985723|0.8499221868867989|0.8490809197585295|0.8488096045580954|0.8491385158051825
0,1,131072,8,7,0.8470768766092096,-0.40459655420327584,0.5671959415602594,14696|14736|14736|14709|14792|14754|14730,14736|14736|14709|14792|14754|14730|14772,27219|27215|27239|27165|27289|27219|27236,0.8498235613463626|0.8468376764386536|0.8502985884907709|0.8420767982693348|0.8474175229853975|0.8464823098820659|0.846601678851882
0,1,131072,8,7,0.8492437976926352,-0.39886341990582896,0.5727009431941312,14780|14753|14733|14765|14716|14734|14794,14753|14733|14765|14716|14734|14794|14698,27299|27265|27295|27245|27239|27260|27279,0.848849797023004|0.8494543482681488|0.8507958008804606|0.8485607856417203|0.8499389167910955|0.8466946059213194|0.8504123293226984
0,1,131072,8,7,0.8481520169698464,-0.40175200018454255,0.5699241355723874,14730|14687|14721|14742|14752|14694|14733,14687|14721|14742|14752|14694|14733|14758,27207|27192|27262|27203|27262|27171|27180,0.8499660556687033|0.849466748182868|0.8506986840320173|0.8446990238611713|0.8519522776572668|0.8468743636733863|0.8434069657135114
0,1,131072,8,7,0.8484811661800816,-0.4008811532300269,0.5707606089888548,14749|14745|14709|14713|14744|14784|14672,14745|14709|14713|14744|14784|14672|14755,27273|27257|27212|27175|27263|27244|27166,0.8494135195606481|0.8510003390979993|0.8497927003330388|0.8452251763429192|0.8467938311688312|0.8503787878787878|0.8467638088783463
0,1,131072,8,7,0.8508228658543996,-0.3946855982465806,0.5767284298945756,14781|14713|14678|14781|14755|14731|14742,14713|14678|14781|14755|14731|14742|14693,27326|27162|27291|27315|27321|27225|27225,0.8533252148027873|0.8485013253585265|0.8533252148027873|0.8497395304783167|0.8532700779396815|0.8475105141771808|0.8500881834215167
0,1,131072,8,7,0.8502581754121626,-0.39617962872447465,0.575286627516733,14714|14724|14695|14709|14707|14716|14711,14724|14695|14709|14707|14716|14711|14760,27229|27208|27184|27194|27242|27221|27288,0.849972833469166|0.8498370008149959|0.8490719967366919|0.8489360255625807|0.851793965751563|0.8500951345474314|0.85210027100271
0,1,131072,8,7,0.8472594353756627,-0.4041135491075862,0.5676587474336934,14753|14745|14742|14704|14772|14772|14793,14745|14742|14704|14772|14772|14793|14745,27199|27250|27267|27259|27270|27262|27258,0.8441672880092185|0.8482875551034249|0.8521910188576856|0.8499187652315191|0.8460601137286758|0.8443182586358413|0.8458730480632731
0,1,131072,8,7,0.8494844127643173,-0.39822681226446427,0.5733137800970904,14731|14679|14756|14770|14805|14772|14707,14679|14756|14770|14805|14772|14707|14738,27264|27156|27299|27353|27315|27293|27207,0.8543208200393727|0.8455543507725671|0.849221394719025|0.8499155690645053|0.8472137791286728|0.8520173300839426|0.848147645542136
0,1,131072,8,7,0.8505304305090583,-0.39545930944491897,0.575981553296393,14712|14764|14706|14728|14726|14750|14714,14764|14706|14728|14726|14750|14714|14715,27308|27268|27258|27190|27293|27237|27224,0.8531563261988621|0.8508534272554863|0.8522542096686584|0.846279196089082|0.852|0.8490169491525423|0.8501529051987767
0,1,131072,8,7,0.8484310735149904,-0.4010136859643668,0.570633269792407,14705|14709|14696|14728|14730|14726|14717,14709|14696|14728|14730|14726|14717|14710,27154|27207|27168|27207|27270|27243|27159,0.84635257325447|0.8505676796519138|0.8468223791417708|0.8471826205023761|0.8515953835709437|0.8506043732174385|0.8458925052660189
0,1,131072,8,7,0.8488040785652801,-0.40002680736352914,0.5715818003884128,14724|14729|14729|14766|14827|14727|14753,14729|14729|14766|14827|14727|14753|14835,27228|27240|27302|27300|27325|27271|27311,0.8489374702966936|0.849412723199131|0.8514831369362048|0.8453496998718554|0.8496661495919606|0.8502677421541381|0.8465116279069768
0,1,131072,8,7,0.84720811028201,-0.4042493425414083,0.5675286146001899,14740|14734|14772|14758|14777|14696|14742,14734|14772|14758|14777|14696|14742|14770,27221|27261|27211|27271|27282|27176|27255,0.8471506105834464|0.8480232873002979|0.8430138099106418|0.8467889287406104|0.8517290383704406|0.8465608465608465|0.8471902505077861
0,1,131072,8,7,0.8489025964582743,-0.39976615351897643,0.571832450904469,14720|14688|14706|14811|14766|14709|14744,14688|14706|14811|14766|14709|14744|14717,27168|27184|27204|27317|27317|27243|27243,0.8478260869565217|0.8497212022303822|0.8438322868138546|0.8474107082573763|0.8538534471082216|0.8501085187194791|0.8495659251220835
0,1,131072,8,7,0.849597460087236,-0.3979277171616397,0.5736018144153412,14774|14697|14725|14789|14741|14697|14722,14697|14725|14789|14741|14697|14722|14689,27258|27224|27251|27299|27250|27184|27208,0.8502098280763504|0.8507300509337861|0.8469808641557914|0.8491446345256609|0.8515704497659589|0.84818638771906|0.8503600054340443
0,1,131072,8,7,0.8508774793161921,-0.3945411046084414,0.5768679626476536,14720|14673|14748|14763|14755|14759|14745,14673|14748|14763|14755|14759|14745|14708,27195|27252|27241|27331|27290|27325|27282,0.850679347826087|0.8529292107404394|0.8462372146582673|0.8518593781751677|0.8493122840300833|0.8523612710888272|0.8527636486944727
0,1,131072,8,7,0.849805606435827,-0.39737701368696177,0.5741323317550164,14766|14724|14746|14771|14759|14684|14783,14724|14746|14771|14759|14684|14783|14741,27283|27279|27237|27277|27263|27280|27295,0.8505350128673981|0.8514173335141734|0.8456434906235191|0.847471396655609|0.8522935158208551|0.8520597984171008|0.8492186971521342
0,1,131072,8,7,0.8494324641645005,-0.39836425534053765,0.5731814427848199,14760|14736|14814|14738|14704|14688|14687,14736|14814|14738|14704|14688|14687|14782,27235|27280|27351|27221|27199|27211|27225,0.8468157181571816|0.8467665721614689|0.8514243283380586|0.8493011263400733|0.8508569096844396|0.8526688453159041|0.848193749154377
0,1,131072,8,7,0.8493816885880178,-0.3984985948885868,0.5730521077138471,14788|14706|14686|14777|14740|14746|14720,14706|14686|14777|14740|14746|14720|14766,27231|27226|27230|27271|27235|27239|27312,0.8469705166351096|0.8527131782945736|0.8488867835149219|0.8480070379644041|0.8473484334734843|0.8489759934897599|0.8527698767438711
0,1,131072,8,7,0.8475662256687829,-0.40330185828734155,0.5684369003585834,14788|14729|14735|14726|14657|14718|14738,14729|14735|14726|14657|14718|14738|14764,27236|27137|27245|27211|27178|27180|27239,0.8457533134974303|0.8420766881574483|0.8496097726501527|0.8525057721037621|0.8507270009512162|0.8455692766996878|0.8467217556217828
0,1,131072,8,7,0.8476011483927716,-0.40320946144456266,0.5685255118185442,14764|14687|14740|14742|14715|14686|14780,14687|14740|14742|14715|14686|14780|14703,27225|27192|27188|27223|27129|27212|27261,0.8492278515307504|0.8483717774762551|0.8443901777235111|0.8484601817935151|0.8455997281685355|0.8474966170500676|0.8496617050067659
0,1,131072,8,7,0.8486366514926175,-0.4004697777605339,0.5711559501315449,14723|14725|14669|14701|14748|14756|14738,14725|14669|14701|14748|14756|14738|14666,27181|27246|27123|27202|27256|27251|27191,0.846044142614601|0.854125636672326|0.8471532548806203|0.8476403580146461|0.8476551911087016|0.8479940363242071|0.8498439408332202
0,1,131072,8,7,0.8501133097387132,-0.39656290726993165,0.5749170223292097,14715|14744|14779|14702|14667|14706|14745,14744|14779|14702|14667|14706|14745|14720,27256|27326|27300|27115|27154|27261|27241,0.8505832881172002|0.8513431219974288|0.8524257392245754|0.8466875255067338|0.849109207126343|0.8514750762970499|0.8491692099016616
0,1,131072,8,7,0.8498183419862996,-0.3973433185876019,0.5741647992964776,14755|14796|14763|14732|14752|14709|14724,14796|14763|14732|14752|14709|14724|14678,27309|27319|27281|27233|27277|27236|27215,0.8484725601513923|0.8486077318194106|0.850030481609429|0.8474105206073753|0.8519522776572668|0.8507878293941864|0.8514669926650367
0,1,131072,8,7,0.8487091572040625,-0.4002779456794186,0.5713403496532414,14724|14773|14778|14664|14751|14737|14732,14773|14778|14664|14751|14737|14732|14750,27231|27301|27270|27178|27250|27214|27269,0.8466120625465376|0.8477466504263094|0.853024766544864|0.848349264456647|0.8482814724425463|0.8469837823166181|0.8499661016949153
0,1,131072,8,7,0.8490930779700203,-0.39926218680954073,0.5723172245977262,14687|14728|14763|14757|14764|14786|14765,14728|14763|14757|14764|14786|14765|14745,27185|27285|27269|27304|27291|27324|27303,0.8485877240630092|0.8505723768881663|0.8475242159452686|0.8498374424275265|0.8472203435682403|0.8493845529554984|0.8505248899424315
0,1,131072,8,7,0.8489188861666385,-0.39972305500171496,0.5718739004280309,14778|14764|14775|14748|14791|14677|14729,14764|14775|14748|14791|14677|14729|14769,27304|27295|27316|27281|27273|27192|27231,0.8485586682907024|0.8481218274111675|0.8506260575296108|0.8473395984044352|0.8515989453045771|0.849684296286238|0.8465028099397386
0,1,131072,8,7,0.8491952009368217,-0.39899199483623626,0.5725772069691462,14726|14727|14718|14717|14744|14771|14690,14727|14718|14717|14744|14771|14690|14794,27218|27193|27300|27208|27257|27246|27261,0.8482379303320432|0.8470835879676785|0.8549395298274222|0.8471920781334781|0.8471328955385553|0.8500440051452169|0.8497363796133568
0,1,131072,8,7,0.8489022992014968,-0.399766939986485,0.5718316945412869,14795|14763|14731|14713|14724|14662|14752,14763|14731|14713|14724|14662|14752|14793,27300|27255|27282|27262|27124|27190|27259,0.8473808719161879|0.8483370588633746|0.8532346751748014|0.8522819885900571|0.8463732681336593|0.8492407809110629|0.8454674508213345
0,1,131072,8,7,0.8490945389393204,-0.3992583214480996,0.5723209435054004,14761|14781|14737|14742|14753|14711|14763,14781|14737|14742|14753|14711|14763|14734,27329|27267|27283|27232|27258|27262|27244,0.8502807658480481|0.8477098978418239|0.851037851037851|0.8466074696671864|0.8504710906256354|0.8501659554291133|0.8473887421255842
0,1,131072,8,7,0.849006945163026,-0.3994900727965716,0.5720979932190577,14735|14702|14745|14739|14770|14718|14716,14702|14745|14739|14770|14718|14716|14719,27235|27264|27193|27223|27256|27257|27223,0.8505598914149983|0.8519498134961003|0.8446252967107494|0.8452268111035883|0.8488828706838185|0.8520858812338633|0.8497180514980637
0,1,131072,8,7,0.8486837273555834,-0.4003452267343723,0.5712756721865939,14731|14753|14669|14767|14768|14729|14749,14753|14669|14767|14768|14729|14749|14739,27191|27169|27205|27314|27286|27237|27306,0.8445739849522131|0.8472852979055108|0.8489198889415589|0.8496072589382448|0.8502843986998917|0.8480574954234186|0.852057766628246
0,1,131072,8,7,0.849856181961728,-0.39724320342300157,0.5742612722596367,14742|14720|14747|14745|14782|14763|14698,14720|14747|14745|14782|14763|14698|14764,27234|27257|27291|27267|27292|27262|27299,0.8488671822005155|0.8501390113243371|0.8507493049433783|0.8471113516438912|0.8475849005547287|0.8510465352570615|0.8534949878081821
0,1,131072,8,7,0.8492310003573476,-0.3988972784724445,0.5726683576076306,14716|14807|14714|14741|14736|14704|14748,14807|14714|14741|14736|14704|14748|14763,27261|27303|27260|27223|27215|27274|27262,0.8472344161545216|0.8502059836563788|0.8510955837460146|0.8470931415779119|0.8490092290988056|0.8523189585028479|0.8476596897649529
0,1,131072,8,7,0.8489660394702929,-0.39959829908675015,0.5719938911031974,14739|14681|14736|14685|14756|14742|14756,14681|14736|14685|14756|14742|14756|14740,27225|27183|27184|27179|27263|27260|27305,0.8510753782481851|0.8483984799131379|0.8481948968512486|0.846706424505286|0.848536188669016|0.8483328815397126|0.8515180265654649
0,1,131072,8,7,0.8473918815074805,-0.403763129580684,0.5679946255695159,14783|14732|14779|14764|14712|14746|14733,14732|14779|14764|14712|14746|14733|14766,27304|27281|27229|27249|27215|27211|27218,0.850436311979977|0.8491102239664389|0.843426483523919|0.8491601192088865|0.8478909534789095|0.8461955784619558|0.8455234999322768
0,1,131072,8,7,0.8494188321121419,-0.3984003223609379,0.5731467179896534,14764|14788|14742|14709|14665|14701|14752,14788|14742|14709|14665|14701|14752|14741,27241|27284|27253|27206|27095|27325|27270,0.8437246416012983|0.848120097376251|0.8509021842355176|0.8526072472635802|0.8455207128766751|0.8557483731019523|0.849308568329718
0,1,131072,8,7,0.8483445810756061,-0.401242523449265,0.5704134315861085,14724|14706|14708|14757|14747|14753|14754,14706|14708|14757|14747|14753|14754|14753,27258|27174|27201|27271|27266|27232|27273,0.8524857375713122|0.8477019309219472|0.8465812834586975|0.8486819814325405|0.8485731715583271|0.8458045275857394|0.8485834350006778
0,1,131072,8,7,0.8487952723002882,-0.400050106550677,0.5715593979178464,14732|14700|14737|14731|14747|14694|14798,14700|14737|14731|14747|14694|14798|14794,27225|27179|27251|27260|27240|27253|27313,0.8501900624490905|0.8467802130691456|0.8495623261179345|0.8495965281074117|0.8507493049433783|0.8486957696986079|0.8459927017164481
0,1,131072,8,7,0.8485770468528616,-0.4006274768143135,0.5710043823656079,14724|14779|14799|14780|14723|14802|14784,14779|14799|14780|14723|14802|14784|14719,27220|27397|27343|27236|27297|27332|27273,0.8455240544015157|0.8526251773768498|0.8489087100479762|0.846617050067659|0.8494798000270234|0.8477232806377517|0.8491612554112554
0,1,131072,8,7,0.8494079979556945,-0.3984289868445627,0.5731191209594031,14783|14768|14784|14736|14740|14719|14745,14768|14784|14736|14740|14719|14745|14756,27269|27327|27335|27284|27230|27225|27292,0.8456334979368193|0.8494994588744589|0.8522050865800865|0.8512890094979647|0.8487788331071913|0.8481519159036962|0.8502981837896448
0,1,131072,8,7,0.8476270442432863,-0.4031409474641122,0.5685912231304904,14724|14748|14751|14767|14741|14709|14765,14748|14751|14767|14741|14709|14765|14767,27256|27236|27282|27286|27167|27231|27254,0.849742337944128|0.8465866720900278|0.8485812961332702|0.8495293559964786|0.8451258394952853|0.8480866915001694|0.8457371165436446
0,1,131072,8,7,0.8488355971718132,-0.39994341696897107,0.5716619847560824,14717|14689|14724|14730|14747|14768|14772,14689|14724|14730|14747|14768|14772|14753,27259|27200|27208|27265|27256|27249|27288,0.8541142895970646|0.8497011681608259|0.8475220638153428|0.8500033905201058|0.847034127843987|0.844909287841863|0.8485648524235039
0,1,131072,8,7,0.8490172940346915,-0.39946269225579456,0.572124331797732,14710|14730|14776|14750|14735|14737|14768,14730|14776|14750|14735|14737|14768|14772,27279|27280|27298|27269|27223|27241|27286,0.8532926001357773|0.8493502977801841|0.8492149431510557|0.8497627118644068|0.8473909208115628|0.8466955579631636|0.8474140265366911
0,1,131072,8,7,0.8500567960745492,-0.39671242837098675,0.5747728658094158,14701|14803|14733|14711|14701|14759|14762,14803|14733|14711|14701|14759|14762|14734,27268|27368|27193|27237|27208|27284|27321,0.8489495372559617|0.8535432007025603|0.8472137378673725|0.8521514512949494|0.847415136526865|0.8484622679853678|0.8526622408887684
0,1,131072,8,7,0.8497656712809453,-0.3974826721753478,0.5740305281858049,14758|14774|14776|14712|14714|14757|14777,14774|14776|14712|14714|14757|14777|14763,27366|27327|27214|27250|27237|27301|27319,0.8533910924597266|0.8495533297238765|0.8461017866811045|0.8521136332744325|0.8486142169817713|0.8488867835149219|0.8496988563307843
0,1,131072,8,7,0.847760433427783,-0.4027880328543483,0.5689297587305837,14683|14695|14718|14796|14724|14736|14729,14695|14718|14796|14724|14736|14729|14733,27195|27172|27254|27223|27228|27242|27185,0.851446070091868|0.8477374643293926|0.8472560151392268|0.8447553392808868|0.8485342019543974|0.8491449511400652|0.8454489920586439
0,1,131072,8,7,0.8477416426317703,-0.4028377486275347,0.5688820627303333,14690|14768|14730|14724|14756|14722|14720,14768|14730|14724|14756|14722|14720|14709,27225|27271|27220|27213|27245|27179|27170,0.8487946912242686|0.8492009750812568|0.848336727766463|0.8463675792897805|0.8486717267552182|0.8462844722184486|0.8465353260869565
0,1,131072,8,7,0.8482270127392485,-0.40155358002932273,0.5701146723699,14766|14762|14713|14729|14728|14766|14714,14762|14713|14729|14728|14766|14714|14774,27230|27281|27185|27255|27298|27233|27205,0.8443722064201544|0.8513751524183715|0.8467648855998371|0.8504990155475592|0.851279967492889|0.8478260869565217|0.845471774739407
0,1,131072,8,7,0.8502396783690139,-0.39622856730063616,0.5752394285573219,14738|14700|14747|14759|14759|14756|14702,14700|14747|14759|14759|14756|14702|14740,27254|27283|27316|27279|27258|27252|27218,0.851811643370878|0.8532582898216586|0.8516159631411342|0.848295955010502|0.8470763601870045|0.8505014909189482|0.8491180461329715
0,1,131072,8,7,0.8485799849978592,-0.4006197032133339,0.571011853282817,14740|14765|14734|14754|14720|14727|14735,14765|14734|14754|14720|14727|14735|14702,27247|27202|27241|27273|27237|27221|27259,0.8470707754825602|0.8444293938367762|0.8477023180154535|0.8508201165785549|0.8499354926325796|0.8479131319986427|0.8521886664404479
0,1,131072,8,7,0.8485358978354373,-0.400736346881113,0.5708997563053662,14776|14742|14759|14687|14810|14758|14745,14742|14759|14687|14810|14758|14745|14771,27311|27291|27218|27251|27288|27243|27279,0.8506361667569031|0.8502608577816926|0.849041262958195|0.8483457123565159|0.8460499662390277|0.8468627185255455|0.8485546002301808
0,1,131072,8,7,0.8484367634242086,-0.40099863187959284,0.570647733273973,14777|14751|14723|14753|14766|14699|14684,14751|14723|14753|14766|14699|14684|14717,27239|27240|27168|27262|27290|27198|27203,0.8450971103742302|0.8485526404989492|0.8435572425947265|0.8471488554788027|0.8527021535960991|0.851350432002177|0.8506489094244751
0,1,131072,8,7,0.8485371984761597,-0.4007329057092163,0.5709030631927319,14738|14730|14746|14662|14711|14728|14769,14730|14746|14662|14711|14728|14769|14738,27270|27237|27228|27108|27200|27254|27239,0.8508617180078708|0.8481622134816221|0.852163298521633|0.8460335803140507|0.8479766431287343|0.8481278353307604|0.8464351005484461
0,1,131072,8,7,0.8478475705115102,-0.40255748980083467,0.5691509606153358,14736|14715|14807|14746|14814|14730|14768,14715|14807|14746|14814|14730|14768|14696,27255|27282|27298|27245|27344|27201|27217,0.8509771986970684|0.8487201999054501|0.847707165529817|0.8437289050897799|0.8514918320507628|0.8444609967497292|0.8478466955579632
0,1,131072,8,7,0.8482023925672709,-0.401618718881611,0.5700521181767373,14756|14790|14778|14752|14735|14772|14720,14790|14778|14752|14735|14772|14720|14825,27294|27306|27270|27280|27279|27259|27279,0.847734956051386|0.8470588235294118|0.8470699688726485|0.8503931670281996|0.8491741131871108|0.848835634985107|0.8471500843170321
0,1,131072,8,7,0.8481355031289187,-0.40179569170082774,0.5698821840278931,14721|14699|14785|14732|14741|14742|14787,14699|14785|14732|14741|14742|14787|14770,27200|27231|27274|27247|27244|27281|27291,0.8491950275117179|0.8476158268515387|0.8482921880284072|0.8489926056576894|0.8481210147876814|0.8479745722594171|0.8467572868059782
0,1,131072,8,7,0.8488781723587333,-0.39983077361235847,0.571770305918706,14701|14734|14790|14753|14790|14730|14724,14734|14790|14753|14790|14730|14724|14724,27234|27268|27327|27284|27342|27182|27212,0.8506176191122574|0.8474645030425964|0.8501690331304935|0.847261663286004|0.8527383367139959|0.8457569585879158|0.8481390926378701
0,1,131072,8,7,0.8491889114019011,-0.3990086353814983,0.5725611935911243,14722|14722|14763|14727|14724|14782|14674,14722|14763|14727|14724|14782|14674|14750,27201|27182|27271|27230|27286|27284|27225,0.8476429832903138|0.8440018966334756|0.8496917970602181|0.8491885652203436|0.8498173454201056|0.8530645379515627|0.8509152542372881
0,1,131072,8,7,0.8476582651703284,-0.4030583446554579,0.5686704517722778,14709|14690|14749|14725|14782|14777|14740,14690|14749|14725|14782|14777|14740|14758,27164|27251|27241|27229|27249|27278|27243,0.8480522129308586|0.8516509593870771|0.8485999050783104|0.8458936544445947|0.8437288594236233|0.8484807471069906|0.847201517820843
0,1,131072,8,7,0.8494624296778043,-0.39828497404442736,0.5732577771545753,14694|14762|14719|14742|14755|14723|14715,14762|14719|14742|14755|14723|14715|14717,27206|27266|27259|27259|27240|27236|27239,0.8475816285056226|0.8499525809510906|0.8506308506308506|0.8483226025076245|0.8483226025076245|0.8504380900631665|0.8509886525786505
0,1,131072,8,7,0.8483909403008386,-0.40111986846832604,0.5705312580100717,14799|14745|14759|14763|14743|14797|14740,14745|14759|14763|14743|14797|14740|14746,27305|27280|27215|27281|27320|27285|27273,0.8487059936482195|0.8493122840300833|0.8437309489941069|0.8492853756011651|0.8499695884300872|0.8478069879029533|0.849925403499254
0,1,131072,8,7,0.8492561531202665,-0.3988307305169749,0.5727324043955224,14713|14714|14714|14714|14709|14786|14769,14714|14714|14714|14709|14786|14769|14704,27224|27169|27176|27202|27309|27351|27242,0.8502786461873046|0.846472747043632|0.846948484436591|0.8490553214625527|0.852157446232923|0.8509400784525903|0.8489403480262713
0,1,131072,8,7,0.8490994476416435,-0.3992453342424927,0.5723334387259151,14752|14708|14752|14774|14721|14738|14717,14708|14752|14774|14721|14738|14717|14778,27247|27224|27298|27263|27265|27224|27240,0.849986442516269|0.8484273318872018|0.8491945309327197|0.8489237850277515|0.8511331252544443|0.8486226082236396|0.847408309649479
0,1,131072,8,7,0.8482716195119198,-0.40143556160204535,0.5702280162531375,14768|14685|14715|14676|14774|14680|14728,14685|14715|14676|14774|14680|14728|14802,27237|27215|27165|27185|27201|27131|27282,0.8499458288190682|0.8515120625212368|0.8487257900101937|0.846690131311764|0.8475023690266684|0.8453965236284627|0.8481286312660451
0,1,131072,8,7,0.8496958681318699,-0.39766735394853026,0.5738526050092285,14684|14726|14728|14753|14731|14733|14739,14726|14728|14753|14731|14733|14739|14726,27227|27223|27323|27242|27229|27224|27255,0.8517587939698492|0.8485198261814232|0.8537246661695926|0.8480309089676676|0.8482997352881287|0.8474794762195536|0.8500576701268743
0,1,131072,8,7,0.8491390768526383,-0.39914048520554657,0.5724343205868596,14746|14696|14776|14716|14734|14717|14757,14696|14776|14716|14734|14717|14757|14740,27211|27261|27253|27310|27209|27182|27271,0.8487047334870473|0.8503654574986464|0.8484704926908501|0.8547577032713451|0.8478349395954934|0.844683878837162|0.8491563325879243
0,1,131072,8,7,0.8507206396006779,-0.39495606349139,0.5764672932815156,14711|14748|14732|14700|14754|14719|14710,14748|14732|14700|14754|14719|14710|14754,27279|27233|27271|27236|27245|27223|27297,0.8521833468944942|0.8476403580146461|0.8533125169698615|0.8496678866748001|0.8489901043784737|0.8501256878864053|0.8531245763860648
0,1,131072,8,7,0.8486657358891473,-0.4003928276802836,0.5712299153684188,14761|14695|14801|14773|14718|14783|14737,14695|14801|14773|14718|14783|14737|14713,27243|27170|27358|27287|27232|27322|27222,0.850077908000813|0.8428484561853928|0.8502803864603743|0.8508089081432343|0.8465128864235947|0.8513157004667523|0.8488159055438692
0,1,131072,8,7,0.8488205136716491,-0.3999833241593057,0.5716236111700694,14762|14753|14745|14713|14764|14760|14682,14753|14745|14713|14764|14760|14682|14753,27231|27224|27212|27246|27289|27245|27285,0.8452784175585965|0.8458618586050295|0.8476771787046457|0.8488891899214305|0.8486182606339745|0.8511517615176152|0.8542669287602521
0,1,131072,8,7,0.8491981795387714,-0.39898411419622254,0.5725847906690964,14767|14810|14803|14714|14749|14802|14738,14810|14803|14714|14749|14802|14738|14704,27329|27348|27361|27269|27279|27340|27167,0.8482106684672519|0.8470627954085078|0.8543538471931366|0.8512441521459082|0.8465072287528712|0.8513714362923929|0.8456371285113312
0,1,131072,8,7,0.8487215243150691,-0.4002452253792588,0.5713718050285941,14736|14761|14719|14780|14725|14773|14771,14761|14719|14780|14725|14773|14771|14717,27272|27228|27273|27331|27284|27229|27252,0.8492649549488517|0.8474358105819388|0.8493910690121786|0.8529093369418133|0.850131997563122|0.843295200703987|0.8486223004535915
0,1,131072,8,7,0.8482977585513146,-0.4013664042042964,0.5702944394145777,14698|14761|14792|14751|14735|14714|14745,14761|14792|14751|14735|14714|14745|14726,27126|27336|27311|27283|27227|27223|27240,0.8419483774812004|0.8501216873985938|0.8491076257436452|0.8506541929360721|0.8492025788937902|0.8483553747032893|0.848694472702611
0,1,131072,8,7,0.8502475949450921,-0.3962076220090983,0.5752596290837366,14673|14727|14689|14809|14760|14738|14667,14727|14689|14809|14760|14738|14667|14721,27177|27267|27267|27366|27319|27171|27139,0.8490527602363007|0.8540775446458885|0.8493483692349247|0.8512391113512053|0.8523712737127371|0.8484190527887094|0.84722505264588
0,1,131072,8,7,0.8489569409413557,-0.3996223715316147,0.5719707372099214,14696|14749|14746|14707|14697|14765|14728,14749|14746|14707|14697|14765|14728|14718,27188|27265|27207|27209|27237|27301|27202,0.8469726761136348|0.8488033086988949|0.8476875084768751|0.8507513428979397|0.8493057907213004|0.8515408059600407|0.847637153720804
0,1,131072,8,7,0.8488341441794418,-0.3999472612254427,0.5716582881782748,14729|14756|14741|14767|14722|14727|14729,14756|14741|14767|14722|14727|14729|14649,27267|27251|27283|27252|27215|27194|27195,0.8496882624017349|0.8477907291949037|0.8493262003115054|0.8485135775716124|0.8483058328240647|0.8464254192409533|0.8517889877113178
0,1,131072,8,7,0.8491216453848519,-0.39918660453429633,0.5723899452361281,14748|14709|14746|14765|14722|14740|14738,14709|14746|14765|14722|14740|14738|14724,27251|27246|27294|27229|27191|27281|27243,0.8504203959858964|0.8501966635019667|0.8498476125973586|0.8470707754825602|0.8459294436906377|0.8509497964721845|0.84943682996336
0,1,131072,8,7,0.8469985678516933,-0.4048037397011426,0.5669974759561309,14729|14759|14731|14735|14729|14770|14800,14759|14731|14735|14729|14770|14800|14711,27234|27229|27194|27238|27252|27237|27290,0.8472796259909208|0.8468053391151162|0.8458092975907703|0.8489311163895487|0.8478672985781991|0.8423648648648648|0.8499324324324324
0,1,131072,8,7,0.8483906827653479,-0.40112054984318823,0.5705306034268558,14696|14765|14763|14810|14727|14696|14737,14765|14763|14810|14727|14696|14737|14714,27235|27224|27343|27290|27179|27204|27262,0.849238062986793|0.8439552996952252|0.849426063470628|0.8482781904118839|0.84762680790385|0.848748049128045|0.8514623057610097
0,1,131072,8,7,0.850328234981468,-0.3959942685271323,0.5754654153193117,14764|14702|14735|14722|14649|14755|14723,14702|14735|14722|14649|14755|14723|14760,27243|27189|27269|27173|27250|27237|27285,0.8494310484963424|0.8474380726162198|0.851510010179844|0.8506996332020106|0.8540155879362927|0.8481192815994578|0.8510840108401084
0,1,131072,8,7,0.8494044644667189,-0.3984383355776526,0.5731101205055389,14756|14683|14769|14722|14743|14725|14706,14683|14769|14722|14743|14725|14706|14712,27235|27188|27286|27261|27262|27192|27196,0.8506370290051505|0.8467059381136164|0.8507007921998782|0.8505053245608085|0.8503696669605915|0.8479456706281834|0.8489668297988037
0,1,131072,8,7,0.8493901865328845,-0.39847611143981443,0.5730737526343788,14693|14770|14720|14737|14774|14776|14712,14770|14720|14737|14774|14776|14712|14723,27236|27280|27255|27271|27303|27258|27229,0.849221394719025|0.8503723764387271|0.8505801723552961|0.8483822932178151|0.8479290741743367|0.8490795885219274|0.8501664063030633
0,1,131072,8,7,0.8486090581723713,-0.4005427828237518,0.5710857811010506,14753|14756|14752|14749|14734|14753|14750,14756|14752|14749|14734|14753|14750|14731,27223|27287|27315|27225|27229|27289|27270,0.8450799674708593|0.8494849552724315|0.8518167028199566|0.8469048749067734|0.8469463837863486|0.8499288280349759|0.8501016949152542
0,1,131072,8,7,0.8504097761630331,-0.39577853083910064,0.5756735365583887,14780|14766|14746|14770|14670|14788|14720,14766|14746|14770|14670|14788|14720|14669,27338|27272|27292|27209|27232|27341|27220,0.8506089309878214|0.8483001489909251|0.849424509140149|0.8489505754908598|0.8494725453070057|0.853462266702732|0.8526494565217392
0,1,131072,8,7,0.8495779777501712,-0.3979792625804716,0.5735521702973645,14736|14688|14731|14732|14749|14708|14733,14688|14731|14732|14749|14708|14733|14681,27228|27248|27220|27256|27233|27221|27175,0.8509771986970684|0.8526237186884801|0.8477464023893565|0.8491423147332022|0.8492101159400637|0.8493178578700875|0.8480282359329396
0,1,131072,8,7,0.8493978898774274,-0.39845573030589043,0.5730933739817887,14727|14731|14710|14737|14739|14726|14724,14731|14710|14737|14739|14726|14724|14756,27255|27213|27191|27329|27267|27215|27211,0.8504514289593375|0.8487543276084448|0.8469159259007939|0.8543320442363797|0.850871836623923|0.8482276246095342|0.8462320412035782
0,1,131072,8,7,0.8478438761784483,-0.40256726408737675,0.5691415815307461,14761|14786|14725|14740|14718|14781|14759,14786|14725|14740|14718|14781|14759|14720,27249|27288|27227|27240|27229|27253|27284,0.8445827133775192|0.8496550791289057|0.848168249660787|0.8495251017639077|0.8464244638387118|0.8452743386780326|0.8512771868012738
0,1,131072,8,7,0.849402504942362,-0.3984435199917889,0.5731051292613136,14742|14696|14706|14737|14771|14717|14727,14696|14706|14737|14771|14717|14727|14669,27207|27232|27167|27269|27249|27222|27234,0.8486636819970154|0.8524411804705563|0.8455587975843116|0.8484191997833593|0.8484191997833593|0.8491206627283221|0.8531948122496096
0,1,131072,8,7,0.8496721715583794,-0.39773004918891064,0.5737922100989674,14732|14706|14760|14722|14789|14745|14731,14706|14760|14722|14789|14745|14731|14700,27218|27258|27305|27257|27253|27271|27246,0.849307629649742|0.8504065040650407|0.8525067750677506|0.8475894245723172|0.8457637433227398|0.8504577822990844|0.8516733419319802
0,1,131072,8,7,0.8491496869907591,-0.399112413418703,0.5724613316538119,14773|14756|14730|14723|14749|14666|14742,14756|14730|14723|14749|14666|14742|14723,27256|27273|27244|27223|27275|27165|27218,0.846138225140459|0.8500271076172404|0.8500339443312966|0.8475150857685266|0.8549054173164282|0.8478496811830145|0.8475783475783476
0,1,131072,8,7,0.8488775818790547,-0.39983233587474226,0.5717688035345472,14759|14762|14724|14762|14753|14716|14717,14762|14724|14762|14753|14716|14717|14675,27296|27297|27206|27307|27263|27161|27171,0.8492751659666712|0.8517138599105812|0.8455493835523642|0.8504267714401843|0.8504710906256354|0.8456207107426785|0.8490860909152681
0,1,131072,8,7,0.8488646277832945,-0.3998666091905834,0.5717358443149418,14769|14769|14715|14695|14798|14731|14702,14769|14715|14695|14798|14731|14702|14783,27278|27284|27211|27221|27283|27215|27258,0.8469767756787866|0.851039339156341|0.8505606523955148|0.8464657386133261|0.84822273280173|0.8494331681488019|0.8493539876885612
0,1,131072,8,7,0.8484943383485805,-0.40084630294795154,0.5707940958459152,14758|14746|14753|14744|14734|14714|14734,14746|14753|14744|14734|14714|14734|14717,27282|27233|27216|27208|27246|27272|27231,0.8494375931698062|0.846404121195689|0.8453873788382024|0.8460390667390125|0.8505497488801411|0.8523143749151623|0.8493280847020497
0,1,131072,8,7,0.8477156763407516,-0.4029064489760409,0.5688161565737722,14775|14756|14762|14733|14763|14720|14751,14756|14762|14733|14763|14720|14751|14748,27307|27250|27280|27229|27291|27166|27235,0.8494754653130288|0.8463622815336675|0.8499525809510906|0.8464404253877938|0.8515206936259568|0.8437394074977967|0.846518880075927
0,1,131072,8,7,0.8497923288464452,-0.3974121428864766,0.5740984832853533,14724|14771|14747|14702|14705|14698|14765,14771|14747|14702|14705|14698|14765|14752,27230|27281|27274|27230|27196|27252|27283,0.8466589939746801|0.8485546002301808|0.8525123753983861|0.8519551173070384|0.849914994899694|0.8502539790044022|0.8486962411107348
0,1,131072,8,7,0.8487628241279672,-0.4001359563451368,0.5714768558317411,14762|14727|14757|14750|14779|14740|14760,14727|14757|14750|14779|14740|14760|14745,27277|27255|27279|27273|27278|27265|27275,0.8501558054464164|0.848953039235617|0.8490208036863861|0.8473509709723256|0.8483659246227756|0.8485772357723578|0.8489159891598916
0,1,131072,8,7,0.8500688788490349,-0.39668046035454985,0.574803685426736,14676|14694|14719|14753|14734|14711|14774,14694|14719|14753|14734|14711|14774|14725,27132|27227|27288|27308|27230|27250|27263,0.8476929358922008|0.8514844758475439|0.8519623127499492|0.8523012268691114|0.8496674358626306|0.8487207255990253|0.8486530391227832
0,1,131072,8,7,0.8510449960486508,-0.3940978969939134,0.5772960528898028,14735|14783|14746|14728|14701|14744|14747,14783|14746|14728|14701|14744|14747|14721,27263|27319|27255|27302|27209|27327|27295,0.8474599201785835|0.8505039572481905|0.8495185134951851|0.855581205866377|0.8483450895279435|0.8532582898216586|0.8526479962026174
0,1,131072,8,7,0.8500381631166954,-0.3967617265436573,0.5747253401258583,14736|14737|14716|14827|14730|14717|14666,14737|14716|14827|14730|14717|14666|14681,27258|27218|27263|27352|27182|27231|27214,0.8496980389495827|0.8483409106331004|0.8462264787212518|0.8512848182370001|0.8462321792260692|0.8537745464428892|0.854710169606975
0,1,131072,8,7,0.8473164489867102,-0.40396270527140876,0.5678033200333137,14718|14713|14824|14708|14726|14759|14766,14713|14824|14708|14726|14759|14766|14750,27189|27236|27305|27220|27234|27236|27255,0.8476695203152602|0.8447787371829466|0.8497706422018348|0.8496536737742768|0.847482891794837|0.8449817147501015|0.846877962887715
0,1,131072,8,7,0.8489905282491206,-0.3995335078680605,0.5720562122443043,14724|14706|14775|14790|14753|14765|14745,14706|14775|14790|14753|14765|14745|14747,27241|27226|27241|27332|27295|27300|27296,0.8513311600108666|0.8473773265651439|0.8428668018931711|0.8505070993914807|0.8494412461903149|0.8503217067389096|0.8510883569539567
0,1,131072,8,7,0.8493717138223126,-0.39852498563802885,0.5730267017116433,14795|14773|14758|14758|14713|14766|14747,14773|14758|14758|14713|14766|14747|14771,27316|27360|27280|27227|27251|27271|27318,0.8477864143291652|0.853042713057605|0.8484889551429733|0.8479468762704974|0.849112826764188|0.8481647026953812|0.851059508496378
0,1,131072,8,7,0.848813779960771,-0.4000011398836898,0.5716064804865444,14782|14735|14730|14693|14746|14770|14800,14735|14730|14693|14746|14770|14800|14738,27293|27257|27179|27212|27239|27343|27318,0.8495467460424841|0.8501526976586359|0.8476578411405296|0.8489759934897599|0.84583615436696|0.849527027027027|0.85
0,1,131072,8,7,0.8484000333771601,-0.4010958104497269,0.5705543702972007,14722|14709|14713|14703|14731|14710|14721,14709|14713|14703|14731|14710|14721|14743,27218|27219|27158|27229|27215|27152|27222,0.8496807498981117|0.8502684700604908|0.8465302793447971|0.8503156608512661|0.8488900957165162|0.8451871476122546|0.8479278301566845
0,1,131072,8,7,0.8501964842060541,-0.39634284831391753,0.575129217012933,14740|14659|14679|14728|14698|14707|14753,14659|14679|14728|14698|14707|14753|14689,27215|27127|27193|27222|27235|27229|27213,0.851831750339213|0.8493766605354588|0.8496740901683868|0.8503530689842477|0.8524512137077582|0.8487765200298244|0.8489120856774893
0,1,131072,8,7,0.8493567658604696,-0.3985645342276727,0.5729886298427938,14756|14764|14752|14734|14741|14742|14739,14764|14752|14734|14741|14742|14739|14696,27321|27271|27265|27267|27247|27276|27196,0.8510566242210783|0.8479409374153346|0.8494441431670282|0.8502136897089749|0.8483245149911817|0.8504273504273504|0.8480901010923401
0,1,131072,8,7,0.8481803168770965,-0.40167712566783265,0.569996031709477,14763|14742|14764|14742|14743|14742|14658,14742|14764|14742|14743|14742|14658|14775,27315|27256|27235|27179|27232|27208|27213,0.8516561674456411|0.8476022758060147|0.8461798970468708|0.8435867869497389|0.8471817133554908|0.8513091846425179|0.849746192893401
0,1,131072,8,7,0.8486025557805756,-0.4005599865353702,0.5710692463006379,14783|14750|14743|14779|14690|14710|14827,14750|14743|14779|14690|14710|14827|14780,27259|27300|27319|27215|27175|27268|27362,0.8461746600825272|0.8513220338983051|0.8509371405372488|0.847486298125719|0.8487423521414004|0.8469683685168948|0.8485870371619343
0,1,131072,8,7,0.850597485823617,-0.3952818977585113,0.5761527714684671,14811|14695|14755|14740|14735|14757|14707,14695|14755|14740|14735|14757|14707|14770,27299|27233|27274|27285|27251|27316|27261,0.850989129700898|0.8497458488647915|0.8494747543205693|0.8514246947082768|0.8481398658263875|0.8544419597479163|0.8499661475964794
0,1,131072,8,7,0.8495626036073424,-0.3980199387390175,0.5735129959546847,14771|14733|14751|14683|14778|14729|14785,14733|14751|14683|14778|14729|14785|14760,27267|27195|27253|27223|27322|27337|27297,0.8485546002301808|0.8448240797234086|0.8521456172462883|0.8485586682907024|0.8521450805251048|0.8527561717957389|0.847954007439973
0,1,131072,8,7,0.8480892400462725,-0.40191809231239284,0.5697646657440605,14761|14711|14792|14752|14752|14759|14760,14711|14792|14752|14752|14759|14760|14754,27257|27186|27338|27284|27288|27251|27259,0.8499424158254861|0.843361276365603|0.8508653326122229|0.8495119305856833|0.8493800392980554|0.8463414634146341|0.8472222222222222
0,1,131072,8,7,0.8500465922870992,-0.39673942505501036,0.5747468395462763,14737|14801|14736|14750|14712|14760|14750,14801|14736|14750|14712|14760|14750|14762,27291|27288|27337|27276|27241|27273|27308,0.8481859333828795|0.8480508073778799|0.8543050847457627|0.8517966101694915|0.8488482384823848|0.8484417344173442|0.850697737433952
0,1,131072,8,7,0.8504095811461702,-0.3957790468052216,0.5756730387656372,14734|14720|14688|14697|14699|14732|14701,14720|14688|14697|14699|14732|14701|14733,27247|27208|27228|27221|27218|27199|27205,0.8502103977195602|0.8505434782608695|0.8532353541539089|0.852030750391183|0.8497827857724681|0.84835731740429|0.8487069843209122
0,1,131072,8,7,0.8491107428825977,-0.39921544984392926,0.5723621915271546,14757|14741|14728|14717|14698|14725|14719,14741|14728|14717|14698|14725|14719|14729,27262|27241|27266|27167|27216|27195|27235,0.8484786880802331|0.848856929651991|0.8520505160239|0.8472514778827207|0.8501188455008489|0.8472665534804754|0.8497521895580148
0,1,131072,8,7,0.8475853942595919,-0.40325114296307746,0.5684855371220685,14721|14743|14742|14764|14752|14774|14702,14743|14742|14764|14752|14774|14702|14755,27223|27231|27252|27287|27222|27283|27185,0.8479956589567931|0.8471138845553822|0.8473313465185587|0.8490246545651585|0.8440503587383241|0.8515635576011913|0.846018298881735
0,1,131072,8,7,0.8492819234872732,-0.39876254853468035,0.5727980273224043,14733|14759|14689|14739|14701|14755|14740,14759|14689|14739|14701|14755|14740|14690,27223|27273|27231|27209|27277|27259|27156,0.8462632969713395|0.8526322921607155|0.8509396838320104|0.8486328787570392|0.8523212470349034|0.8484581497797357|0.8457259158751697
0,1,131072,8,7,0.8476053730359608,-0.40319828408930586,0.5685362316992761,14773|14688|14777|14766|14777|14742|14751,14688|14777|14766|14777|14742|14751|14750,27257|27225|27277|27262|27266|27264|27219,0.8508089081432343|0.8484130743723354|0.8466535832713|0.8456384922514719|0.8475333288218176|0.8488916005694529|0.8452986238221137
0,1,131072,8,7,0.8482292494606855,-0.4015476622206484,0.570120355526682,14759|14750|14726|14744|14727|14747|14741,14750|14726|14744|14727|14747|14741|14790,27297|27237|27220|27224|27240|27237|27289,0.8501253472457484|0.8482033898305085|0.8473955507325014|0.8475990233315247|0.8485115616735607|0.8473587848375941|0.8484110885733603
0,1,131072,8,7,0.849141749290496,-0.3991334145995809,0.5724411239660427,14728|14780|14729|14725|14733|14726|14731,14780|14729|14725|14733|14726|14731|14736,27239|27281|27227|27275|27238|27210|27270,0.8464817320703654|0.8492557510148849|0.84880168375314|0.851829226905586|0.8492499830312903|0.8474645305817663|0.8509093376764386
0,1,131072,8,7,0.8490674277010112,-0.3993300510424008,0.5722519335267622,14744|14690|14755|14753|14729|14754|14696,14690|14755|14753|14729|14754|14696|14763,27217|27239|27242|27243|27256|27212|27264,0.8496337493217581|0.8504913588614029|0.8464249406980685|0.8482342574391649|0.8490578826081063|0.8483123220821472|0.8513174828964303
0,1,131072,8,7,0.8489386945989141,-0.39967064681605147,0.5719243053467236,14745|14681|14666|14755|14732|14778|14763,14681|14666|14755|14732|14778|14763|14752,27223|27134|27204|27274|27178|27316|27320,0.8505934214988131|0.849260949526599|0.8497458488647915|0.8500169434090139|0.8421978616862904|0.8494383543104616|0.8513174828964303
0,1,131072,8,7,0.85006412381377,-0.3966930409953363,0.5747915566317741,14694|14707|14715|14782|14725|14742|14726,14707|14715|14782|14725|14742|14726|14717,27258|27216|27255|27292|27192|27281|27238,0.8542870741823622|0.8500849473326537|0.8483290488431876|0.8501555946421323|0.845679012345679|0.8516483516483516|0.8502648377020237
0,1,131072,8,7,0.8494510576936442,-0.3983150614864284,0.5732288075105383,14726|14780|14726|14765|14768|14788|14714,14780|14726|14765|14768|14788|14714|14792,27302|27310|27263|27326|27307|27291|27225,0.8508795669824086|0.8514208389715833|0.8491026075177786|0.8505552546045504|0.8479172301866378|0.8504868812550717|0.8457950243374798
0,1,131072,8,7,0.8495778055145399,-0.39797971827311895,0.5735517314224476,14755|14697|14720|14718|14741|14770|14794,14697|14720|14718|14741|14770|14794|14717,27249|27216|27250|27275|27245|27290|27289,0.8506946797695696|0.8504755434782608|0.8513586956521739|0.8518418017773557|0.8465809072444144|0.8462890360957145|0.8498039745842909
0,1,131072,8,7,0.8486571954308166,-0.40041542360910903,0.5712081954481945,14712|14771|14724|14682|14736|14750|14734,14771|14724|14682|14736|14750|14734|14672,27229|27287|27161|27188|27176|27322|27191,0.8474036964321983|0.8505179067090921|0.8475278456941049|0.8486699239956569|0.8433898305084746|0.8534237288135593|0.8496674358626306
0,1,131072,8,7,0.8494012048006875,-0.3984469598433289,0.5731018175891198,14736|14761|14709|14661|14796|14681|14779,14761|14709|14661|14796|14681|14779|14699,27248|27245|27159|27255|27257|27212|27264,0.8476390488449292|0.8492649549488517|0.8496838670201917|0.85117599351176|0.8499594484995945|0.8478922795858989|0.8501928411935855
0,1,131072,8,7,0.8483536365110247,-0.4012185650191339,0.5704364459337226,14713|14741|14698|14741|14731|14761|14781,14741|14698|14741|14731|14761|14781|14684,27182|27288|27130|27228|27250|27284|27278,0.8458720575266264|0.8540804558713792|0.8433620514212061|0.8477715216064039|0.8481132714585733|0.847236316893309|0.8520397807996752
0,1,131072,8,7,0.8490068004259508,-0.3994904557348781,0.5720976248574927,14748|14787|14756|14707|14736|14744|14732,14787|14756|14707|14736|14744|14732|14735,27324|27270|27228|27205|27260|27264|27260,0.8504767701359303|0.8462838980185298|0.848536188669016|0.8481270358306189|0.8494302767227346|0.8499728703201302|0.8502205632846963
0,1,131072,8,7,0.8488763401659932,-0.39983562113870263,0.5717656441939547,14738|14758|14752|14749|14745|14712|14782,14758|14752|14749|14745|14712|14782|14725,27278|27267|27254|27228|27275|27266|27276,0.8497086326060442|0.8480146361295569|0.8476816702819957|0.8463624652518815|0.8520176330959648|0.8492761466648626|0.8490731971316466
0,1,131072,8,7,0.8495666203016178,-0.3980093115648721,0.5735232306375457,14697|14723|14726|14735|14751|14752|14767,14723|14726|14735|14751|14752|14767|14754,27216|27279|27237|27205|27324|27294|27276,0.8503022481831148|0.852641586309928|0.8490668476416695|0.8453664158362145|0.8522912147505423|0.8493262003115054|0.8479718290783503
0,1,131072,8,7,0.8495146547006455,-0.3981467996217749,0.5733908270856756,14792|14738|14734|14706|14692|14751|14756,14738|14734|14706|14692|14751|14756|14745,27311|27225|27260|27171|27196|27240|27353,0.849986479177934|0.8475369792373456|0.8520428939866974|0.8485652114783082|0.8476713443156396|0.8463675792897805|0.8544320954188127
0,1,131072,8,7,0.8492216383650765,-0.3989220479757699,0.5726445199205088,14764|14835|14765|14727|14719|14741|14710,14835|14765|14727|14719|14741|14710|14745,27306|27370|27339|27216|27195|27223|27265,0.845433097404786|0.8496798112571621|0.8541821876058245|0.8485774427921505|0.8463469235465708|0.848856929651991|0.8514750762970499
0,1,131072,8,7,0.848430544181436,-0.40101508644931216,0.5706319242602915,14764|14689|14736|14748|14717|14698|14749,14689|14736|14748|14717|14698|14749|14751,27206|27223|27270|27251|27192|27176|27227,0.8478054727716066|0.8505700325732899|0.8498779495524816|0.8498779495524816|0.8489501936535979|0.846023459217574|0.8459087519490204
0,1,131072,8,7,0.8470878361066644,-0.4045675580985163,0.5672237199497991,14697|14784|14788|14699|14695|14747|14796,14784|14788|14699|14695|14747|14796|14843,27215|27285|27258|27164|27157|27287|27374,0.8467261904761905|0.8453475791182039|0.8492696781173925|0.8482889992516498|0.8450532311656608|0.8475263584752636|0.8474028161422893
0,1,131072,8,7,0.8490876736418583,-0.3992764853178607,0.572303467941979,14763|14663|14765|14779|14733|14766|14740,14663|14765|14779|14733|14766|14740|14722,27194|27187|27318|27266|27271|27308|27235,0.8488112172322698|0.8482221469691839|0.8493808782732255|0.8480276067392922|0.849112826764188|0.8511445211973453|0.8489145183175034
0,1,131072,8,7,0.8483843274015277,-0.4011373645553478,0.5705144499822181,14744|14752|14742|14767|14715|14737|14697,14752|14742|14767|14715|14737|14697|14776,27249|27223|27291|27273|27156|27247|27241,0.8476816702819957|0.8460547722342733|0.8498002302431097|0.8504096972980294|0.8442016692678292|0.8515980185926579|0.8489442338927992
0,1,131072,8,7,0.8494961646877215,-0.3981957195977101,0.5733437197365623,14731|14702|14761|14736|14778|14703|14738,14702|14761|14736|14778|14703|14738|14759,27232|27198|27276|27345|27215|27245|27267,0.8505871970674088|0.8465551114423142|0.8495359392995054|0.8532277710109623|0.8466639599404521|0.8509974216311575|0.8489057524222509
0,1,131072,8,7,0.848450072419686,-0.40096341958735965,0.5706815647963137,14713|14792|14772|14734|14742|14774|14731,14792|14772|14734|14742|14774|14731|14683,27213|27350|27272|27284|27223|27260|27217,0.8450513791238508|0.8503244997295836|0.8487679393447062|0.8513091846425179|0.8447949099769866|0.8480438608366049|0.8508587332835517
0,1,131072,8,7,0.8476470900334643,-0.40308791128846744,0.5686420922734368,14764|14725|14766|14738|14734|14754|14790,14725|14766|14738|14734|14754|14790|14800,27236|27224|27221|27270|27241|27293|27343,0.8473990788404226|0.8464716240010836|0.8453880536367331|0.8505903107612973|0.8477023180154535|0.8478025693035836|0.8481756756756756
0,1,131072,8,7,0.8475061224183179,-0.4034608765410586,0.5682844123468014,14720|14713|14726|14787|14779|14729|14752,14713|14726|14787|14779|14729|14752|14734,27233|27189|27254|27354|27294|27194|27155,0.8505434782608695|0.8472090180632894|0.8472306755934267|0.8504091431662947|0.8501928411935855|0.8449701735357917|0.8419875271149675
0,1,131072,8,7,0.8494253739986615,-0.39838301415610183,0.5731633819493971,14707|14745|14735|14746|14713|14740|14670,14745|14735|14746|14713|14740|14670|14776,27252|27235|27245|27226|27241|27201|27236,0.8507968802984063|0.84774499830451|0.8483656584836566|0.848569103485691|0.849932157394844|0.8501356852103121|0.8504331348132106
0,1,131072,8,7,0.8505257490863297,-0.39547169532524074,0.5759696007092603,14745|14770|14726|14751|14715|14707|14711,14770|14726|14751|14715|14707|14711|14780,27312|27301|27231|27260|27251|27225|27272,0.8508463100880163|0.8513879485443466|0.8477391363297404|0.8504508168937699|0.8524634726469589|0.8509278770987696|0.8498646820027064
0,1,131072,8,7,0.8480078389641772,-0.40213345933206857,0.5695579173767158,14715|14769|14733|14772|14754|14717|14729,14769|14733|14772|14754|14717|14729|14718,27175|27259|27274|27268|27254|27240|27211,0.8436590155054506|0.8481278353307604|0.8489710262659085|0.847143243975088|0.8497356649044326|0.8502274424604521|0.8481906443071492
0,1,131072,8,7,0.8486894168173691,-0.40033017383339353,0.5712901422799361,14687|14712|14762|14719|14724|14759|14803,14712|14762|14719|14724|14759|14803|14706,27166|27249|27207|27209|27249|27312|27325,0.8482191408374117|0.8492751659666712|0.8459558325430159|0.8482749252920402|0.8486347313503625|0.848003783016956|0.8524623387151253
0,1,131072,8,7,0.8491390395801324,-0.3991405838193281,0.5724342257003627,14731|14733|14735|14719|14747|14779|14740,14733|14735|14719|14747|14779|14740|14668,27199|27249|27238|27256|27269|27343|27175,0.846263490124211|0.8494061757719715|0.8496097726501527|0.8501390113243371|0.847283307395629|0.8527640571080587|0.8485074626865672
0,1,131072,8,7,0.8473431017035031,-0.40389218881101047,0.5678709108609383,14742|14742|14758|14715|14742|14761|14721,14742|14758|14715|14742|14761|14721|14794,27208|27262|27244|27228|27216|27271|27213,0.8456111789445123|0.8483534354248543|0.8489632741563897|0.8487993487993488|0.8450646975137186|0.8502134001761398|0.8443963769095579
0,1,131072,8,7,0.8499362868899604,-0.39703126570410796,0.5744655249752717,14788|14731|14759|14739|14712|14749|14740,14731|14759|14739|14712|14749|14740|14766,27279|27313|27279|27249|27274|27252|27265,0.8485258317554775|0.8524967816247713|0.8496510603699438|0.8506004477915734|0.8517187605939386|0.8483287002508645|0.8482324258431532
0,1,131072,8,7,0.8493249735533254,-0.3986486487659813,0.5729076600823637,14772|14776|14714|14741|14748|14757|14681,14776|14714|14741|14748|14757|14681|14740,27322|27246|27239|27267|27306|27206|27196,0.8493502977801841|0.8481321061180292|0.8496709856861814|0.849335503119067|0.8509859727586908|0.8487497458833096|0.8490502035278155
0,1,131072,8,7,0.8471725820280441,-0.40434334146591844,0.5674385424234956,14728|14709|14756|14745|14728|14737|14742,14709|14756|14745|14728|14737|14742|14750,27202|27162|27215|27254|27242|27185|27278,0.8482482346550788|0.8439278937381404|0.8450799674708593|0.8495083079009834|0.8491551876229898|0.8443901777235111|0.8498983050847457
0,1,131072,8,7,0.8488476564850556,-0.39991151102514966,0.5716926654588583,14783|14678|14728|14729|14783|14726|14721,14678|14728|14729|14783|14726|14721|14781,27234|27208|27211|27235|27281|27211|27298,0.8493539876885612|0.8507604562737643|0.8475117115893815|0.8459717242778868|0.8492863424203477|0.8481597175064511|0.850889655638996
0,1,131072,8,7,0.8483639925473873,-0.40119116552235023,0.5704627662950235,14728|14726|14819|14778|14752|14759|14711,14726|14819|14778|14752|14759|14711|14721,27262|27246|27336|27256|27286|27269|27207,0.8511678435632808|0.8448613266752143|0.8474256022673595|0.8461226146975234|0.8492445287621112|0.8508706551934413|0.8488553766727804
0,1,131072,8,7,0.8490020548234651,-0.3995030114188763,0.5720855471744279,14720|14728|14770|14738|14792|14713|14743,14728|14770|14738|14792|14713|14743|14691,27229|27274|27320|27212|27278|27239|27223,0.8493346007604563|0.849424509140149|0.8518618821936358|0.8432936722552731|0.8494456462952947|0.8496235501593977|0.8500305229600489
0,1,131072,8,7,0.8492812241430384,-0.39876439882560627,0.5727962464308258,14776|14767|14769|14779|14699|14752|14694,14767|14769|14779|14699|14752|14694|14743,27310|27246|27273|27235|27292|27265|27241,0.848876556578235|0.8449454939400095|0.846065363015089|0.8482305974693822|0.8536469631236443|0.8521556399132321|0.8510479549616767
0,1,131072,8,7,0.8497355901826074,-0.39756225928071354,0.5739538504388761,14767|14694|14732|14689|14769|14719|14728,14694|14732|14689|14769|14719|14728|14700,27215|27151|27258|27247|27303|27250|27194,0.8479041105166927|0.8455742601140375|0.8531767580776541|0.8502945358521227|0.8520549800257295|0.8508283541553504|0.8483161325366648
0,1,131072,8,7,0.8496007411098316,-0.39791903639180576,0.5736101751872602,14733|14761|14737|14790|14763|14710|14708,14761|14737|14790|14763|14710|14708|14768,27256|27293|27258|27322|27265|27259|27243,0.848384255809227|0.8506198767021205|0.8465855307640298|0.8491548343475321|0.850436903068482|0.8532290958531611|0.8487946912242686
0,1,131072,8,7,0.8477211209316149,-0.4028920439426262,0.568829975420996,14800|14746|14712|14740|14734|14737|14714,14746|14712|14740|14734|14737|14714|14776,27269|27227|27248|27263|27197|27236|27175,0.8461486486486487|0.8487047334870473|0.8504748982360922|0.85|0.8456945104159598|0.8496980389495827|0.843327016783974
