thread_id,sample_idx,n,d,min_n,bins,m,h,h_max,h_norm,expected,deviation,stat,p_value,num_patterns
0,1,131072,4,20000,24,131069,3.1779465688602135,3.1780538303479458,0.9999662493168907,0.99,0.009966249316890718,21.648758248475776,0,24
0,1,131072,4,20000,24,131069,3.1779154574804704,3.1780538303479458,0.999956459872972,0.99,0.009956459872972001,21.627493548181334,0,24
0,1,131072,4,20000,24,131069,3.17784742307096,3.1780538303479458,0.9999350523030747,0.99,0.009935052303074676,21.580991871305855,0,24
0,1,131072,4,20000,24,131069,3.177902423345239,3.1780538303479458,0.9999523585783031,0.99,0.009952358578303122,21.61858468648531,0,24
0,1,131072,4,20000,24,131069,3.177945653852346,3.1780538303479458,0.999965961402363,0.99,0.009965961402363055,21.648132838473735,0,24
0,1,131072,4,20000,24,131069,3.1779436224641504,3.1780538303479458,0.9999653222098559,0.99,0.009965322209855909,21.646744379925142,0,24
0,1,131072,4,20000,24,131069,3.177962820689244,3.1780538303479458,0.999971363084592,0.99,0.009971363084592011,21.659866411354713,0,24
0,1,131072,4,20000,24,131069,3.1779370937580427,3.1780538303479458,0.9999632679003772,0.99,0.00996326790037716,21.64228199414099,0,24
0,1,131072,4,20000,24,131069,3.177926416207293,3.1780538303479458,0.9999599081238222,0.99,0.009959908123822192,21.634983863410493,0,24
0,1,131072,4,20000,24,131069,3.1778959642623428,3.1780538303479458,0.9999503261763235,0.99,0.00995032617632352,21.614169888327936,0,24
0,1,131072,4,20000,24,131069,3.177997066358427,3.1780538303479458,0.9999821387576961,0.99,0.009982138757696157,21.68327340575941,0,24
0,1,131072,4,20000,24,131069,3.177879481219081,3.1780538303479458,0.9999451396552193,0.99,0.00994513965521926,21.602903689985247,0,24
0,1,131072,4,20000,24,131069,3.1779157308675856,3.1780538303479458,0.9999565458964095,0.99,0.009956545896409486,21.62768040890924,0,24
0,1,131072,4,20000,24,131069,3.177919870574942,3.1780538303479458,0.9999578484883659,0.99,0.009957848488365895,21.630509908499715,0,24
0,1,131072,4,20000,24,131069,3.177923031800751,3.1780538303479458,0.9999588431932948,0.99,0.009958843193294764,21.632670613680666,0,24
0,1,131072,4,20000,24,131069,3.1779750010454304,3.1780538303479458,0.9999751957308707,0.99,0.00997519573087069,21.668191713090685,0,24
0,1,131072,4,20000,24,131069,3.1779551064747946,3.1780538303479458,0.9999689357454526,0.99,0.009968935745452656,21.654593727866263,0,24
0,1,131072,4,20000,24,131069,3.177970239988973,3.1780538303479458,0.999973697626461,0.99,0.009973697626461053,21.66493751994701,0,24
0,1,131072,4,20000,24,131069,3.177853619365472,3.1780538303479458,0.9999370020165921,0.99,0.00993700201659209,21.585227052992586,0,24
0,1,131072,4,20000,24,131069,3.1779530597175527,3.1780538303479458,0.9999682917169525,0.99,0.00996829171695246,21.65319476453888,0,24
0,1,131072,4,20000,24,131069,3.177897377768051,3.1780538303479458,0.999950770947175,0.99,0.009950770947175003,21.615136022761618,0,24
0,1,131072,4,20000,24,131069,3.177913185508554,3.1780538303479458,0.9999557449788771,0.99,0.009955744978877079,21.625940650100812,0,24
0,1,131072,4,20000,24,131069,3.177914536924794,3.1780538303479458,0.9999561702127818,0.99,0.009956170212781834,21.626864346238687,0,24
0,1,131072,4,20000,24,131069,3.1779184381973833,3.1780538303479458,0.999957397779336,0.99,0.009957397779336019,21.629530875112337,0,24
0,1,131072,4,20000,24,131069,3.1778922848566995,3.1780538303479458,0.9999491684219746,0.99,0.009949168421974575,21.61165500602723,0,24
0,1,131072,4,20000,24,131069,3.1779093401686853,3.1780538303479458,0.9999545350119999,0.99,0.009954535011999943,21.623312351371883,0,24
0,1,131072,4,20000,24,131069,3.177868802885903,3.1780538303479458,0.9999417796324669,0.99,0.009941779632466896,21.595605024463005,0,24
0,1,131072,4,20000,24,131069,3.177902351938351,3.1780538303479458,0.999952336109556,0.99,0.009952336109556037,21.618535879711736,0,24
0,1,131072,4,20000,24,131069,3.1778895164028347,3.1780538303479458,0.9999482973058725,0.99,0.009948297305872544,21.609762761382374,0,24
0,1,131072,4,20000,24,131069,3.177980191004795,3.1780538303479458,0.9999768287930029,0.99,0.009976828793002879,21.671739062367266,0,24
0,1,131072,4,20000,24,131069,3.1778405679652124,3.1780538303479458,0.9999328952893445,0.99,0.00993289528934449,21.576306390610092,0,24
0,1,131072,4,20000,24,131069,3.177862031564086,3.1780538303479458,0.9999396489820191,0.99,0.009939648982019156,21.59097681027846,0,24
0,1,131072,4,20000,24,131069,3.17792845451501,3.1780538303479458,0.999960549493612,0.99,0.009960549493612025,21.636377051468155,0,24
0,1,131072,4,20000,24,131069,3.1778680030829087,3.1780538303479458,0.999941527968072,0.99,0.009941527968072017,21.595058357259397,0,24
0,1,131072,4,20000,24,131069,3.1779668722877927,3.1780538303479458,0.9999726379524089,0.99,0.00997263795240888,21.662635688370433,0,24
0,1,131072,4,20000,24,131069,3.177882401309406,3.1780538303479458,0.9999460584849436,0.99,0.009946058484943565,21.604899578502636,0,24
0,1,131072,4,20000,24,131069,3.177933664796782,3.1780538303479458,0.9999621889503518,0.99,0.009962188950351836,21.63993829115728,0,24
0,1,131072,4,20000,24,131069,3.177848258085937,3.1780538303479458,0.999935315047201,0.99,0.009935315047201021,21.58156260598162,0,24
0,1,131072,4,20000,24,131069,3.1779285350585855,3.1780538303479458,0.9999605748372907,0.99,0.009960574837290737,21.63643210318883,0,24
0,1,131072,4,20000,24,131069,3.177826198272897,3.1780538303479458,0.9999283737509808,0.99,0.009928373750980768,21.566484672545954,0,24
0,1,131072,4,20000,24,131069,3.1779303372950487,3.1780538303479458,0.9999611419253766,0.99,0.00996114192537656,21.637663935996258,0,24
0,1,131072,4,20000,24,131069,3.1779507946268177,3.1780538303479458,0.9999675789880762,0.99,0.009967578988076209,21.651646569761883,0,24
0,1,131072,4,20000,24,131069,3.177915235401993,3.1780538303479458,0.9999563899942068,0.99,0.009956389994206782,21.62734175702633,0,24
0,1,131072,4,20000,24,131069,3.1779707453901023,3.1780538303479458,0.9999738566549596,0.99,0.009973856654959645,21.665282962792276,0,24
0,1,131072,4,20000,24,131069,3.1779265859427195,3.1780538303479458,0.9999599615324287,0.99,0.00995996153242873,21.635099877968685,0,24
0,1,131072,4,20000,24,131069,3.177836790066845,3.1780538303479458,0.9999317065434737,0.99,0.00993170654347375,21.573724188303466,0,24
0,1,131072,4,20000,24,131069,3.1778317967476455,3.1780538303479458,0.9999301353557388,0.99,0.009930135355738834,21.57031124303643,0,24
0,1,131072,4,20000,24,131069,3.177943202486465,3.1780538303479458,0.9999651900605255,0.99,0.009965190060525542,21.646457324201883,0,24
0,1,131072,4,20000,24,131069,3.177980320026928,3.1780538303479458,0.9999768693908467,0.99,0.009976869390846743,21.671827249294893,0,24
0,1,131072,4,20000,24,131069,3.177954681758678,3.1780538303479458,0.9999688021051372,0.99,0.009968802105137176,21.65430343341445,0,24
0,1,131072,4,20000,24,131069,3.1779586610407957,3.1780538303479458,0.9999700542180119,0.99,0.009970054218011892,21.657023281981612,0,24
0,1,131072,4,20000,24,131069,3.1779765530885387,3.1780538303479458,0.9999756840936207,0.99,0.009975684093620707,21.66925253815903,0,24
0,1,131072,4,20000,24,131069,3.1778876281861876,3.1780538303479458,0.9999477031634357,0.99,0.00994770316343574,21.608472160919696,0,24
0,1,131072,4,20000,24,131069,3.1779424987852662,3.1780538303479458,0.9999649686353276,0.99,0.009964968635327587,21.64597634279873,0,24
0,1,131072,4,20000,24,131069,3.1777964195379087,3.1780538303479458,0.9999190036343693,0.99,0.009919003634369261,21.54613083803584,0,24
0,1,131072,4,20000,24,131069,3.1779474730751027,3.1780538303479458,0.9999665338353216,0.99,0.009966533835321645,21.649376281452124,0,24
0,1,131072,4,20000,24,131069,3.1779325059543253,3.1780538303479458,0.9999618243113247,0.99,0.009961824311324752,21.639146219647294,0,24
0,1,131072,4,20000,24,131069,3.1779210161276086,3.1780538303479458,0.9999582089456545,0.99,0.009958208945654468,21.63129289640731,0,24
0,1,131072,4,20000,24,131069,3.1778665863539883,3.1780538303479458,0.999941082183011,0.99,0.00994108218301104,21.594090019752578,0,24
0,1,131072,4,20000,24,131069,3.1778901189580333,3.1780538303479458,0.9999484869046744,0.99,0.009948486904674425,21.61017460925971,0,24
0,1,131072,4,20000,24,131069,3.1779281605540497,3.1780538303479458,0.9999604569964499,0.99,0.009960456996449873,21.6361761284691,0,24
0,1,131072,4,20000,24,131069,3.1778841587852025,3.1780538303479458,0.9999466114887284,0.99,0.00994661148872844,21.60610081729053,0,24
0,1,131072,4,20000,24,131069,3.177929316775359,3.1780538303479458,0.999960820810712,0.99,0.009960820810712034,21.6369664084188,0,24
0,1,131072,4,20000,24,131069,3.1779208830143877,3.1780538303479458,0.9999581670605172,0.99,0.00995816706051722,21.63120191321176,0,24
0,1,131072,4,20000,24,131069,3.1779368917645194,3.1780538303479458,0.9999632043415031,0.99,0.009963204341503107,21.6421439310989,0,24
0,1,131072,4,20000,24,131069,3.1779574754150333,3.1780538303479458,0.9999696811514039,0.99,0.009969681151403953,21.65621290402005,0,24
0,1,131072,4,20000,24,131069,3.1779071661834433,3.1780538303479458,0.9999538509501941,0.99,0.009953850950194076,21.621826427410788,0,24
0,1,131072,4,20000,24,131069,3.177942642454451,3.1780538303479458,0.999965013841983,0.99,0.009965013841983006,21.64607454101987,0,24
0,1,131072,4,20000,24,131069,3.1779805220086774,3.1780538303479458,0.9999769329460161,0.99,0.009976932946016093,21.671965304289603,0,24
0,1,131072,4,20000,24,131069,3.177951343108486,3.1780538303479458,0.9999677515722103,0.99,0.009967751572210304,21.652021458255817,0,24
0,1,131072,4,20000,24,131069,3.17796004778116,3.1780538303479458,0.9999704905669343,0.99,0.009970490566934331,21.65797112224062,0,24
0,1,131072,4,20000,24,131069,3.177908678105701,3.1780538303479458,0.9999543266885983,0.99,0.009954326688598303,21.62285982978465,0,24
0,1,131072,4,20000,24,131069,3.177912120735016,3.1780538303479458,0.9999554099393859,0.99,0.009955409939385929,21.625212874915086,0,24
0,1,131072,4,20000,24,131069,3.1778758332130095,3.1780538303479458,0.9999439917809961,0.99,0.009943991780996142,21.600410269364737,0,24
0,1,131072,4,20000,24,131069,3.177920714186207,3.1780538303479458,0.9999581139373828,0.99,0.009958113937382773,21.631086518758096,0,24
0,1,131072,4,20000,24,131069,3.1779493837690316,3.1780538303479458,0.9999671350504146,0.99,0.009967135050414577,21.65068224518917,0,24
0,1,131072,4,20000,24,131069,3.1779946435796633,3.1780538303479458,0.9999813764110232,0.99,0.009981376411023257,21.681617430848654,0,24
0,1,131072,4,20000,24,131069,3.177888533101999,3.1780538303479458,0.9999479879024173,0.99,0.009947987902417355,21.609090672977835,0,24
0,1,131072,4,20000,24,131069,3.1778952964162426,3.1780538303479458,0.9999501160332184,0.99,0.009950116033218381,21.613713413967716,0,24
0,1,131072,4,20000,24,131069,3.1779861119405677,3.1780538303479458,0.9999786918626955,0.99,0.00997869186269551,21.675786035716357,0,24
0,1,131072,4,20000,24,131069,3.177899100304634,3.1780538303479458,0.9999513129570575,0.99,0.009951312957057534,21.616313380515987,0,24
0,1,131072,4,20000,24,131069,3.177918088013359,3.1780538303479458,0.9999572875911381,0.99,0.00995728759113812,21.62929152351854,0,24
0,1,131072,4,20000,24,131069,3.1779225430655043,3.1780538303479458,0.9999586894088489,0.99,0.00995868940884892,21.63233656200439,0,24
0,1,131072,4,20000,24,131069,3.177919396382085,3.1780538303479458,0.9999576992797992,0.99,0.00995769927979917,21.630185796580886,0,24
0,1,131072,4,20000,24,131069,3.1779952326326604,3.1780538303479458,0.9999815617612496,0.99,0.009981561761249647,21.68202004993983,0,24
0,1,131072,4,20000,24,131069,3.177914175081212,3.1780538303479458,0.9999560563558112,0.99,0.009956056355811205,21.626617025310452,0,24
0,1,131072,4,20000,24,131069,3.177816878898629,3.1780538303479458,0.9999254413354947,0.99,0.009925441335494667,21.560114858594474,0,24
0,1,131072,4,20000,24,131069,3.177897259096281,3.1780538303479458,0.9999507336061556,0.99,0.009950733606155615,21.61505491033148,0,24
0,1,131072,4,20000,24,131069,3.1779095389826364,3.1780538303479458,0.9999545975703963,0.99,0.009954597570396295,21.623448241169136,0,24
0,1,131072,4,20000,24,131069,3.1779121576314777,3.1780538303479458,0.9999554215491522,0.99,0.009955421549152188,21.625238093732627,0,24
0,1,131072,4,20000,24,131069,3.1778251722023136,3.1780538303479458,0.9999280508896833,0.99,0.009928050889683293,21.565783350919876,0,24
0,1,131072,4,20000,24,131069,3.1779587926022694,3.1780538303479458,0.9999700956148795,0.99,0.009970095614879493,21.65711320455433,0,24
0,1,131072,4,20000,24,131069,3.1779265880126584,3.1780538303479458,0.9999599621837515,0.99,0.009959962183751503,21.635101292776685,0,24
0,1,131072,4,20000,24,131069,3.177937342625676,3.1780538303479458,0.999963346208564,0.99,0.009963346208563983,21.64245209574607,0,24
0,1,131072,4,20000,24,131069,3.1779469586444957,3.1780538303479458,0.9999663719656258,0.99,0.009966371965625775,21.649024666937756,0,24
0,1,131072,4,20000,24,131069,3.1779374652705057,3.1780538303479458,0.9999633847997385,0.99,0.009963384799738462,21.642535923772066,0,24
0,1,131072,4,20000,24,131069,3.177917386496469,3.1780538303479458,0.9999570668532503,0.99,0.009957066853250263,21.628812035095308,0,24
0,1,131072,4,20000,24,131069,3.1778965079902086,3.1780538303479458,0.9999504972646357,0.99,0.009950497264635705,21.61454152758678,0,24
0,1,131072,4,20000,24,131069,3.1779739281042945,3.1780538303479458,0.9999748581213798,0.99,0.00997485812137977,21.667458355333025,0,24
0,1,131072,4,20000,24,131069,3.177962986205717,3.1780538303479458,0.9999714151656711,0.99,0.009971415165671127,21.65997954224832,0,24
0,1,131072,4,20000,24,131069,3.177785919799326,3.1780538303479458,0.9999156998078317,0.99,0.00991569980783169,21.538954242334434,0,24
0,1,131072,4,20000,24,131069,3.177882980374747,3.1780538303479458,0.9999462406924744,0.99,0.009946240692474406,21.605295371008005,0,24
0,1,131072,4,20000,24,131069,3.177991133213195,3.1780538303479458,0.9999802718461998,0.99,0.009980271846199762,21.679218087216633,0,24
0,1,131072,4,20000,24,131069,3.177898385938231,3.1780538303479458,0.9999510881759679,0.99,0.009951088175967904,21.61582510942086,0,24
0,1,131072,4,20000,24,131069,3.177877209671544,3.1780538303479458,0.9999444248946588,0.99,0.009944424894658854,21.60135108196936,0,24
0,1,131072,4,20000,24,131069,3.177981830358117,3.1780538303479458,0.9999773446286084,0.99,0.009977344628608442,21.67285956416947,0,24
0,1,131072,4,20000,24,131069,3.177953268441494,3.1780538303479458,0.9999683573936062,0.99,0.009968357393606242,21.65333742783729,0,24
0,1,131072,4,20000,24,131069,3.1779618587947183,3.1780538303479458,0.9999710604168032,0.99,0.009971060416803179,21.659208954212946,0,24
0,1,131072,4,20000,24,131069,3.177875981232702,3.1780538303479458,0.9999440383565736,0.99,0.009944038356573648,21.60051144116825,0,24
0,1,131072,4,20000,24,131069,3.1778701918164147,3.1780538303479458,0.9999422166705367,0.99,0.009942216670536741,21.59655436169295,0,24
0,1,131072,4,20000,24,131069,3.17791752527175,3.1780538303479458,0.9999571105199999,0.99,0.009957110519999923,21.628906888322117,0,24
0,1,131072,4,20000,24,131069,3.1779092011810217,3.1780538303479458,0.9999544912784224,0.99,0.009954491278422406,21.62321735298108,0,24
0,1,131072,4,20000,24,131069,3.1779650263605266,3.1780538303479458,0.9999720571166633,0.99,0.009972057116663269,21.661373992797802,0,24
0,1,131072,4,20000,24,131069,3.1779471024292327,3.1780538303479458,0.9999664172086408,0.99,0.009966417208640777,21.649122944139442,0,24
0,1,131072,4,20000,24,131069,3.1779641779380676,3.1780538303479458,0.9999717901537658,0.99,0.009971790153765814,21.660794094077175,0,24
0,1,131072,4,20000,24,131069,3.177965120915699,3.1780538303479458,0.9999720868692029,0.99,0.009972086869202923,21.661438621477842,0,24
0,1,131072,4,20000,24,131069,3.1779245493532895,3.1780538303479458,0.9999593207033116,0.99,0.009959320703311625,21.633707864364204,0,24
0,1,131072,4,20000,24,131069,3.1779675651334593,3.1780538303479458,0.9999728559618272,0.99,0.009972855961827176,21.663109249992512,0,24
0,1,131072,4,20000,24,131069,3.1779372932396126,3.1780538303479458,0.9999633306688451,0.99,0.009963330668845138,21.642418340257336,0,24
0,1,131072,4,20000,24,131069,3.177961859507973,3.1780538303479458,0.9999710606412344,0.99,0.00997106064123443,21.659209441724123,0,24
0,1,131072,4,20000,24,131069,3.1779564947363563,3.1780538303479458,0.999969372573032,0.99,0.009969372573031987,21.655542607867208,0,24
0,1,131072,4,20000,24,131069,3.17798800358772,3.1780538303479458,0.9999792870845682,0.99,0.00997928708456819,21.677078980937385,0,24
0,1,131072,4,20000,24,131069,3.177840194783983,3.1780538303479458,0.9999327778648924,0.99,0.00993277786489244,21.576051320373132,0,24
0,1,131072,4,20000,24,131069,3.177954552516823,3.1780538303479458,0.999968761438156,0.99,0.00996876143815606,21.654215096306388,0,24
0,1,131072,4,20000,24,131069,3.1778089336748896,3.1780538303479458,0.9999229413074386,0.99,0.009922941307438649,21.554684279719886,0,24
0,1,131072,4,20000,24,131069,3.177881856907935,3.1780538303479458,0.9999458871846761,0.99,0.00994588718467615,21.604527478833116,0,24
0,1,131072,4,20000,24,131069,3.1779683303119235,3.1780538303479458,0.9999730967313374,0.99,0.009973096731337394,21.663632251249513,0,24
0,1,131072,4,20000,24,131069,3.1779676659272282,3.1780538303479458,0.9999728876773909,0.99,0.009972887677390907,21.663178142767528,0,24
0,1,131072,4,20000,24,131069,3.177944727900874,3.1780538303479458,0.9999656700443429,0.99,0.0099656700443429,21.64749994849261,0,24
0,1,131072,4,20000,24,131069,3.177915365928218,3.1780538303479458,0.9999564310653251,0.99,0.009956431065325066,21.627430972004046,0,24
0,1,131072,4,20000,24,131069,3.1779559602300953,3.1780538303479458,0.9999692043863714,0.99,0.009969204386371389,21.655177271596745,0,24
0,1,131072,4,20000,24,131069,3.1779233871585846,3.1780538303479458,0.999958955009473,0.99,0.00995895500947297,21.63291350158496,0,24
0,1,131072,4,20000,24,131069,3.17792428878741,3.1780538303479458,0.9999592387141782,0.99,0.009959238714178253,21.63352976698063,0,24
0,1,131072,4,20000,24,131069,3.1779247763822323,3.1780538303479458,0.9999593921397802,0.99,0.009959392139780254,21.633863039173733,0,24
0,1,131072,4,20000,24,131069,3.1779071172235183,3.1780538303479458,0.999953835544563,0.99,0.009953835544562972,21.62179296318841,0,24
0,1,131072,4,20000,24,131069,3.1779634647656163,3.1780538303479458,0.9999715657483625,0.99,0.009971565748362554,21.66030663905068,0,24
0,1,131072,4,20000,24,131069,3.177852374051608,3.1780538303479458,0.9999366101686467,0.99,0.009936610168646665,21.58437587807503,0,24
0,1,131072,4,20000,24,131069,3.1778957649503936,3.1780538303479458,0.9999502634612282,0.99,0.009950263461228182,21.61403365814802,0,24
0,1,131072,4,20000,24,131069,3.177901142011266,3.1780538303479458,0.9999519553963431,0.99,0.009951955396343082,21.61770889173991,0,24
0,1,131072,4,20000,24,131069,3.177877971423319,3.1780538303479458,0.9999446645859339,0.99,0.009944664585933904,21.601871741076195,0,24
0,1,131072,4,20000,24,131069,3.1779439098358537,3.1780538303479458,0.9999654126336558,0.99,0.009965412633655801,21.646940799151828,0,24
0,1,131072,4,20000,24,131069,3.177947163760286,3.1780538303479458,0.999966436506946,0.99,0.009966436506946064,21.649164864056605,0,24
0,1,131072,4,20000,24,131069,3.1778632500885062,3.1780538303479458,0.9999400324004523,0.99,0.00994003240045227,21.591809674548912,0,24
0,1,131072,4,20000,24,131069,3.1778968981443336,3.1780538303479458,0.9999506200297448,0.99,0.009950620029744783,21.61480819883725,0,24
0,1,131072,4,20000,24,131069,3.1779582645537685,3.1780538303479458,0.9999699294602047,0.99,0.009969929460204696,21.656752282178005,0,24
0,1,131072,4,20000,24,131069,3.1779722461143662,3.1780538303479458,0.9999743288698257,0.99,0.009974328869825744,21.666308711311345,0,24
0,1,131072,4,20000,24,131069,3.1779307483092323,3.1780538303479458,0.9999612712542695,0.99,0.009961271254269488,21.637944865145084,0,24
0,1,131072,4,20000,24,131069,3.177853631216667,3.1780538303479458,0.9999370057456652,0.99,0.00993700574566525,21.585235153312052,0,24
0,1,131072,4,20000,24,131069,3.1779812650757817,3.1780538303479458,0.9999771667580105,0.99,0.009977166758010525,21.672473192380913,0,24
0,1,131072,4,20000,24,131069,3.177967613874202,3.1780538303479458,0.9999728712984908,0.99,0.009972871298490782,21.6631425644032,0,24
0,1,131072,4,20000,24,131069,3.17784578969104,3.1780538303479458,0.9999345383470478,0.99,0.009934538347047828,21.579875452338015,0,24
0,1,131072,4,20000,24,131069,3.1779064506122285,3.1780538303479458,0.9999536257900008,0.99,0.009953625790000808,21.621337332824023,0,24
0,1,131072,4,20000,24,131069,3.177946656842962,3.1780538303479458,0.9999662770013648,0.99,0.009966277001364765,21.648818384888866,0,24
0,1,131072,4,20000,24,131069,3.1779284514250126,3.1780538303479458,0.9999605485213195,0.99,0.009960548521319557,21.636374939447485,0,24
0,1,131072,4,20000,24,131069,3.1779650935573427,3.1780538303479458,0.9999720782606778,0.99,0.009972078260677808,21.661419921977842,0,24
0,1,131072,4,20000,24,131069,3.1779477814455386,3.1780538303479458,0.9999666308665403,0.99,0.00996663086654026,21.649587053361152,0,24
0,1,131072,4,20000,24,131069,3.177879861052775,3.1780538303479458,0.9999452591729223,0.99,0.009945259172922327,21.603163307197086,0,24
0,1,131072,4,20000,24,131069,3.1779486422837113,3.1780538303479458,0.9999669017361412,0.99,0.009966901736141232,21.65017543825118,0,24
0,1,131072,4,20000,24,131069,3.1779680826508887,3.1780538303479458,0.9999730188028163,0.99,0.009973018802816314,21.663462974357085,0,24
0,1,131072,4,20000,24,131069,3.177833037312493,3.1780538303479458,0.9999305257093682,0.99,0.009930525709368254,21.571159171990043,0,24
0,1,131072,4,20000,24,131069,3.17794739914253,3.1780538303479458,0.9999665105718477,0.99,0.00996651057184772,21.649325748367207,0,24
0,1,131072,4,20000,24,131069,3.177942318847199,3.1780538303479458,0.9999649120163788,0.99,0.009964912016378835,21.645853354712155,0,24
0,1,131072,4,20000,24,131069,3.177894738144018,3.1780538303479458,0.9999499403684077,0.99,0.009949940368407684,21.613331833605972,0,24
0,1,131072,4,20000,24,131069,3.177897145225324,3.1780538303479458,0.9999506977757502,0.99,0.009950697775750195,21.61497707926783,0,24
0,1,131072,4,20000,24,131069,3.1777820393859995,3.1780538303479458,0.999914478804811,0.99,0.009914478804811,21.536301970815316,0,24
0,1,131072,4,20000,24,131069,3.1779187601180663,3.1780538303479458,0.999957499074248,0.99,0.009957499074248033,21.62975090864674,0,24
0,1,131072,4,20000,24,131069,3.1779639898035423,3.1780538303479458,0.999971730955736,0.99,0.009971730955736002,21.660665503692226,0,24
0,1,131072,4,20000,24,131069,3.177881774807242,3.1780538303479458,0.9999458613510379,0.99,0.009945861351037921,21.604471362818863,0,24
0,1,131072,4,20000,24,131069,3.1779080430331557,3.1780538303479458,0.9999541268579538,0.99,0.009954126857953827,21.62242575622545,0,24
0,1,131072,4,20000,24,131069,3.1779252072504915,3.1780538303479458,0.9999595277159166,0.99,0.009959527715916572,21.634157538629452,0,24
0,1,131072,4,20000,24,131069,3.1779667407982064,3.1780538303479458,0.9999725965781612,0.99,0.009972596578161186,21.662545814932834,0,24
0,1,131072,4,20000,24,131069,3.177941871442497,3.1780538303479458,0.9999647712369187,0.99,0.009964771236918746,21.645547552559215,0,24
0,1,131072,4,20000,24,131069,3.177994870897781,3.1780538303479458,0.9999814479384831,0.99,0.009981447938483101,21.68177280330995,0,24
0,1,131072,4,20000,24,131069,3.1779942892401465,3.1780538303479458,0.9999812649152665,0.99,0.009981264915266519,21.68137523896617,0,24
0,1,131072,4,20000,24,131069,3.177983059148934,3.1780538303479458,0.9999777312774454,0.99,0.00997773127744539,21.673699445546305,0,24
0,1,131072,4,20000,24,131069,3.1779514898783625,3.1780538303479458,0.9999677977545233,0.99,0.009967797754523278,21.652121775807295,0,24
0,1,131072,4,20000,24,131069,3.177986462335414,3.1780538303479458,0.9999788021172302,0.99,0.009978802117230234,21.67602553140748,0,24
0,1,131072,4,20000,24,131069,3.1779742030465887,3.1780538303479458,0.9999749446341668,0.99,0.009974944634166816,21.667646279029555,0,24
0,1,131072,4,20000,24,131069,3.1779362221218537,3.1780538303479458,0.9999629936330943,0.99,0.009962993633094275,21.641686228781943,0,24
0,1,131072,4,20000,24,131069,3.1779327953997014,3.1780538303479458,0.9999619153876222,0.99,0.009961915387622255,21.639344056233973,0,24
0,1,131072,4,20000,24,131069,3.177956956446224,3.1780538303479458,0.9999695178537265,0.99,0.009969517853726462,21.65585818763376,0,24
0,1,131072,4,20000,24,131069,3.177912815229454,3.1780538303479458,0.9999556284676032,0.99,0.009955628467603228,21.625687563476085,0,24
0,1,131072,4,20000,24,131069,3.1778735657763337,3.1780538303479458,0.9999432783139509,0.99,0.00994327831395092,21.598860471131804,0,24
0,1,131072,4,20000,24,131069,3.177939455396439,3.1780538303479458,0.9999640110087455,0.99,0.009964011008745555,21.64389617946872,0,24
0,1,131072,4,20000,24,131069,3.1779826751506053,3.1780538303479458,0.9999776104493068,0.99,0.009977610449306784,21.673436981796996,0,24
0,1,131072,4,20000,24,131069,3.1779527250090576,3.1780538303479458,0.9999681863982534,0.99,0.009968186398253365,21.652965990505315,0,24
0,1,131072,4,20000,24,131069,3.177956525091302,3.1780538303479458,0.9999693821244579,0.99,0.00996938212445786,21.65556335554299,0,24
0,1,131072,4,20000,24,131069,3.1779214752392955,3.1780538303479458,0.9999583534088107,0.99,0.009958353408810683,21.631606700311394,0,24
0,1,131072,4,20000,24,131069,3.177751137202806,3.1780538303479458,0.9999047551862561,0.99,0.009904755186256109,21.51518025684831,0,24
0,1,131072,4,20000,24,131069,3.177987350255805,3.1780538303479458,0.9999790815084673,0.99,0.009979081508467269,21.676632427056482,0,24
0,1,131072,4,20000,24,131069,3.177910017903697,3.1780538303479458,0.9999547482667299,0.99,0.00995474826672993,21.623775584825914,0,24
0,1,131072,4,20000,24,131069,3.177937854208453,3.1780538303479458,0.9999635071821674,0.99,0.00996350718216743,21.64280176376205,0,24
0,1,131072,4,20000,24,131069,3.1778812768240847,3.1780538303479458,0.9999457046566633,0.99,0.009945704656663334,21.604130990174507,0,24
0,1,131072,4,20000,24,131069,3.177985161583326,3.1780538303479458,0.9999783928252052,0.99,0.009978392825205185,21.675136464335043,0,24
0,1,131072,4,20000,24,131069,3.1778519187175975,3.1780538303479458,0.9999364668941665,0.99,0.009936466894166496,21.584064656221578,0,24
0,1,131072,4,20000,24,131069,3.177953186761029,3.1780538303479458,0.9999683316921961,0.99,0.00996833169219613,21.653281599049905,0,24
0,1,131072,4,20000,24,131069,3.177965838692078,3.1780538303479458,0.9999723127232687,0.99,0.009972312723268706,21.66192922329946,0,24
0,1,131072,4,20000,24,131069,3.1779711347199657,3.1780538303479458,0.9999739791607083,0.99,0.009973979160708302,21.66554907065817,0,24
0,1,131072,4,20000,24,131069,3.177984382341898,3.1780538303479458,0.9999781476306712,0.99,0.009978147630671175,21.674603851009625,0,24
0,1,131072,4,20000,24,131069,3.1779647196246015,3.1780538303479458,0.9999719605997566,0.99,0.00997196059975658,21.66116433808083,0,24
0,1,131072,4,20000,24,131069,3.1779675914408507,3.1780538303479458,0.9999728642396578,0.99,0.00997286423965782,21.66312723115561,0,24
0,1,131072,4,20000,24,131069,3.177838370117133,3.1780538303479458,0.9999322037189063,0.99,0.009932203718906352,21.574804156344122,0,24
0,1,131072,4,20000,24,131069,3.177901022596175,3.1780538303479458,0.9999519178214317,0.99,0.009951917821431677,21.617627271247855,0,24
0,1,131072,4,20000,24,131069,3.1778932410103478,3.1780538303479458,0.9999494692833506,0.99,0.00994946928335061,21.612308539266166,0,24
0,1,131072,4,20000,24,131069,3.1779721528920186,3.1780538303479458,0.9999742995366702,0.99,0.009974299536670173,21.666244993620424,0,24
0,1,131072,4,20000,24,131069,3.1779077272643996,3.1780538303479458,0.9999540274987947,0.99,0.009954027498794704,21.622209927547352,0,24
0,1,131072,4,20000,24,131069,3.1779409346634906,3.1780538303479458,0.9999644764719284,0.99,0.00996447647192844,21.644907261933092,0,24
0,1,131072,4,20000,24,131069,3.1779849949695187,3.1780538303479458,0.999978340398841,0.99,0.009978340398841046,21.675022583410836,0,24
0,1,131072,4,20000,24,131069,3.1779290629062844,3.1780538303479458,0.9999607409287816,0.99,0.00996074092878163,21.63679288831663,0,24
0,1,131072,4,20000,24,131069,3.1779783469657277,3.1780538303479458,0.9999762485513942,0.99,0.009976248551394229,21.67047865738321,0,24
0,1,131072,4,20000,24,131069,3.1778972448833125,3.1780538303479458,0.9999507291339316,0.99,0.00995072913393158,21.61504519573435,0,24
0,1,131072,4,20000,24,131069,3.177976506379162,3.1780538303479458,0.9999756693961426,0.99,0.009975669396142584,21.66922061219163,0,24
0,1,131072,4,20000,24,131069,3.177892000779157,3.1780538303479458,0.9999490790347089,0.99,0.009949079034708874,21.611460838367552,0,24
0,1,131072,4,20000,24,131069,3.177939987102964,3.1780538303479458,0.9999641783144468,0.99,0.009964178314446848,21.64425960211306,0,24
0,1,131072,4,20000,24,131069,3.177965971492551,3.1780538303479458,0.9999723545099973,0.99,0.009972354509997339,21.662019992731107,0,24
0,1,131072,4,20000,24,131069,3.1778837846070207,3.1780538303479458,0.9999464937505774,0.99,0.009946493750577434,21.605845065634444,0,24
0,1,131072,4,20000,24,131069,3.1779808829672835,3.1780538303479458,0.9999770465245221,0.99,0.009977046524522137,21.672212020335067,0,24
0,1,131072,4,20000,24,131069,3.1778316860611233,3.1780538303479458,0.9999301005273412,0.99,0.009930100527341224,21.570235588541337,0,24
0,1,131072,4,20000,24,131069,3.1779550521969586,3.1780538303479458,0.9999689186664984,0.99,0.009968918666498405,21.65455662883934,0,24
0,1,131072,4,20000,24,131069,3.177952693928087,3.1780538303479458,0.9999681766183779,0.99,0.0099681766183779,21.652944746589686,0,24
0,1,131072,4,20000,24,131069,3.1779725013671105,3.1780538303479458,0.9999744091871388,0.99,0.009974409187138766,21.666483177154767,0,24
0,1,131072,4,20000,24,131069,3.177948910614642,3.1780538303479458,0.9999669861686099,0.99,0.009966986168609915,21.650358843065238,0,24
0,1,131072,4,20000,24,131069,3.177950633772726,3.1780538303479458,0.9999675283740526,0.99,0.00996752837405257,21.65153662561671,0,24
0,1,131072,4,20000,24,131069,3.1779564368557365,3.1780538303479458,0.999969354360433,0.99,0.009969354360433003,21.655503046329063,0,24
0,1,131072,4,20000,24,131069,3.1779843962206016,3.1780538303479458,0.999978151997716,0.99,0.009978151997716012,21.674613337135742,0,24
0,1,131072,4,20000,24,131069,3.1778961027798043,3.1780538303479458,0.9999503697619483,0.99,0.009950369761948297,21.61426456533469,0,24
0,1,131072,4,20000,24,131069,3.1779232998583966,3.1780538303479458,0.9999589275397721,0.99,0.009958927539772122,21.632853831703752,0,24
0,1,131072,4,20000,24,131069,3.1778913312725883,3.1780538303479458,0.999948868369124,0.99,0.009948868369124009,21.61100322907312,0,24
0,1,131072,4,20000,24,131069,3.177848702526506,3.1780538303479458,0.9999354548939728,0.99,0.00993545489397285,21.58186638214243,0,24
0,1,131072,4,20000,24,131069,3.17792044160604,3.1780538303479458,0.999958028167858,0.99,0.009958028167857957,21.630900209581114,0,24
0,1,131072,4,20000,24,131069,3.1779338016118155,3.1780538303479458,0.999962232000294,0.99,0.009962232000294002,21.640031804550425,0,24
0,1,131072,4,20000,24,131069,3.177858612332807,3.1780538303479458,0.9999385730936102,0.99,0.009938573093610237,21.58863975775986,0,24
0,1,131072,4,20000,24,131069,3.1779186189594815,3.1780538303479458,0.9999574546575728,0.99,0.009957454657572806,21.62965442642624,0,24
0,1,131072,4,20000,24,131069,3.1779740479288634,3.1780538303479458,0.9999748958251365,0.99,0.009974895825136554,21.66754025570394,0,24
0,1,131072,4,20000,24,131069,3.1778665364996037,3.1780538303479458,0.9999410664959311,0.99,0.009941066495931072,21.594055944164957,0,24
0,1,131072,4,20000,24,131069,3.1779677591719704,3.1780538303479458,0.9999729170175932,0.99,0.009972917017593175,21.663241875765333,0,24
0,1,131072,4,20000,24,131069,3.1778894897260455,3.1780538303479458,0.9999482889118079,0.99,0.009948288911807879,21.609744527734904,0,24
0,1,131072,4,20000,24,131069,3.1779248397673077,3.1780538303479458,0.9999594120844001,0.99,0.009959412084400099,21.63390636302001,0,24
0,1,131072,4,20000,24,131069,3.177970057214336,3.1780538303479458,0.9999736401149629,0.99,0.009973640114962934,21.664812593058297,0,24
0,1,131072,4,20000,24,131069,3.1779199448866775,3.1780538303479458,0.9999578718711465,0.99,0.009957871871146495,21.630560700743445,0,24
0,1,131072,4,20000,24,131069,3.1777977855654154,3.1780538303479458,0.9999194334658257,0.99,0.009919433465825689,21.54706452100843,0,24
0,1,131072,4,20000,24,131069,3.177944684906944,3.1780538303479458,0.9999656565159597,0.99,0.009965656515959709,21.647470562041605,0,24
0,1,131072,4,20000,24,131069,3.1779678108012517,3.1780538303479458,0.9999729332631585,0.99,0.009972933263158512,21.66327716449888,0,24
0,1,131072,4,20000,24,131069,3.1779505758353497,3.1780538303479458,0.9999675101435948,0.99,0.00996751014359476,21.651497025285497,0,24
0,1,131072,4,20000,24,131069,3.177908823449457,3.1780538303479458,0.9999543724221711,0.99,0.00995437242217112,21.62295917257955,0,24
0,1,131072,4,20000,24,131069,3.17794964458875,3.1780538303479458,0.9999672171194204,0.99,0.00996721711942039,21.650860516072235,0,24
0,1,131072,4,20000,24,131069,3.1779898609816177,3.1780538303479458,0.999979871528381,0.99,0.009979871528380979,21.678348513979415,0,24
0,1,131072,4,20000,24,131069,3.1779674563042746,3.1780538303479458,0.9999728217178556,0.99,0.009972821717855629,21.663034864991904,0,24
0,1,131072,4,20000,24,131069,3.17794761810877,3.1780538303479458,0.9999665794713225,0.99,0.009966579471322512,21.64947541230053,0,24
0,1,131072,4,20000,24,131069,3.177751783137712,3.1780538303479458,0.999904958434829,0.99,0.00990495843482897,21.515621754856067,0,24
0,1,131072,4,20000,24,131069,3.177957333197246,3.1780538303479458,0.9999696364014422,0.99,0.009969636401442217,21.6561156978322,0,24
0,1,131072,4,20000,24,131069,3.177940955662274,3.1780538303479458,0.9999644830793634,0.99,0.009964483079363373,21.64492161465064,0,24
0,1,131072,4,20000,24,131069,3.177893095515234,3.1780538303479458,0.9999494235021519,0.99,0.009949423502151888,21.612209093017942,0,24
0,1,131072,4,20000,24,131069,3.177840660289714,3.1780538303479458,0.9999329243399856,0.99,0.009932924339985605,21.576369494621087,0,24
0,1,131072,4,20000,24,131069,3.177997114065164,3.1780538303479458,0.9999821537690016,0.99,0.009982153769001578,21.683306013424712,0,24
0,1,131072,4,20000,24,131069,3.177980302356454,3.1780538303479458,0.9999768638306911,0.99,0.009976863830691074,21.67181517148487,0,24
0,1,131072,4,20000,24,131069,3.1779095864776385,3.1780538303479458,0.9999546125150777,0.99,0.009954612515077677,21.62348070411322,0,24
0,1,131072,4,20000,24,131069,3.1778367007786383,3.1780538303479458,0.9999316784482271,0.99,0.009931678448227066,21.573663159607104,0,24
0,1,131072,4,20000,24,131069,3.1778845075941997,3.1780538303479458,0.999946721244263,0.99,0.00994672124426299,21.606339229049894,0,24
