thread_id,sample_idx,n,k,seg_len,expected_var,scale,mean,var,deviation,stat,p_value,distances
0,1,131072,8,16384,0.00045,1,0.8023681640625,0.08177605271339417,0.08132605271339416,0.21516851059017061,0.7609038810330024,0.87451171875|0.83935546875|1.39971923828125|0.67547607421875|0.59539794921875|0.41522216796875|0.81689453125
0,1,131072,8,16384,0.00045,1,0.6765921456473214,0.030208330829532778,0.02975833082953278,0.07873314280733018,0.9113422942102467,0.40020751953125|0.45281982421875|0.6795654296875|0.82537841796875|0.739013671875|0.91461181640625|0.72454833984375
0,1,131072,8,16384,0.00045,1,1.06219482421875,0.07640870979854039,0.07595870979854039,0.200967856036263,0.7762484597191928,1.37200927734375|1.3306884765625|0.95574951171875|0.844482421875|0.58233642578125|1.0133056640625|1.3367919921875
0,1,131072,8,16384,0.00045,1,0.8019845145089286,0.07146454039885074,0.07101454039885073,0.18788681336490867,0.7904610816088282,1.3333740234375|0.76544189453125|0.67242431640625|0.7652587890625|0.61346435546875|0.455322265625|1.00860595703125
0,1,131072,8,16384,0.00045,1,0.8243669782366071,0.07210361942344783,0.07165361942344782,0.18957765753211028,0.7886199337091662,1.35858154296875|0.48236083984375|0.69427490234375|0.82891845703125|0.9654541015625|0.572265625|0.86871337890625
0,1,131072,8,16384,0.00045,1,0.6996895926339286,0.031331979498571284,0.030881979498571285,0.08170603774661479,0.9080092680456846,0.5758056640625|0.93414306640625|0.577880859375|1.01446533203125|0.60943603515625|0.5472412109375|0.63885498046875
0,1,131072,8,16384,0.00045,1,0.6791469029017857,0.03026138078801486,0.02981138078801486,0.07887349980453606,0.9111848990502103,0.85260009765625|0.60986328125|0.63653564453125|0.92657470703125|0.80853271484375|0.43670654296875|0.48321533203125
0,1,131072,8,16384,0.00045,1,0.7419346400669643,0.027255123671220273,0.026805123671220274,0.07091969109637954,0.9201095454413206,0.78619384765625|0.62689208984375|0.6190185546875|0.733642578125|0.88885498046875|1.031494140625|0.5074462890625
0,1,131072,8,16384,0.00045,1,0.7490757533482143,0.05462069003557672,0.05417069003557672,0.14332217418290066,0.8393788297104878,1.180419921875|0.6756591796875|0.5467529296875|0.4180908203125|0.6715087890625|0.84088134765625|0.91021728515625
0,1,131072,8,16384,0.00045,1,0.82867431640625,0.06109159652675901,0.06064159652675901,0.16044258351572258,0.8205015277472432,1.033935546875|0.54986572265625|0.89532470703125|1.13214111328125|0.42608642578125|1.02923583984375|0.734130859375
0,1,131072,8,16384,0.00045,1,0.76275634765625,0.07580224105290004,0.07535224105290003,0.19936329055736535,0.7779879084291927,0.5302734375|0.541015625|0.5445556640625|0.98236083984375|0.49481201171875|1.12030029296875|1.1259765625
0,1,131072,8,16384,0.00045,1,0.8880789620535714,0.04381677903691117,0.04336677903691117,0.11473771249355613,0.8710982420284734,0.78350830078125|0.946533203125|0.85772705078125|1.3455810546875|0.76446533203125|0.88922119140625|0.6295166015625
0,1,131072,8,16384,0.00045,1,1.0268467494419642,0.12178375617581971,0.12133375617581971,0.3210189444785664,0.6498365423481252,0.7073974609375|1.1845703125|0.78887939453125|0.9127197265625|0.58453369140625|1.465087890625|1.54473876953125
0,1,131072,8,16384,0.00045,1,0.7603585379464286,0.014437269647510683,0.013987269647510682,0.03700683700811534,0.9582611747280247,0.67010498046875|0.78350830078125|0.71624755859375|0.88641357421875|0.59234619140625|0.96844482421875|0.7054443359375
0,1,131072,8,16384,0.00045,1,0.7572806222098214,0.14463767166040384,0.14418767166040383,0.38148472133486416,0.5895412552089621,0.611572265625|0.52056884765625|0.52398681640625|0.64404296875|1.5950927734375|0.419921875|0.98577880859375
0,1,131072,8,16384,0.00045,1,0.9397757393973214,0.04493486957282435,0.044484869572824354,0.11769590199483736,0.8678050728350271,1.06231689453125|0.784912109375|0.87921142578125|0.6015625|0.83489990234375|1.24554443359375|1.16998291015625
0,1,131072,8,16384,0.00045,1,1.0708966936383928,0.1765918059616673,0.17614180596166729,0.46602741405636594,0.5098556421152103,1.1136474609375|1.2957763671875|1.8505859375|0.67974853515625|1.28143310546875|0.67572021484375|0.599365234375
0,1,131072,8,16384,0.00045,1,0.9319370814732143,0.09089017598604669,0.09044017598604669,0.23928221418799533,0.7350648075118462,1.0474853515625|0.5521240234375|0.65008544921875|1.0870361328125|1.02020263671875|0.682373046875|1.4842529296875
0,1,131072,8,16384,0.00045,1,0.6661551339285714,0.06280933396548641,0.06235933396548641,0.16498728959630032,0.8155073837033564,0.4814453125|0.519775390625|0.60809326171875|0.6729736328125|0.57177734375|1.2637939453125|0.54522705078125
0,1,131072,8,16384,0.00045,1,0.722412109375,0.1015328796846526,0.1010828796846526,0.2674401614518539,0.7052691386270289,0.4541015625|0.4764404296875|0.4742431640625|0.6099853515625|1.38287353515625|0.679931640625|0.97930908203125
0,1,131072,8,16384,0.00045,1,0.5870448521205357,0.028451201562978787,0.02800120156297879,0.074084215746635,0.9165574911757837,0.486328125|0.60797119140625|0.3717041015625|0.36724853515625|0.7608642578125|0.70513916015625|0.81005859375
0,1,131072,8,16384,0.00045,1,0.90509033203125,0.2553756002868925,0.2549256002868925,0.6744697411829736,0.34016246752985024,1.4525146484375|1.8836669921875|0.42462158203125|0.72467041015625|0.580322265625|0.54693603515625|0.722900390625
0,1,131072,8,16384,0.00045,1,0.8018537248883929,0.07449614241415141,0.0740461424141514,0.19590767837151649,0.7817377761206061,1.3427734375|0.74871826171875|0.562255859375|0.63983154296875|0.6939697265625|0.5572509765625|1.06817626953125
0,1,131072,8,16384,0.00045,1,1.0498918805803572,0.15434613276501088,0.15389613276501088,0.40717089503079784,0.5647323136246747,1.5325927734375|1.48541259765625|0.80047607421875|0.73626708984375|0.5115966796875|1.4501953125|0.83270263671875
0,1,131072,8,16384,0.00045,1,0.9578770228794643,0.31244676180031833,0.3119967618003183,0.825465841581099,0.24305505056628673,0.62646484375|0.4637451171875|1.0765380859375|0.78167724609375|0.62152099609375|0.88519287109375|2.25
0,1,131072,8,16384,0.00045,1,0.7072405133928571,0.02799067311749167,0.02754067311749167,0.07286577200820492,0.9179249529379416,0.87091064453125|0.9454345703125|0.5689697265625|0.4871826171875|0.5811767578125|0.63543701171875|0.861572265625
0,1,131072,8,16384,0.00045,1,0.9304024832589286,0.1423527914650586,0.1419027914650586,0.375439496562404,0.5954522645870264,1.638427734375|0.60797119140625|0.97601318359375|1.3209228515625|0.73089599609375|0.57904052734375|0.6595458984375
0,1,131072,8,16384,0.00045,1,1.1097760881696428,0.15600152937125186,0.15555152937125186,0.4115506627720918,0.5605527708981226,0.7906494140625|1.5440673828125|1.64288330078125|1.346923828125|1.1348876953125|0.80609130859375|0.5029296875
0,1,131072,8,16384,0.00045,1,0.8529837472098214,0.04764128978155097,0.047191289781550974,0.12485641681036751,0.8598433144899662,1.13385009765625|1.153564453125|0.53753662109375|0.70794677734375|0.9720458984375|0.7138671875|0.7520751953125
0,1,131072,8,16384,0.00045,1,0.7492501395089286,0.08680713997811686,0.08635713997811685,0.22847951631689103,0.7466053871161691,0.66522216796875|0.76153564453125|0.991455078125|1.3333740234375|0.580810546875|0.44171142578125|0.47064208984375
0,1,131072,8,16384,0.00045,1,0.8925868443080357,0.05256788903961375,0.05211788903961375,0.13789097325647695,0.8453872868911523,1.36492919921875|0.9896240234375|0.6387939453125|0.7894287109375|0.843505859375|0.6614990234375|0.9603271484375
0,1,131072,8,16384,0.00045,1,0.7411237444196429,0.00866697394118017,0.00821697394118017,0.02174006957786101,0.9754727145850262,0.73870849609375|0.5621337890625|0.70355224609375|0.88104248046875|0.76300048828125|0.7171630859375|0.822265625
0,1,131072,8,16384,0.00045,1,0.8147495814732143,0.04326699400434688,0.04281699400434688,0.11328311802284548,0.8727183756077412,0.43096923828125|0.66717529296875|1.14404296875|0.93634033203125|0.9163818359375|0.8001708984375|0.80816650390625
0,1,131072,8,16384,0.00045,1,0.8075125558035714,0.11253881743367837,0.11208881743367836,0.2965591356808341,0.6749254021485136,0.75579833984375|0.50018310546875|0.47479248046875|1.4852294921875|1.08050537109375|0.59869384765625|0.75738525390625
0,1,131072,8,16384,0.00045,1,0.6757986886160714,0.05617172666350189,0.05572172666350189,0.14742583137474288,0.8348451948374536,0.598388671875|0.505126953125|0.51861572265625|0.478271484375|0.53851318359375|1.0745849609375|1.01708984375
0,1,131072,8,16384,0.00045,1,0.9053083147321429,0.10103632068755676,0.10058632068755675,0.2661263898342667,0.7066497297936438,1.1715087890625|1.4359130859375|0.49273681640625|1.13067626953125|0.7506103515625|0.62109375|0.734619140625
0,1,131072,8,16384,0.00045,1,0.7549787248883929,0.04520640187725729,0.04475640187725729,0.11841430894528718,0.867005658671328,1.0177001953125|0.46148681640625|0.47149658203125|1.01129150390625|0.829833984375|0.81536865234375|0.67767333984375
0,1,131072,8,16384,0.00045,1,0.6749529157366071,0.02702940665945715,0.026579406659457152,0.07032250001657768,0.9207800499587111,0.9486083984375|0.79425048828125|0.6192626953125|0.4375|0.66583251953125|0.7645263671875|0.49468994140625
0,1,131072,8,16384,0.00045,1,0.8035452706473214,0.021707573867574027,0.02125757386757403,0.056242253930186364,0.9366041296407193,0.85748291015625|0.53729248046875|0.82452392578125|0.93743896484375|0.781005859375|0.67608642578125|1.010986328125
0,1,131072,8,16384,0.00045,1,0.8069719587053571,0.08013721753139884,0.07968721753139883,0.2108325602587877,0.7655794561288505,0.419189453125|0.666015625|0.7615966796875|0.65673828125|1.0274658203125|1.3675537109375|0.750244140625
0,1,131072,8,16384,0.00045,1,0.8133108956473214,0.02812459076545676,0.02767459076545676,0.07322008480088324,0.9175272817812941,0.50396728515625|1.03173828125|0.7926025390625|0.65557861328125|0.92962646484375|0.92803955078125|0.85162353515625
0,1,131072,8,16384,0.00045,1,1.03509521484375,0.2001226938196591,0.1996726938196591,0.5282842914571617,0.45499895363083076,1.23480224609375|1.31201171875|0.4986572265625|0.44512939453125|1.35650634765625|1.69488525390625|0.70367431640625
0,1,131072,8,16384,0.00045,1,0.9232875279017857,0.14740980355715266,0.14695980355715266,0.38881909293513134,0.5824062695779961,1.19989013671875|0.5069580078125|0.49188232421875|1.2840576171875|0.5679931640625|0.906494140625|1.5057373046875
0,1,131072,8,16384,0.00045,1,0.7183140345982143,0.03236621983197271,0.03191621983197271,0.08444238046466748,0.9049428792095364,0.6727294921875|1.11297607421875|0.64727783203125|0.5924072265625|0.52099609375|0.80364990234375|0.67816162109375
0,1,131072,8,16384,0.00045,1,1.0454973493303572,0.19873905805300693,0.19828905805300692,0.5246235353135058,0.458129781556045,0.959228515625|0.67047119140625|0.66168212890625|1.4246826171875|1.956298828125|0.7147216796875|0.931396484375
0,1,131072,8,16384,0.00045,1,0.90716552734375,0.08477051449673516,0.08432051449673515,0.22309111177937785,0.752383345931436,0.440185546875|0.74273681640625|1.23956298828125|0.81976318359375|0.70648193359375|1.1070556640625|1.29437255859375
0,1,131072,8,16384,0.00045,1,0.9522356305803571,0.08564121048061216,0.08519121048061215,0.2253947568202591,0.7499114395678022,1.29302978515625|1.12139892578125|0.73565673828125|0.78076171875|0.416748046875|1.10357666015625|1.2144775390625
0,1,131072,8,16384,0.00045,1,0.9068167550223214,0.07645861135453594,0.07600861135453593,0.2010998831434624,0.7761053839482692,0.84307861328125|1.05291748046875|0.9366455078125|1.47442626953125|0.748779296875|0.7591552734375|0.53271484375
0,1,131072,8,16384,0.00045,1,0.85321044921875,0.13666609461818421,0.1362160946181842,0.36039391092415923,0.6102798882469118,0.7357177734375|1.17193603515625|0.69158935546875|0.47528076171875|0.577392578125|0.70880126953125|1.61175537109375
0,1,131072,8,16384,0.00045,1,0.9650530133928571,0.15414517144767606,0.15369517144767605,0.40663920136198595,0.5652407190752631,0.715576171875|0.5257568359375|0.68408203125|1.214111328125|1.5501708984375|0.6258544921875|1.4398193359375
0,1,131072,8,16384,0.00045,1,0.6839163643973214,0.06369699507343526,0.06324699507343526,0.16733582013643705,0.8129295211867817,0.62786865234375|0.2899169921875|0.5391845703125|1.02203369140625|0.6126708984375|1.06396484375|0.63177490234375
0,1,131072,8,16384,0.00045,1,1.0205601283482142,0.1435666418805414,0.1431166418805414,0.3786510428906039,0.5923086525067969,1.8475341796875|0.905029296875|0.82080078125|1.1063232421875|0.5284423828125|0.8880615234375|1.0477294921875
0,1,131072,8,16384,0.00045,1,0.9364188058035714,0.17580739484757793,0.17535739484757792,0.4639520573228504,0.5117420986517103,1.419677734375|1.7174072265625|0.59600830078125|0.9051513671875|0.61993408203125|0.60247802734375|0.69427490234375
0,1,131072,8,16384,0.00045,1,0.6824951171875,0.019716297941548482,0.019266297941548483,0.05097383303821292,0.9425318288744975,0.49310302734375|0.75799560546875|0.58575439453125|0.627685546875|0.84869384765625|0.89263916015625|0.57159423828125
0,1,131072,8,16384,0.00045,1,0.6397966657366071,0.038790370584750655,0.038340370584750656,0.10143908574130632,0.8859295934470266,0.60113525390625|0.69891357421875|1.066162109375|0.67547607421875|0.43341064453125|0.5389404296875|0.46453857421875
0,1,131072,8,16384,0.00045,1,0.7980259486607143,0.06690359267653252,0.06645359267653252,0.1758196799488882,0.803634286082217,0.6917724609375|0.51043701171875|0.89422607421875|1.168701171875|0.4298095703125|0.78985595703125|1.10137939453125
0,1,131072,8,16384,0.00045,1,0.6771414620535714,0.06780042149582688,0.06735042149582687,0.17819246597333674,0.8010394734310884,0.60443115234375|0.5333251953125|0.55206298828125|0.70977783203125|1.2958984375|0.54547119140625|0.4990234375
0,1,131072,8,16384,0.00045,1,0.5997227260044643,0.022713802146668332,0.022263802146668333,0.05890448371883039,0.9336100703267409,0.54730224609375|0.83966064453125|0.72076416015625|0.5091552734375|0.39300537109375|0.465576171875|0.72259521484375
0,1,131072,8,16384,0.00045,1,0.77178955078125,0.14675151663167135,0.14630151663167135,0.3870774294389825,0.5840969317775602,0.459716796875|0.6571044921875|0.70855712890625|0.94207763671875|0.6737060546875|0.35345458984375|1.60791015625
0,1,131072,8,16384,0.00045,1,0.7551531110491071,0.02129543025274666,0.020845430252746662,0.05515182442090996,0.9378307354625344,0.60003662109375|0.98468017578125|0.78631591796875|0.67626953125|0.851806640625|0.53826904296875|0.84869384765625
0,1,131072,8,16384,0.00045,1,0.8192400251116071,0.03657686375841802,0.03612686375841802,0.09558269715348632,0.8924739688693701,0.53570556640625|0.9677734375|1.0570068359375|0.764892578125|0.84710693359375|0.5684814453125|0.99371337890625
0,1,131072,8,16384,0.00045,1,0.9715924944196429,0.013872958567677712,0.01342295856767771,0.035513810228798987,0.9599436625263251,0.95263671875|0.97772216796875|0.80322265625|1.14794921875|0.89324951171875|0.89556884765625|1.13079833984375
0,1,131072,8,16384,0.00045,1,0.7850341796875,0.10822574474981853,0.10777574474981852,0.28514781797279504,0.6867571254818907,0.46002197265625|0.47406005859375|0.5528564453125|1.01116943359375|1.45111083984375|0.82891845703125|0.71710205078125
0,1,131072,8,16384,0.00045,1,0.8339059012276786,0.04011747529920267,0.03966747529920267,0.10495027477948773,0.8820096211262716,0.857666015625|1.07293701171875|0.70635986328125|0.99530029296875|0.51641845703125|1.0440673828125|0.64459228515625
0,1,131072,8,16384,0.00045,1,0.7055751255580357,0.0797005789924641,0.0792505789924641,0.2096773232719398,0.7668266301524893,0.6832275390625|0.8243408203125|0.45843505859375|0.7020263671875|0.34228515625|1.293212890625|0.635498046875
0,1,131072,8,16384,0.00045,1,1.1897321428571428,0.3959483268613718,0.3954983268613718,1.0463902168173265,0.13892156439738734,0.89886474609375|0.75433349609375|0.68896484375|0.97271728515625|0.76104736328125|2.48822021484375|1.76397705078125
0,1,131072,8,16384,0.00045,1,0.7725655691964286,0.1816742630029211,0.1812242630029211,0.4794743314366927,0.49772140604255455,1.12554931640625|0.47344970703125|0.60009765625|0.5689697265625|0.54827880859375|0.4185791015625|1.67303466796875
0,1,131072,8,16384,0.00045,1,0.6047101702008929,0.06252552979454702,0.06207552979454702,0.16423641433895184,0.8163320041638489,0.41766357421875|0.48724365234375|0.39874267578125|0.49298095703125|1.13604736328125|0.4959716796875|0.8043212890625
0,1,131072,8,16384,0.00045,1,0.9574323381696429,0.3000681228479561,0.2996181228479561,0.7927150413436914,0.2622588641446779,2.0826416015625|1.43890380859375|0.500732421875|0.522216796875|0.8524169921875|0.5906982421875|0.71441650390625
0,1,131072,8,16384,0.00045,1,1.5070103236607142,0.1840659959279761,0.1836159959279761,0.48580226195887327,0.4920648551380653,0.92535400390625|2.099365234375|1.46453857421875|1.60662841796875|1.65167236328125|1.92230224609375|0.87921142578125
0,1,131072,8,16384,0.00045,1,1.0134626116071428,0.0854123744125269,0.0849623744125269,0.22478931349310366,0.7505608577205682,1.392578125|1.25152587890625|1.34857177734375|0.8092041015625|0.9559326171875|0.6978759765625|0.6385498046875
0,1,131072,8,16384,0.00045,1,0.8102678571428571,0.08143371754154868,0.08098371754154868,0.2142627768604369,0.7618798439124619,1.14923095703125|0.526123046875|0.6712646484375|0.7354736328125|0.61517333984375|0.6346435546875|1.3399658203125
0,1,131072,8,16384,0.00045,1,1.1463274274553572,0.3206039772045855,0.3201539772045855,0.8470478049315752,0.23095355056146882,0.8399658203125|0.692626953125|2.30950927734375|1.615478515625|0.64129638671875|1.119140625|0.8062744140625
0,1,131072,8,16384,0.00045,1,0.9053083147321429,0.09189959706700578,0.09144959706700577,0.24195289133635905,0.7322207908617457,0.81500244140625|1.26470947265625|1.24786376953125|0.45391845703125|0.738525390625|1.18878173828125|0.62835693359375
0,1,131072,8,16384,0.00045,1,0.9930245535714286,0.02713271625796143,0.026682716257961432,0.07059583152226592,0.920473156222616,0.9931640625|0.7093505859375|0.997314453125|1.01434326171875|1.314208984375|1.005126953125|0.91766357421875
0,1,131072,8,16384,0.00045,1,0.8509172712053571,0.107182578164704,0.106732578164704,0.2823878586125695,0.6896304640317248,1.44305419921875|0.8931884765625|0.45263671875|0.66522216796875|0.60382080078125|0.69989013671875|1.1986083984375
0,1,131072,8,16384,0.00045,1,1.2680489676339286,0.5893634618545065,0.5889134618545065,1.5581185638051476,0.0275585587373377,0.758544921875|0.72467041015625|0.44171142578125|2.56610107421875|2.2783203125|1.265869140625|0.84112548828125
0,1,131072,8,16384,0.00045,1,0.7614571707589286,0.11451691252236464,0.11406691252236463,0.3017926833551362,0.6695255864331617,0.507568359375|0.6697998046875|0.6375732421875|1.03570556640625|1.45208740234375|0.6524658203125|0.375
0,1,131072,8,16384,0.00045,1,1.2033429827008928,0.23619900947930858,0.23574900947930857,0.6237332509120593,0.3777269742502323,1.81744384765625|1.49951171875|1.74920654296875|1.300537109375|0.6380615234375|0.51763916015625|0.9010009765625
0,1,131072,8,16384,0.00045,1,0.9013235909598214,0.14678276832006415,0.14633276832006414,0.38716011363452074,0.5840166171980878,0.30517578125|0.75372314453125|1.56634521484375|1.27386474609375|0.876708984375|0.89404296875|0.639404296875
0,1,131072,8,16384,0.00045,1,1.2774396623883928,0.23444259896570316,0.23399259896570315,0.6190862254929201,0.3812908825710164,0.5511474609375|0.954833984375|0.9925537109375|1.5030517578125|2.05133056640625|1.77825927734375|1.11090087890625
0,1,131072,8,16384,0.00045,1,0.8412562779017857,0.05448567061399927,0.05403567061399927,0.14296494637124293,0.8397737421087719,0.58209228515625|0.501220703125|0.8638916015625|1.180419921875|1.1185302734375|0.7694091796875|0.87322998046875
0,1,131072,8,16384,0.00045,1,0.8625662667410714,0.05845275065120386,0.05800275065120386,0.15346085358077516,0.8281878287355122,0.9610595703125|0.87152099609375|1.3018798828125|0.76434326171875|0.47784423828125|0.6778564453125|0.98345947265625
0,1,131072,8,16384,0.00045,1,0.8656005859375,0.14698774261134012,0.14653774261134012,0.38770242463439863,0.583489975586752,1.56719970703125|0.9317626953125|0.50689697265625|0.541015625|0.41143798828125|0.941650390625|1.15924072265625
0,1,131072,8,16384,0.00045,1,1.0384172712053572,0.09167073971154738,0.09122073971154737,0.24134739168810823,0.7328652695988165,0.80975341796875|1.48333740234375|1.3157958984375|0.6619873046875|0.68170166015625|1.25006103515625|1.0662841796875
0,1,131072,8,16384,0.00045,1,1.0924072265625,0.22309704976422445,0.22264704976422445,0.58906872381836,0.4048057247028263,1.59454345703125|1.02947998046875|1.67913818359375|1.17193603515625|0.3453369140625|1.321044921875|0.50537109375
0,1,131072,8,16384,0.00045,1,0.8595755440848214,0.09004775617195636,0.08959775617195635,0.23705338086039904,0.7374410883762663,0.78057861328125|0.5750732421875|0.55072021484375|0.98919677734375|1.2196044921875|0.57366943359375|1.32818603515625
0,1,131072,8,16384,0.00045,1,0.7060023716517857,0.06492701537755072,0.06447701537755071,0.17059014796868657,0.8093607642578644,0.454345703125|0.4713134765625|0.91558837890625|0.87469482421875|0.5667724609375|0.50274658203125|1.15655517578125
0,1,131072,8,16384,0.00045,1,0.99212646484375,0.2639996526496751,0.2635496526496751,0.6972868390284954,0.3240779170563277,0.58856201171875|0.58660888671875|1.42510986328125|1.7218017578125|0.41168212890625|0.63751220703125|1.5736083984375
0,1,131072,8,16384,0.00045,1,0.6253313337053571,0.010356729432028167,0.009906729432028166,0.02621074238315069,0.9704309962611348,0.49560546875|0.592529296875|0.7347412109375|0.64630126953125|0.79547119140625|0.51324462890625|0.59942626953125
0,1,131072,8,16384,0.00045,1,0.9341256277901786,0.10546076160912611,0.1050107616091261,0.2778323602032366,0.6943828896340873,0.4512939453125|0.966796875|0.68927001953125|0.81451416015625|1.57855224609375|1.01971435546875|1.01873779296875
0,1,131072,8,16384,0.00045,1,0.9629342215401786,0.06510088668794048,0.06465088668794047,0.1710501682161068,0.8088566152304622,0.944091796875|1.34393310546875|0.60516357421875|1.1068115234375|1.13330078125|1.0057373046875|0.60150146484375
0,1,131072,8,16384,0.00045,1,1.0439976283482142,0.16210045178934016,0.16165045178934015,0.4276868947558301,0.5452848102066876,0.53387451171875|1.333740234375|1.78985595703125|1.01593017578125|0.67706298828125|1.19122314453125|0.76629638671875
0,1,131072,8,16384,0.00045,1,1.2506626674107142,0.35697523230800826,0.35652523230800826,0.9432771008065206,0.18220553694875274,0.598876953125|1.3297119140625|0.69384765625|1.09832763671875|0.79541015625|2.2152099609375|2.02325439453125
0,1,131072,8,16384,0.00045,1,0.9602137974330357,0.13127961906851554,0.13082961906851553,0.34614263617660596,0.6244738826654797,1.5380859375|0.566650390625|0.591796875|1.08251953125|0.58197021484375|1.32086181640625|1.03961181640625
0,1,131072,8,16384,0.00045,1,0.7584751674107143,0.087023099010088,0.086573099010088,0.22905089020886496,0.7459935337590164,0.4739990234375|1.1915283203125|0.567626953125|0.624755859375|0.8861083984375|0.41595458984375|1.14935302734375
0,1,131072,8,16384,0.00045,1,0.679931640625,0.1652819961309433,0.1648319961309433,0.4361044698688368,0.5374029224229968,0.46844482421875|0.5419921875|0.37823486328125|0.41650390625|0.80560302734375|1.624755859375|0.52398681640625
0,1,131072,8,16384,0.00045,1,0.8461652483258929,0.03609711448757016,0.03564711448757016,0.0943133998911583,0.8938933603068153,0.64862060546875|0.6756591796875|0.8616943359375|1.1376953125|1.09326171875|0.85552978515625|0.65069580078125
0,1,131072,8,16384,0.00045,1,0.7585797991071429,0.058832940094325,0.058382940094325,0.15446674029836582,0.8270793981919526,1.01153564453125|0.9759521484375|1.06317138671875|0.4232177734375|0.59173583984375|0.745361328125|0.49908447265625
0,1,131072,8,16384,0.00045,1,1.0063650948660714,0.1273629896494807,0.1269129896494807,0.3357802087562404,0.6348832772037347,0.47222900390625|0.57470703125|0.87139892578125|1.247802734375|1.53607177734375|1.10601806640625|1.236328125
0,1,131072,8,16384,0.00045,1,0.6933419363839286,0.06446124157127069,0.06401124157127068,0.16935782631006163,0.8107116892989912,0.40985107421875|0.73919677734375|1.1087646484375|1.0009765625|0.5491943359375|0.41656494140625|0.62884521484375
0,1,131072,8,16384,0.00045,1,0.8104596819196429,0.15396280677951113,0.15351280677951112,0.4061567098020967,0.5657022677885752,0.44842529296875|0.6199951171875|0.68658447265625|0.63079833984375|0.57293701171875|1.034423828125|1.6800537109375
0,1,131072,8,16384,0.00045,1,0.7182094029017857,0.02889815763551362,0.028448157635513623,0.07526675036153231,0.9152305663583666,0.90899658203125|0.741943359375|0.93450927734375|0.8074951171875|0.6453857421875|0.44342041015625|0.54571533203125
0,1,131072,8,16384,0.00045,1,0.8159702845982143,0.1075344047680193,0.1070844047680193,0.28331870430955836,0.6886608764103672,0.5235595703125|0.74560546875|1.40093994140625|1.04144287109375|1.0113525390625|0.3841552734375|0.604736328125
0,1,131072,8,16384,0.00045,1,0.7841360909598214,0.050482675129053536,0.05003267512905354,0.13237401581876213,0.8514998336046702,0.62042236328125|0.396484375|0.9981689453125|0.90380859375|1.08038330078125|0.85736083984375|0.63232421875
0,1,131072,8,16384,0.00045,1,0.73193359375,0.015095253075872148,0.014645253075872148,0.038747697526361466,0.9562996393758427,0.75225830078125|0.68951416015625|0.87432861328125|0.601318359375|0.7781982421875|0.5360107421875|0.89190673828125
0,1,131072,8,16384,0.00045,1,0.6874564034598214,0.03009875514069382,0.02964875514069382,0.0784432327849237,0.9116674078875995,0.50128173828125|0.7274169921875|0.5867919921875|1.01666259765625|0.84906005859375|0.57080078125|0.5601806640625
0,1,131072,8,16384,0.00045,1,0.9296003069196429,0.1605261019906219,0.1600761019906219,0.423521556711797,0.5492061793104683,0.54840087890625|1.444580078125|1.62054443359375|0.83612060546875|0.55987548828125|0.6370849609375|0.860595703125
0,1,131072,8,16384,0.00045,1,0.7975551060267857,0.10760739810612738,0.10715739810612737,0.2835118265295568,0.6884597804099486,1.37939453125|1.20697021484375|0.70672607421875|0.6976318359375|0.62139892578125|0.52362060546875|0.4471435546875
0,1,131072,8,16384,0.00045,1,1.0269426618303572,0.17934720841597537,0.17889720841597537,0.4733175237123622,0.5032580375201843,1.28094482421875|1.36138916015625|1.02093505859375|0.44525146484375|0.38006591796875|1.58819580078125|1.11181640625
0,1,131072,8,16384,0.00045,1,0.8327549525669643,0.051809877613369304,0.051359877613369305,0.13588546353168876,0.8476082474527282,0.94842529296875|1.1756591796875|0.50689697265625|1.09942626953125|0.6767578125|0.72613525390625|0.69598388671875
0,1,131072,8,16384,0.00045,1,0.5953892299107143,0.024322883815181502,0.023872883815181503,0.06316171365290911,0.9288241741393106,0.44049072265625|0.5384521484375|0.38824462890625|0.58099365234375|0.618408203125|0.71343994140625|0.8876953125
0,1,131072,8,16384,0.00045,1,0.9002249581473214,0.1259641218550351,0.1255141218550351,0.3320791524550799,0.6386188161253465,0.57708740234375|0.70269775390625|0.6705322265625|1.691650390625|0.777099609375|0.79864501953125|1.0838623046875
0,1,131072,8,16384,0.00045,1,0.7902657645089286,0.04951397086284598,0.04906397086284598,0.12981106523640965,0.8543425314226658,1.0450439453125|0.3614501953125|0.7977294921875|0.8741455078125|0.75|1.05364990234375|0.64984130859375
0,1,131072,8,16384,0.00045,1,1.0780726841517858,0.21709270608060213,0.21664270608060213,0.5731827236453338,0.41759370391644834,1.35321044921875|0.66741943359375|0.71710205078125|1.88946533203125|1.44775390625|0.97625732421875|0.49530029296875
0,1,131072,8,16384,0.00045,1,1.0645054408482142,0.12066463958852144,0.12021463958852144,0.31805804030048784,0.6528532708084114,1.5810546875|0.85235595703125|1.53125|0.9407958984375|1.15545654296875|0.598388671875|0.792236328125
0,1,131072,8,16384,0.00045,1,0.8947579520089286,0.21737232135266676,0.21692232135266676,0.5739225161179925,0.41699294815013044,0.592041015625|1.7301025390625|1.49884033203125|0.4639892578125|0.71124267578125|0.70953369140625|0.55755615234375
0,1,131072,8,16384,0.00045,1,0.6560843331473214,0.01850994113756686,0.01805994113756686,0.047782112942466856,0.9461245247329129,0.75567626953125|0.55767822265625|0.46380615234375|0.5111083984375|0.7967529296875|0.834716796875|0.6728515625
0,1,131072,8,16384,0.00045,1,1.2828630719866072,0.21376014379214267,0.21331014379214266,0.5643655926014378,0.42479291649185047,0.85101318359375|0.80120849609375|1.30792236328125|0.96087646484375|1.6231689453125|2.2073974609375|1.22845458984375
0,1,131072,8,16384,0.00045,1,1.1221749441964286,0.22034733179880647,0.21989733179880647,0.5817936539062976,0.4106327324754191,0.7388916015625|0.90289306640625|0.76519775390625|0.99078369140625|0.88629150390625|2.15087890625|1.4202880859375
0,1,131072,8,16384,0.00045,1,0.9158848353794643,0.1452391088312986,0.14478910883129859,0.38307597451828196,0.5879898406710553,0.53961181640625|0.899169921875|1.30987548828125|1.5927734375|0.58795166015625|0.95611572265625|0.52569580078125
0,1,131072,8,16384,0.00045,1,0.7195870535714286,0.07009308967663318,0.06964308967663317,0.18425829581854108,0.7944160851357105,0.8692626953125|1.20428466796875|0.6234130859375|0.53033447265625|0.8924560546875|0.353271484375|0.5640869140625
0,1,131072,8,16384,0.00045,1,1.0211094447544642,0.18073734367380337,0.18028734367380336,0.4769954758933177,0.4999466592735158,0.52398681640625|0.951416015625|0.94580078125|1.31463623046875|1.83447265625|1.064208984375|0.51324462890625
0,1,131072,8,16384,0.00045,1,0.6382795061383929,0.02419718020424551,0.023747180204245513,0.06282913315946966,0.9291979642787513,0.4495849609375|0.817626953125|0.6995849609375|0.3701171875|0.677734375|0.66046142578125|0.7928466796875
0,1,131072,8,16384,0.00045,1,0.8761247907366071,0.13005360307133926,0.12960360307133925,0.34289890274469065,0.6277243978331422,1.1209716796875|1.15008544921875|0.47735595703125|0.51068115234375|1.49127197265625|0.82550048828125|0.5570068359375
0,1,131072,8,16384,0.00045,1,0.8856724330357143,0.05776719581715915,0.057317195817159154,0.1516470459797947,0.8301874061116696,1.24847412109375|1.054443359375|0.8743896484375|0.530517578125|0.577392578125|0.87750244140625|1.0369873046875
0,1,131072,8,16384,0.00045,1,0.6268223353794643,0.022806584226841824,0.022356584226841825,0.05914996202909271,0.9333340414111471,0.88824462890625|0.52752685546875|0.52728271484375|0.48193359375|0.66259765625|0.494873046875|0.8052978515625
0,1,131072,8,16384,0.00045,1,1.0597011021205358,0.11389222999616547,0.11344222999616546,0.3001399287424456,0.6712290200972624,1.047607421875|1.5386962890625|0.52008056640625|0.9476318359375|0.95166015625|1.5296630859375|0.882568359375
0,1,131072,8,16384,0.00045,1,0.8917933872767857,0.1885368424106617,0.1880868424106617,0.49763100990200726,0.4815842751375885,1.5540771484375|1.39056396484375|1.08148193359375|0.36602783203125|0.58453369140625|0.84686279296875|0.41900634765625
0,1,131072,8,16384,0.00045,1,0.9541451590401786,0.151095095185601,0.15064509518560099,0.39856945809275385,0.5729838899159185,0.7557373046875|0.39862060546875|0.92449951171875|1.500732421875|1.34442138671875|0.52679443359375|1.22821044921875
0,1,131072,8,16384,0.00045,1,0.8994140625,0.12203191327197212,0.12158191327197211,0.3216755064410616,0.6491683763057989,0.63958740234375|0.5135498046875|0.8494873046875|0.5234375|1.52606201171875|1.15576171875|1.0880126953125
0,1,131072,8,16384,0.00045,1,0.9023088727678571,0.10840822528211438,0.10795822528211438,0.28563061608036056,0.6862549573722472,0.5269775390625|0.55621337890625|1.2421875|0.8458251953125|1.47509765625|0.98040771484375|0.689453125
0,1,131072,8,16384,0.00045,1,1.1229335239955358,0.11226431325990326,0.11181431325990325,0.29583286590317587,0.6756760772594919,1.07855224609375|0.80609130859375|0.927001953125|1.63055419921875|0.9375|1.643798828125|0.8370361328125
0,1,131072,8,16384,0.00045,1,0.8030482700892857,0.037317330739936046,0.03686733073993605,0.09754178864063769,0.8902838927336487,0.9173583984375|0.72698974609375|0.90472412109375|0.6727294921875|0.53802490234375|1.1676025390625|0.69390869140625
0,1,131072,8,16384,0.00045,1,0.7808401925223214,0.10796399384128805,0.10751399384128804,0.28445529016337817,0.6874776790957169,1.3302001953125|0.70263671875|0.651611328125|1.23199462890625|0.43408203125|0.49542236328125|0.61993408203125
0,1,131072,8,16384,0.00045,1,0.6336146763392857,0.007040969419236086,0.006590969419236086,0.0174380659821305,0.9803251500764714,0.54656982421875|0.75628662109375|0.70050048828125|0.61895751953125|0.67462158203125|0.6466064453125|0.49176025390625
0,1,131072,8,16384,0.00045,1,0.5940290178571429,0.033441970238880236,0.03299197023888024,0.08728854851412135,0.9017549223823189,0.43731689453125|0.3646240234375|0.59600830078125|0.42132568359375|0.7080078125|0.90496826171875|0.7259521484375
0,1,131072,8,16384,0.00045,1,1.0990339006696428,0.5903181549237698,0.5898681549237699,1.5606444442448153,0.027308060086038477,0.58587646484375|2.33477783203125|2.25030517578125|0.440673828125|0.637939453125|0.928955078125|0.51470947265625
0,1,131072,8,16384,0.00045,1,0.7189592633928571,0.040100064508768976,0.03965006450876898,0.10490421015787112,0.8820610302416227,0.837158203125|1.15264892578125|0.53546142578125|0.63482666015625|0.570068359375|0.593994140625|0.70855712890625
0,1,131072,8,16384,0.00045,1,0.7754778180803571,0.0258277493472002,0.0253777493472002,0.06714321360722349,0.924350574414758,0.9825439453125|0.69598388671875|0.8646240234375|0.9183349609375|0.68426513671875|0.81292724609375|0.46966552734375
0,1,131072,8,16384,0.00045,1,1.2542375837053572,0.2866532002784768,0.2862032002784768,0.7572224923676616,0.2842260154460483,2.31170654296875|1.4613037109375|1.3734130859375|1.34063720703125|0.5838623046875|1.01959228515625|0.68914794921875
0,1,131072,8,16384,0.00045,1,0.6694684709821429,0.057169606491011014,0.056719606491011015,0.15006597323666007,0.8319313099404195,0.5950927734375|0.86676025390625|0.4224853515625|0.54962158203125|1.13946533203125|0.6866455078125|0.42620849609375
0,1,131072,8,16384,0.00045,1,0.8485456194196429,0.06284607825230579,0.06239607825230579,0.16508450584132683,0.8154006345424132,1.07647705078125|0.9464111328125|0.391357421875|0.71044921875|0.98382568359375|1.16363525390625|0.66766357421875
0,1,131072,8,16384,0.00045,1,0.9703369140625,0.11375602228300911,0.11330602228300911,0.2997795570067851,0.6716006668428003,1.47894287109375|1.186279296875|0.8624267578125|0.67352294921875|1.00323486328125|1.19891357421875|0.3890380859375
0,1,131072,8,16384,0.00045,1,1.1951206752232142,0.3559705853766325,0.3555205853766325,0.9406190548706762,0.18344058319097822,1.27398681640625|0.8468017578125|0.91021728515625|1.77178955078125|2.32720947265625|0.58197021484375|0.65386962890625
0,1,131072,8,16384,0.00045,1,0.6947457449776786,0.02198697063995867,0.021536970639958672,0.056981468307030256,0.935772685249725,0.56317138671875|0.52593994140625|0.87933349609375|0.6712646484375|0.53875732421875|0.7896728515625|0.89508056640625
0,1,131072,8,16384,0.00045,1,0.658447265625,0.03083440980740956,0.03038440980740956,0.08038959208387765,0.9094849893133876,0.77008056640625|0.41241455078125|0.78460693359375|0.42138671875|0.92401123046875|0.64959716796875|0.64703369140625
0,1,131072,8,16384,0.00045,1,1.0654645647321428,0.21707362027800817,0.21662362027800816,0.5731322273580981,0.41763472850952876,1.76904296875|0.47711181640625|1.60931396484375|0.7291259765625|0.6995849609375|1.34649658203125|0.82757568359375
0,1,131072,8,16384,0.00045,1,1.0140729631696428,0.06877869671704817,0.06832869671704817,0.180780738922465,0.7982115121890061,1.06121826171875|1.008056640625|1.13311767578125|0.7139892578125|1.3790283203125|1.23052978515625|0.57257080078125
0,1,131072,8,16384,0.00045,1,0.7694440569196429,0.06413177066311544,0.06368177066311544,0.16848612822285225,0.8116676237506335,0.65753173828125|0.71124267578125|0.55975341796875|0.89111328125|0.43951416015625|0.84844970703125|1.27850341796875
0,1,131072,8,16384,0.00045,1,1.1012224469866072,0.44468285234606997,0.44423285234606996,1.1753296515125773,0.09647923009967863,1.03094482421875|0.9630126953125|0.572509765625|0.4014892578125|0.70648193359375|1.52398681640625|2.5101318359375
0,1,131072,8,16384,0.00045,1,0.6535993303571429,0.06558566312400663,0.06513566312400662,0.17233276610740203,0.807451399960514,0.66552734375|1.2171630859375|0.75665283203125|0.40435791015625|0.57965087890625|0.474365234375|0.47747802734375
0,1,131072,8,16384,0.00045,1,0.9347098214285714,0.06477882469795189,0.06432882469795188,0.17019807228385042,0.8097905134100765,1.18255615234375|1.09552001953125|1.03448486328125|1.0692138671875|0.48223876953125|1.07952880859375|0.59942626953125
0,1,131072,8,16384,0.00045,1,0.79449462890625,0.033435557569776266,0.032985557569776267,0.08727158218643209,0.9017739215093581,0.6884765625|0.89398193359375|0.7069091796875|0.4346923828125|0.99493408203125|0.96295166015625|0.8795166015625
0,1,131072,8,16384,0.00045,1,0.7753121512276786,0.10766423888960662,0.10721423888960661,0.28366221310696893,0.688303199803429,0.5181884765625|0.5279541015625|1.51702880859375|0.5953369140625|0.9248046875|0.6788330078125|0.6650390625
0,1,131072,8,16384,0.00045,1,1.0810023716517858,0.17812671345107406,0.17767671345107405,0.47008839755882675,0.5061748462720725,0.79541015625|1.02801513671875|1.39849853515625|0.692138671875|0.62548828125|1.10845947265625|1.91900634765625
0,1,131072,8,16384,0.00045,1,0.7874581473214286,0.04771779872933213,0.04726779872933213,0.12505884045926768,0.8596184431444285,0.48980712890625|1.06634521484375|0.77099609375|0.570556640625|1.12701416015625|0.76837158203125|0.7191162109375
0,1,131072,8,16384,0.00045,1,0.9825177873883929,0.15962880728196122,0.1591788072819612,0.4211475380599467,0.5514473552767998,0.473876953125|0.4598388671875|0.95989990234375|1.523681640625|0.79010009765625|1.2783203125|1.39190673828125
0,1,131072,8,16384,0.00045,1,0.7842581612723214,0.10453999970032243,0.10408999970032243,0.27539625317584093,0.6969292592641381,0.8289794921875|1.027099609375|0.404052734375|0.8167724609375|0.4906005859375|0.52734375|1.39495849609375
0,1,131072,8,16384,0.00045,1,1.063720703125,0.11974262659038816,0.11929262659038815,0.31561862320185813,0.6553429550010177,1.402587890625|0.71710205078125|0.575439453125|1.4451904296875|0.72686767578125|1.333740234375|1.2451171875
0,1,131072,8,16384,0.00045,1,0.6957746233258929,0.02468151903274108,0.02423151903274108,0.06411057324996129,0.9277578291257504,0.61395263671875|0.9434814453125|0.68145751953125|0.53350830078125|0.5516357421875|0.92388916015625|0.62249755859375
0,1,131072,8,16384,0.00045,1,1.1543143136160714,0.13241989348007707,0.13196989348007707,0.3491595186959683,0.6214572356958614,1.22222900390625|1.43084716796875|1.17230224609375|0.90850830078125|1.78521728515625|0.54852294921875|1.0125732421875
0,1,131072,8,16384,0.00045,1,0.9635358537946429,0.2573496633950545,0.2568996633950545,0.6796926212395175,0.3364362616249572,0.41619873046875|1.48583984375|1.7210693359375|1.39227294921875|0.6937255859375|0.4925537109375|0.5430908203125
0,1,131072,8,16384,0.00045,1,0.5089372907366071,0.012203843313820508,0.011753843313820508,0.03109774635758838,0.9649211302191838,0.63653564453125|0.4818115234375|0.4735107421875|0.31634521484375|0.53765869140625|0.447998046875|0.668701171875
0,1,131072,8,16384,0.00045,1,0.8636736188616071,0.11992430245997952,0.11947430245997952,0.3160992923720183,0.6548520768091122,0.515869140625|0.57342529296875|1.14910888671875|0.60418701171875|0.8956298828125|0.75616455078125|1.55133056640625
0,1,131072,8,16384,0.00045,1,0.7726004464285714,0.035399030057751406,0.03494903005775141,0.09246644209573157,0.8959593264463912,1.2039794921875|0.63397216796875|0.77703857421875|0.81329345703125|0.64453125|0.70233154296875|0.633056640625
0,1,131072,8,16384,0.00045,1,0.6982247488839286,0.10369870142669094,0.10324870142669093,0.273170387165384,0.6992588616737363,0.55023193359375|0.5142822265625|0.55023193359375|0.89471435546875|0.55853271484375|1.41009521484375|0.40948486328125
0,1,131072,8,16384,0.00045,1,0.9528023856026786,0.12909316560443568,0.12864316560443567,0.3403578240574349,0.6302758484928876,1.46075439453125|0.84967041015625|0.81103515625|0.5487060546875|0.591064453125|1.51593017578125|0.8924560546875
0,1,131072,8,16384,0.00045,1,0.8794294084821429,0.03843597946118336,0.03798597946118336,0.10050145496149848,0.8869768625423509,0.90496826171875|0.7686767578125|0.83880615234375|0.83428955078125|0.6837158203125|0.791748046875|1.33380126953125
0,1,131072,8,16384,0.00045,1,0.5876290457589286,0.003721764805365582,0.0032717648053655823,0.008656276023290974,0.9902326276156623,0.55194091796875|0.64459228515625|0.52313232421875|0.7041015625|0.531005859375|0.5640869140625|0.59454345703125
0,1,131072,8,16384,0.00045,1,0.9070347377232143,0.12949255154449113,0.12904255154449112,0.34141449993195744,0.6292143216075892,1.14935302734375|0.75347900390625|0.60089111328125|1.609130859375|0.71295166015625|0.48101806640625|1.04241943359375
0,1,131072,8,16384,0.00045,1,0.73046875,0.0836587707911219,0.08320877079112189,0.22014971441268377,0.7555432786213605,0.62890625|0.3807373046875|0.59417724609375|0.83447265625|0.56982421875|0.744140625|1.36102294921875
0,1,131072,8,16384,0.00045,1,0.8550240652901786,0.09505911247462642,0.09460911247462642,0.25031218336840017,0.7233428455031545,1.08612060546875|1.01776123046875|1.11383056640625|0.484375|1.23858642578125|0.60150146484375|0.4429931640625
0,1,131072,8,16384,0.00045,1,0.6839686802455357,0.01671181451909396,0.01626181451909396,0.04302471708418205,0.9514816060641107,0.48443603515625|0.7962646484375|0.64776611328125|0.69171142578125|0.57586669921875|0.68084716796875|0.910888671875
0,1,131072,8,16384,0.00045,1,1.0027117047991072,0.19127172642216392,0.1908217264221639,0.5048668328610488,0.4752335196873452,1.80828857421875|1.4647216796875|1.00445556640625|0.87432861328125|0.49078369140625|0.680908203125|0.69549560546875
0,1,131072,8,16384,0.00045,1,0.59454345703125,0.0061960369348526,0.0057460369348526,0.015202584753811829,0.9828469562781108,0.60400390625|0.59637451171875|0.43353271484375|0.701171875|0.60650634765625|0.558349609375|0.661865234375
0,1,131072,8,16384,0.00045,1,0.9791957310267857,0.049519664931054024,0.049069664931054024,0.12982613032483636,0.8543258164094434,1.3079833984375|1.1982421875|1.12445068359375|0.9122314453125|0.843017578125|0.61932373046875|0.84912109375
0,1,131072,8,16384,0.00045,1,0.9521309988839286,0.2736889088944513,0.2732389088944513,0.7229222014413528,0.3066075624633653,1.2750244140625|2.0440673828125|0.57916259765625|0.59130859375|0.63336181640625|0.46875|1.0732421875
0,1,131072,8,16384,0.00045,1,0.69744873046875,0.05922516754695347,0.05877516754695347,0.15550447659539313,0.825936232126099,1.02252197265625|0.65911865234375|0.5380859375|1.100341796875|0.389404296875|0.5782470703125|0.59442138671875
0,1,131072,8,16384,0.00045,1,1.0039149693080358,0.28863273500179754,0.28818273500179753,0.7624598489571853,0.280908422631603,0.55047607421875|0.5281982421875|0.4482421875|0.74957275390625|1.257568359375|1.59283447265625|1.9005126953125
0,1,131072,8,16384,0.00045,1,0.9643293108258929,0.08365156592763201,0.083201565927632,0.22013065213565935,0.7555637705655607,0.97930908203125|0.73236083984375|0.66717529296875|0.75482177734375|1.2734375|1.50164794921875|0.841552734375
0,1,131072,8,16384,0.00045,1,0.6460048130580357,0.05140967925592345,0.05095967925592345,0.1348266382027905,0.8487813112756262,0.45611572265625|0.38995361328125|0.834228515625|0.57501220703125|0.42083740234375|0.8402099609375|1.00567626953125
0,1,131072,8,16384,0.00045,1,0.6315046037946429,0.004687734860546735,0.004237734860546735,0.011211992563235646,0.9873490835969607,0.686767578125|0.54620361328125|0.59344482421875|0.64410400390625|0.76031494140625|0.56658935546875|0.62310791015625
0,1,131072,8,16384,0.00045,1,0.8014613560267857,0.11515218171538141,0.11470218171538141,0.30347344765543927,0.6677950261089816,0.76165771484375|0.44342041015625|0.4215087890625|1.0074462890625|0.85748291015625|1.47967529296875|0.6390380859375
0,1,131072,8,16384,0.00045,1,1.0096871512276786,0.22641094424286665,0.22596094424286664,0.5978364644799573,0.39784925263746374,1.29010009765625|0.6973876953125|0.471923828125|0.74212646484375|0.805419921875|1.048828125|2.01202392578125
0,1,131072,8,16384,0.00045,1,1.0543736049107142,0.12543796687101832,0.12498796687101832,0.33068707721629437,0.6400262448784391,0.601318359375|1.1976318359375|1.1585693359375|1.00079345703125|1.302001953125|1.59735107421875|0.52294921875
0,1,131072,8,16384,0.00045,1,0.7958112444196429,0.058479223780486055,0.058029223780486056,0.1535308948972815,0.8281106360370916,0.9034423828125|0.5595703125|1.00433349609375|0.972900390625|1.08013916015625|0.6661376953125|0.3841552734375
0,1,131072,8,16384,0.00045,1,1.0946132114955358,0.14367372162488043,0.14322372162488042,0.37893434926457736,0.5920317048079755,0.600341796875|1.08062744140625|1.61248779296875|1.529296875|0.8160400390625|1.337890625|0.68560791015625
0,1,131072,8,16384,0.00045,1,0.6769670758928571,0.04403420948252386,0.04358420948252386,0.11531297938010127,0.8704576561248687,0.54302978515625|0.4354248046875|0.89947509765625|0.45672607421875|1.04290771484375|0.679443359375|0.6817626953125
0,1,131072,8,16384,0.00045,1,0.9670758928571429,0.23292165873002033,0.23247165873002032,0.6150621958703114,0.38439361720462184,0.79400634765625|0.8839111328125|1.97015380859375|0.5003662109375|1.30853271484375|0.48333740234375|0.8292236328125
0,1,131072,8,16384,0.00045,1,0.7497122628348214,0.03615313525102576,0.03570313525102576,0.0944616168995178,0.8937275990496323,0.85333251953125|0.69384765625|0.72906494140625|0.388671875|0.8673095703125|0.669189453125|1.04656982421875
0,1,131072,8,16384,0.00045,1,0.8525652204241071,0.0850178480756526,0.0845678480756526,0.22374549492006898,0.7516809062639411,0.840087890625|0.72076416015625|0.71356201171875|0.532958984375|1.4375|1.10009765625|0.62298583984375
0,1,131072,8,16384,0.00045,1,0.9607195172991071,0.12749297582373328,0.12704297582373328,0.33612411984718943,0.6345366315600791,1.215576171875|1.04345703125|0.52264404296875|0.8934326171875|1.655029296875|0.73944091796875|0.65545654296875
0,1,131072,8,16384,0.00045,1,0.8572562081473214,0.050488287544980345,0.050038287544980346,0.13238886487555873,0.8514833693495665,1.05279541015625|1.10333251953125|1.0189208984375|0.76531982421875|0.97900390625|0.58978271484375|0.49163818359375
0,1,131072,8,16384,0.00045,1,1.15106201171875,0.25427775191409246,0.25382775191409246,0.6715651074112878,0.34224614733329006,0.92510986328125|0.78900146484375|0.7261962890625|1.43231201171875|2.1859130859375|0.66680908203125|1.33209228515625
0,1,131072,8,16384,0.00045,1,1.0306658063616072,0.10875406207478776,0.10830406207478775,0.2865456142279905,0.685303629302267,0.74298095703125|0.6014404296875|0.84088134765625|1.19110107421875|1.01092529296875|1.67706298828125|1.1502685546875
0,1,131072,8,16384,0.00045,1,0.7301461356026786,0.04525889000114129,0.04480889000114129,0.1185531794678686,0.8668511448373994,0.70269775390625|0.41937255859375|0.51934814453125|0.9661865234375|0.6878662109375|0.7427978515625|1.07275390625
0,1,131072,8,16384,0.00045,1,0.962158203125,0.03981902663196836,0.03936902663196836,0.10416065382686708,0.8828909238008333,1.0101318359375|0.76495361328125|1.39117431640625|0.9525146484375|0.9527587890625|0.7335205078125|0.9300537109375
0,1,131072,8,16384,0.00045,1,0.6746913364955357,0.030542715775723366,0.030092715775723367,0.0796178422171142,0.910350258110372,0.97113037109375|0.3885498046875|0.5477294921875|0.64422607421875|0.6126708984375|0.75396728515625|0.8045654296875
0,1,131072,8,16384,0.00045,1,0.7546735491071429,0.05343889962045514,0.05298889962045514,0.14019545064268918,0.8428367579775751,0.4849853515625|1.167236328125|0.46435546875|0.83892822265625|0.61578369140625|0.8511962890625|0.8602294921875
0,1,131072,8,16384,0.00045,1,1.0316859654017858,0.060800703964671306,0.06035070396467131,0.1596729541382001,0.8213479947603783,0.9749755859375|1.0311279296875|1.12213134765625|0.50152587890625|1.0634765625|1.1549072265625|1.3736572265625
0,1,131072,8,16384,0.00045,1,0.7510027204241071,0.04266062044367498,0.04221062044367498,0.1116788043797029,0.8745058860706991,0.7716064453125|1.13641357421875|0.8885498046875|0.4461669921875|0.77203369140625|0.66375732421875|0.5784912109375
0,1,131072,8,16384,0.00045,1,0.89666748046875,0.11036460420915059,0.10991460420915058,0.2908067081915057,0.6808799393710816,0.97381591796875|1.08306884765625|0.6646728515625|0.48406982421875|0.550537109375|1.01165771484375|1.50885009765625
0,1,131072,8,16384,0.00045,1,0.7421003069196429,0.02769988972921761,0.02724988972921761,0.07209643147744302,0.9187885106602769,0.806640625|0.94873046875|0.60064697265625|0.5439453125|0.74853515625|0.980224609375|0.56597900390625
0,1,131072,8,16384,0.00045,1,1.1646292550223214,0.2695396688519692,0.2690896688519692,0.7119443441590342,0.31401104658739354,0.93096923828125|1.6922607421875|1.852783203125|1.63616943359375|0.94818115234375|0.6971435546875|0.3948974609375
0,1,131072,8,16384,0.00045,1,0.6644984654017857,0.050079899630984484,0.049629899630984485,0.13130837201668125,0.8526815608055038,0.3634033203125|0.6092529296875|0.63458251953125|0.41668701171875|0.7554931640625|0.7967529296875|1.0753173828125
0,1,131072,8,16384,0.00045,1,0.7057669503348214,0.0474958672207229,0.0470458672207229,0.12447166487939827,0.8602707646657644,0.603759765625|0.4072265625|0.96405029296875|0.50299072265625|0.96405029296875|0.9144287109375|0.5838623046875
0,1,131072,8,16384,0.00045,1,0.6696602957589286,0.049158689927081674,0.048708689927081675,0.12887108023481497,0.8553855923471878,0.77276611328125|0.8284912109375|0.43756103515625|0.56689453125|0.4259033203125|0.56890869140625|1.08709716796875
0,1,131072,8,16384,0.00045,1,1.1710379464285714,0.2787687605132862,0.2783187605132862,0.7363622255218988,0.29770231217213183,0.64013671875|0.5941162109375|1.09674072265625|2.29864501953125|1.21148681640625|1.00787353515625|1.3482666015625
0,1,131072,8,16384,0.00045,1,0.8413870675223214,0.16909313703678092,0.1686431370367809,0.4461878009171085,0.5280372446853092,0.43511962890625|0.37353515625|1.18243408203125|0.56085205078125|1.58050537109375|1.04541015625|0.71185302734375
0,1,131072,8,16384,0.00045,1,0.8321794782366071,0.06757028492129578,0.06712028492129578,0.17758358182954717,0.8017051240646642,0.76739501953125|0.83428955078125|0.931884765625|0.89971923828125|0.5142822265625|0.5323486328125|1.3453369140625
0,1,131072,8,16384,0.00045,1,0.92779541015625,0.07916211762598582,0.07871211762598582,0.20825268840562225,0.7683654733029335,0.83843994140625|0.76763916015625|0.57806396484375|1.20428466796875|0.65087890625|1.0469970703125|1.40826416015625
0,1,131072,8,16384,0.00045,1,0.6830269949776786,0.0418915969072556,0.0414415969072556,0.1096441593499818,0.8767737878175281,0.814697265625|0.64862060546875|0.39752197265625|1.07720947265625|0.702880859375|0.64739990234375|0.49285888671875
0,1,131072,8,16384,0.00045,1,0.9119873046875,0.25711740872689653,0.25666740872689653,0.6790781331467377,0.3368732933177485,0.584716796875|0.59381103515625|1.243896484375|2.0030517578125|0.8968505859375|0.53558349609375|0.5260009765625
0,1,131072,8,16384,0.00045,1,0.8401838030133929,0.10089310030547939,0.10044310030547939,0.2657474643206143,0.7070481073976747,0.4859619140625|0.8629150390625|0.8917236328125|1.21392822265625|1.31097412109375|0.38922119140625|0.7265625
0,1,131072,8,16384,0.00045,1,1.08795166015625,0.346735489155565,0.346285489155565,0.9161852869359792,0.19508531909646676,1.23187255859375|0.89520263671875|0.753662109375|2.33868408203125|1.34033203125|0.56195068359375|0.49395751953125
0,1,131072,8,16384,0.00045,1,1.0903494698660714,0.07616680617235146,0.07571680617235145,0.20032783920012234,0.776942143769606,0.79022216796875|1.5045166015625|1.09521484375|0.7271728515625|1.08648681640625|1.44769287109375|0.98114013671875
0,1,131072,8,16384,0.00045,1,0.80499267578125,0.09962500844682966,0.09917500844682965,0.2623924086230414,0.7105788835473632,0.425048828125|0.67803955078125|0.71136474609375|0.9049072265625|0.7666015625|1.50543212890625|0.6435546875
0,1,131072,8,16384,0.00045,1,1.2372959681919642,0.16271769301015504,0.16226769301015503,0.4293199615250442,0.5437511952915184,1.625|1.68267822265625|1.19757080078125|1.2119140625|1.6051025390625|0.73199462890625|0.6068115234375
0,1,131072,8,16384,0.00045,1,0.7657732282366071,0.02856865935787863,0.02811865935787863,0.07439497986148601,0.916208759367982,0.875244140625|0.55950927734375|0.63323974609375|0.7552490234375|0.89434814453125|1.05059814453125|0.59222412109375
0,1,131072,8,16384,0.00045,1,0.8729160853794643,0.18078652814942964,0.18033652814942963,0.47712560578418994,0.4998297113181076,1.41729736328125|0.5804443359375|0.46575927734375|0.3807373046875|0.84710693359375|0.857177734375|1.5618896484375
0,1,131072,8,16384,0.00045,1,0.6800275530133929,0.03785925875512921,0.03740925875512921,0.09897559539733762,0.8886815639344734,1.006591796875|0.89776611328125|0.5684814453125|0.3819580078125|0.665283203125|0.58642578125|0.6536865234375
0,1,131072,8,16384,0.00045,1,0.9419991629464286,0.05246730224818601,0.05201730224818601,0.1376248456211812,0.8456819341863995,0.6964111328125|0.6710205078125|1.35125732421875|0.85626220703125|0.9659423828125|0.8785400390625|1.174560546875
0,1,131072,8,16384,0.00045,1,0.8180106026785714,0.10982327452119518,0.10937327452119518,0.2893744844598795,0.6823655992674713,0.50091552734375|0.87530517578125|0.47479248046875|1.25927734375|1.06610107421875|0.39593505859375|1.15374755859375
0,1,131072,8,16384,0.00045,1,0.8450666155133929,0.09210281591026151,0.0916528159102615,0.24249055785733595,0.7316486702599487,0.47308349609375|0.8231201171875|1.46026611328125|0.924560546875|0.9088134765625|0.82183837890625|0.5037841796875
0,1,131072,8,16384,0.00045,1,1.12493896484375,0.22449970777545655,0.22404970777545655,0.5927798080905525,0.40185245342629394,1.36126708984375|0.9600830078125|2.13201904296875|0.84869384765625|1.151611328125|0.54669189453125|0.87420654296875
0,1,131072,8,16384,0.00045,1,0.7075282505580357,0.03424547764719749,0.033795477647197494,0.08941442929312685,0.8993747807120953,0.98675537109375|0.51568603515625|0.79534912109375|0.676513671875|0.5908203125|0.919921875|0.4676513671875
0,1,131072,8,16384,0.00045,1,0.8552071707589286,0.03974108899734458,0.039291088997344584,0.10395445022787994,0.8831210933129559,1.2171630859375|0.9139404296875|0.85076904296875|0.989013671875|0.7960205078125|0.63995361328125|0.57958984375
0,1,131072,8,16384,0.00045,1,0.7318464006696429,0.017511955177297398,0.0170619551772974,0.04514169027965988,0.9490974958995291,0.84368896484375|0.72845458984375|0.71380615234375|0.97979736328125|0.67828369140625|0.540283203125|0.63861083984375
0,1,131072,8,16384,0.00045,1,0.7034476143973214,0.06605994032353771,0.0656099403235377,0.17358758562986942,0.8060772196518706,0.97705078125|0.4517822265625|0.470458984375|0.44970703125|0.72357177734375|0.69525146484375|1.15631103515625
0,1,131072,8,16384,0.00045,1,0.7565046037946429,0.08031478721876535,0.07986478721876535,0.21130236549194298,0.7650724360089267,0.79296875|0.65264892578125|0.390869140625|0.6029052734375|1.37774658203125|0.6832275390625|0.795166015625
0,1,131072,8,16384,0.00045,1,0.7263881138392857,0.040688808931379904,0.040238808931379905,0.10646188148587594,0.8803229123470897,0.60205078125|0.44207763671875|0.716796875|0.543212890625|0.7874755859375|0.9456787109375|1.04742431640625
0,1,131072,8,16384,0.00045,1,0.8318655831473214,0.09929455041277165,0.09884455041277164,0.2615180988461806,0.711500009873983,0.7386474609375|0.68511962890625|0.4122314453125|1.2183837890625|1.2520751953125|0.482666015625|1.033935546875
0,1,131072,8,16384,0.00045,1,1.1298915318080358,0.24914396067663117,0.24869396067663116,0.6579823725140427,0.3520979483283684,1.7852783203125|1.91156005859375|1.19793701171875|1.0526123046875|0.58575439453125|0.74432373046875|0.63177490234375
0,1,131072,8,16384,0.00045,1,0.6831141880580357,0.0247235334649378,0.0242735334649378,0.0642217329890294,0.9276329143222282,0.93072509765625|0.568115234375|0.64031982421875|0.5478515625|0.86639404296875|0.4813232421875|0.7470703125
0,1,131072,8,16384,0.00045,1,0.6305018833705357,0.02139191375095017,0.02094191375095017,0.05540709576277799,0.9375435716801548,0.50140380859375|0.88275146484375|0.51593017578125|0.694580078125|0.501220703125|0.52862548828125|0.78900146484375
0,1,131072,8,16384,0.00045,1,0.5869925362723214,0.01530865868743585,0.01485865868743585,0.03931231570294467,0.9556635054387586,0.793212890625|0.72662353515625|0.4639892578125|0.51641845703125|0.56695556640625|0.4317626953125|0.6099853515625
0,1,131072,8,16384,0.00045,1,1.1344342912946428,0.15758612949629217,0.15713612949629216,0.4157431206304303,0.5565660627389528,1.0634765625|1.15008544921875|1.47802734375|0.670654296875|1.12054443359375|0.6181640625|1.840087890625
0,1,131072,8,16384,0.00045,1,0.8065272739955357,0.3536166265910986,0.3531666265910986,0.9343910653276578,0.18635865517327765,2.23809814453125|0.4775390625|0.7001953125|0.60540771484375|0.71649169921875|0.52197265625|0.385986328125
0,1,131072,8,16384,0.00045,1,0.8319353376116071,0.15425031829853444,0.15380031829853444,0.40691739378049885,0.5649746840638565,1.55712890625|1.19805908203125|0.622314453125|0.37896728515625|0.94122314453125|0.6466064453125|0.479248046875
0,1,131072,8,16384,0.00045,1,0.8648768833705357,0.032602049866501163,0.032152049866501164,0.08506632808770956,0.9042438704072546,0.60394287109375|0.7552490234375|0.7794189453125|1.00299072265625|0.94708251953125|0.77392578125|1.1915283203125
0,1,131072,8,16384,0.00045,1,0.7216273716517857,0.00829834323756549,0.007848343237565489,0.020764764410473806,0.9765727345139614,0.72283935546875|0.88690185546875|0.61029052734375|0.7545166015625|0.73553466796875|0.747802734375|0.593505859375
0,1,131072,8,16384,0.00045,1,0.8881487165178571,0.08393910405587177,0.08348910405587176,0.22089140651543074,0.7547460934100254,0.61572265625|0.68780517578125|1.48553466796875|0.66351318359375|0.85736083984375|1.1214599609375|0.78564453125
0,1,131072,8,16384,0.00045,1,1.2107107979910714,0.3585210950398932,0.3580710950398932,0.9473670691561311,0.18031721716793547,0.78350830078125|0.6826171875|0.65325927734375|1.93804931640625|2.20745849609375|0.794677734375|1.4154052734375
0,1,131072,8,16384,0.00045,1,0.5755615234375,0.018380271536963328,0.01793027153696333,0.047439039426664845,0.9465107651487497,0.6265869140625|0.59381103515625|0.68658447265625|0.46234130859375|0.80645751953125|0.4644775390625|0.388671875
0,1,131072,8,16384,0.00045,1,0.9521484375,0.08299949552331652,0.08254949552331652,0.21840543600853524,0.757419087990143,1.05535888671875|0.79718017578125|0.69091796875|0.9361572265625|0.95257568359375|0.65606689453125|1.5767822265625
0,1,131072,8,16384,0.00045,1,0.9379446847098214,0.17439337895841014,0.17394337895841014,0.4602109229302186,0.5151518922655809,1.49688720703125|1.64154052734375|0.47149658203125|0.61029052734375|0.71978759765625|0.88153076171875|0.74407958984375
0,1,131072,8,16384,0.00045,1,0.7969185965401786,0.11109889374703777,0.11064889374703776,0.29274945569907174,0.678866686068953,0.477783203125|0.8516845703125|0.4613037109375|1.239501953125|1.28326416015625|0.44049072265625|0.82440185546875
0,1,131072,8,16384,0.00045,1,0.9374564034598214,0.047890725640618075,0.047440725640618076,0.1255163620615208,0.8591102268235113,0.77117919921875|0.7525634765625|0.71990966796875|0.78564453125|1.08331298828125|1.31597900390625|1.13360595703125
0,1,131072,8,16384,0.00045,1,0.8374285016741071,0.0901111692798381,0.0896611692798381,0.23722115617371584,0.7372621262589212,0.82080078125|0.96807861328125|0.53448486328125|0.47137451171875|0.93359375|0.697265625|1.4364013671875
0,1,131072,8,16384,0.00045,1,0.8074166434151786,0.13607286631452795,0.13562286631452794,0.35882437636200004,0.6118360836255565,0.4471435546875|0.5885009765625|0.889892578125|1.5753173828125|0.94696044921875|0.7950439453125|0.4090576171875
0,1,131072,8,16384,0.00045,1,0.7012677873883929,0.13658454360402358,0.13613454360402358,0.3601781472215251,0.6104937140256093,0.52581787109375|0.36480712890625|0.66510009765625|1.56085205078125|0.75030517578125|0.5684814453125|0.4735107421875
0,1,131072,8,16384,0.00045,1,0.9012102399553571,0.021140020720812742,0.020690020720812743,0.05474064944804386,0.9382932977621197,0.7802734375|0.91802978515625|0.75299072265625|0.818359375|1.09759521484375|1.13800048828125|0.80322265625
0,1,131072,8,16384,0.00045,1,0.70245361328125,0.05152896898133414,0.05107896898133414,0.13514224915019238,0.8484316133621124,0.959228515625|0.8321533203125|0.48748779296875|0.371826171875|0.48040771484375|0.87762451171875|0.908447265625
0,1,131072,8,16384,0.00045,1,0.8233293805803571,0.10895435390423755,0.10850435390423754,0.28707553659835283,0.6847528943782635,0.93646240234375|1.3973388671875|0.54583740234375|1.14544677734375|0.5673828125|0.75994873046875|0.410888671875
0,1,131072,8,16384,0.00045,1,0.9610944475446429,0.10912711051653844,0.10867711051653843,0.28753260763184296,0.6842780065679523,0.79498291015625|1.49908447265625|1.185791015625|0.579833984375|0.6217041015625|0.77001953125|1.2762451171875
0,1,131072,8,16384,0.00045,1,0.8168596540178571,0.13869580611282464,0.13824580611282464,0.365764022772187,0.6049687595416122,1.01947021484375|0.48834228515625|0.51214599609375|1.29254150390625|0.4739990234375|0.55291748046875|1.37860107421875
0,1,131072,8,16384,0.00045,1,1.220458984375,0.12083110532590322,0.12038110532590321,0.318498467243413,0.6524041790583515,0.92523193359375|1.0682373046875|2.01800537109375|1.0723876953125|1.081298828125|1.3565673828125|1.021484375
0,1,131072,8,16384,0.00045,1,0.915283203125,0.1828918063214847,0.18244180632148468,0.4826956482680602,0.4948375462531942,0.70220947265625|1.82305908203125|0.8695068359375|1.146484375|0.875732421875|0.5089111328125|0.4810791015625
