thread_id,n_bits,bucket,p_value,p_uniformity,p_min,p_max,total_samples
0,1048576,1,0.9712614005347586,1,0.9712614005347586,0.9712614005347586,1
0,1048576,1,0.7198669665642436,1,0.7198669665642436,0.9712614005347586,2
0,1048576,1,0.7992946701123722,1,0.7198669665642436,0.9712614005347586,3
0,1048576,1,0.8147439210876662,1,0.7198669665642436,0.9712614005347586,4
0,1048576,1,0.6398860605297259,1,0.6398860605297259,0.9712614005347586,5
0,1048576,1,0.04261491815987906,1,0.04261491815987906,0.9712614005347586,6
0,1048576,1,0.03432103400413225,1,0.03432103400413225,0.9712614005347586,7
0,1048576,1,0.43369642898676386,1,0.03432103400413225,0.9712614005347586,8
0,1048576,1,0.0016475233646109186,1,0.0016475233646109186,0.9712614005347586,9
0,1048576,1,0.6056026417330183,0,0.0016475233646109186,0.9712614005347586,10
0,1048576,1,0.7821819652960442,0,0.0016475233646109186,0.9712614005347586,11
0,1048576,1,0.679622335622069,0,0.0016475233646109186,0.9712614005347586,12
0,1048576,1,0.9521666835037738,0,0.0016475233646109186,0.9712614005347586,13
0,1048576,1,0.13533265725504123,0,0.0016475233646109186,0.9712614005347586,14
0,1048576,1,0.15818696119273906,0,0.0016475233646109186,0.9712614005347586,15
0,1048576,1,0.8837150460927985,0,0.0016475233646109186,0.9712614005347586,16
0,1048576,1,0.2761077505216159,0,0.0016475233646109186,0.9712614005347586,17
0,1048576,1,0.4579931842347331,0,0.0016475233646109186,0.9712614005347586,18
0,1048576,1,0.7853578992864827,0,0.0016475233646109186,0.9712614005347586,19
0,1048576,1,0.706894414950842,0,0.0016475233646109186,0.9712614005347586,20
0,1048576,1,0.5559425913183578,0,0.0016475233646109186,0.9712614005347586,21
0,1048576,1,0.5553305807000306,0,0.0016475233646109186,0.9712614005347586,22
0,1048576,1,0.543562402525692,0,0.0016475233646109186,0.9712614005347586,23
0,1048576,1,0.6249620049778736,0,0.0016475233646109186,0.9712614005347586,24
0,1048576,1,0.5298395066789328,0,0.0016475233646109186,0.9712614005347586,25
0,1048576,1,0.6648048812961532,0,0.0016475233646109186,0.9712614005347586,26
0,1048576,1,0.0818330493171969,0,0.0016475233646109186,0.9712614005347586,27
0,1048576,1,0.6145534595240973,0,0.0016475233646109186,0.9712614005347586,28
0,1048576,1,0.008597543811741467,0,0.0016475233646109186,0.9712614005347586,29
0,1048576,1,0.31469100564486585,0,0.0016475233646109186,0.9712614005347586,30
0,1048576,1,0.2645382431797793,0,0.0016475233646109186,0.9712614005347586,31
0,1048576,1,0.983620966178992,0,0.0016475233646109186,0.983620966178992,32
0,1048576,1,0.22878706901466384,0,0.0016475233646109186,0.983620966178992,33
0,1048576,1,0.566645202206653,0,0.0016475233646109186,0.983620966178992,34
0,1048576,1,0.09224917169062792,0,0.0016475233646109186,0.983620966178992,35
0,1048576,1,0.7020418318522335,0,0.0016475233646109186,0.983620966178992,36
0,1048576,1,0.3831133208078049,0,0.0016475233646109186,0.983620966178992,37
0,1048576,1,0.051717426212761416,0,0.0016475233646109186,0.983620966178992,38
0,1048576,1,0.8177052353839962,0,0.0016475233646109186,0.983620966178992,39
0,1048576,1,0.5463642473384849,0,0.0016475233646109186,0.983620966178992,40
0,1048576,1,0.13583906585820274,0,0.0016475233646109186,0.983620966178992,41
0,1048576,1,0.20068290530856167,0,0.0016475233646109186,0.983620966178992,42
0,1048576,1,0.42137574408463263,0,0.0016475233646109186,0.983620966178992,43
0,1048576,1,0.6378979427324134,0,0.0016475233646109186,0.983620966178992,44
0,1048576,1,0.9186661196799422,0,0.0016475233646109186,0.983620966178992,45
0,1048576,1,0.5092672650595831,0,0.0016475233646109186,0.983620966178992,46
0,1048576,1,0.296500080692671,0,0.0016475233646109186,0.983620966178992,47
0,1048576,1,0.7772004921244403,0,0.0016475233646109186,0.983620966178992,48
0,1048576,1,0.4312264065005227,0,0.0016475233646109186,0.983620966178992,49
0,1048576,1,0.8063703121539416,0,0.0016475233646109186,0.983620966178992,50
0,1048576,1,0.7335817063264195,0,0.0016475233646109186,0.983620966178992,51
0,1048576,1,0.4850239537114922,0,0.0016475233646109186,0.983620966178992,52
0,1048576,1,0.5686154402163159,0,0.0016475233646109186,0.983620966178992,53
0,1048576,1,0.1458916934424885,0,0.0016475233646109186,0.983620966178992,54
0,1048576,1,0.8939103185289131,0,0.0016475233646109186,0.983620966178992,55
0,1048576,1,0.345297591772456,0,0.0016475233646109186,0.983620966178992,56
0,1048576,1,0.6759608273374479,0,0.0016475233646109186,0.983620966178992,57
0,1048576,1,0.23266832823388026,0,0.0016475233646109186,0.983620966178992,58
0,1048576,1,0.65624392452544,0,0.0016475233646109186,0.983620966178992,59
0,1048576,1,0.5588963569900083,0,0.0016475233646109186,0.983620966178992,60
0,1048576,1,0.256440946839323,0,0.0016475233646109186,0.983620966178992,61
0,1048576,1,0.12652283509867338,0,0.0016475233646109186,0.983620966178992,62
0,1048576,1,0.5935673356397654,0,0.0016475233646109186,0.983620966178992,63
0,1048576,1,0.019055374724884028,0,0.0016475233646109186,0.983620966178992,64
0,1048576,1,0.41695972896414424,0,0.0016475233646109186,0.983620966178992,65
0,1048576,1,0.26362746749173255,0,0.0016475233646109186,0.983620966178992,66
0,1048576,1,0.8888416164030006,0,0.0016475233646109186,0.983620966178992,67
0,1048576,1,0.10629924411717107,0,0.0016475233646109186,0.983620966178992,68
0,1048576,1,0.2183540470179274,0,0.0016475233646109186,0.983620966178992,69
0,1048576,1,0.7100282739458614,0,0.0016475233646109186,0.983620966178992,70
0,1048576,1,0.7327156121304317,0,0.0016475233646109186,0.983620966178992,71
0,1048576,1,0.44963662774125446,0,0.0016475233646109186,0.983620966178992,72
0,1048576,1,0.6011832978656335,0,0.0016475233646109186,0.983620966178992,73
0,1048576,1,0.8507854065133291,0,0.0016475233646109186,0.983620966178992,74
0,1048576,1,0.9067691874585324,0,0.0016475233646109186,0.983620966178992,75
0,1048576,1,0.7679460460624815,0,0.0016475233646109186,0.983620966178992,76
0,1048576,1,0.07205412799858418,0,0.0016475233646109186,0.983620966178992,77
0,1048576,1,0.8570184105172775,0,0.0016475233646109186,0.983620966178992,78
0,1048576,1,0.3820802203968394,0,0.0016475233646109186,0.983620966178992,79
0,1048576,1,0.8019973854930627,0,0.0016475233646109186,0.983620966178992,80
0,1048576,1,0.096292552704566,0,0.0016475233646109186,0.983620966178992,81
0,1048576,1,0.14210080534803973,0,0.0016475233646109186,0.983620966178992,82
0,1048576,1,0.5699680247505101,0,0.0016475233646109186,0.983620966178992,83
0,1048576,1,0.1636196577706454,0,0.0016475233646109186,0.983620966178992,84
0,1048576,1,0.803991293198737,0,0.0016475233646109186,0.983620966178992,85
0,1048576,1,0.11024107049367803,0,0.0016475233646109186,0.983620966178992,86
0,1048576,1,0.34561869586995975,0,0.0016475233646109186,0.983620966178992,87
0,1048576,1,0.059475734112209674,0,0.0016475233646109186,0.983620966178992,88
0,1048576,1,0.34257674844578084,0,0.0016475233646109186,0.983620966178992,89
0,1048576,1,0.30266306584457847,0,0.0016475233646109186,0.983620966178992,90
0,1048576,1,0.8610714390538727,0,0.0016475233646109186,0.983620966178992,91
0,1048576,1,0.3778746720863147,0,0.0016475233646109186,0.983620966178992,92
0,1048576,1,0.09748147560828523,0,0.0016475233646109186,0.983620966178992,93
0,1048576,1,0.14146592253767004,0,0.0016475233646109186,0.983620966178992,94
0,1048576,1,0.46900349147091513,0,0.0016475233646109186,0.983620966178992,95
0,1048576,1,0.22759076635336334,0,0.0016475233646109186,0.983620966178992,96
0,1048576,1,0.375101502006421,0,0.0016475233646109186,0.983620966178992,97
0,1048576,1,0.28357956759213215,0,0.0016475233646109186,0.983620966178992,98
0,1048576,1,0.6916739814578149,0,0.0016475233646109186,0.983620966178992,99
0,1048576,1,0.6665595021252052,0,0.0016475233646109186,0.983620966178992,100
0,1048576,1,0.010696684331903237,0,0.0016475233646109186,0.983620966178992,101
0,1048576,1,0.1317846560040102,0,0.0016475233646109186,0.983620966178992,102
0,1048576,1,0.5708886518828848,0,0.0016475233646109186,0.983620966178992,103
0,1048576,1,0.2607939233676545,0,0.0016475233646109186,0.983620966178992,104
0,1048576,1,0.6202115947942529,0,0.0016475233646109186,0.983620966178992,105
0,1048576,1,0.7968633063724234,0,0.0016475233646109186,0.983620966178992,106
0,1048576,1,0.2528833622160779,0,0.0016475233646109186,0.983620966178992,107
0,1048576,1,0.06470328176666361,0,0.0016475233646109186,0.983620966178992,108
0,1048576,1,0.2541510383452344,0,0.0016475233646109186,0.983620966178992,109
0,1048576,1,0.7095559465517951,0,0.0016475233646109186,0.983620966178992,110
0,1048576,1,0.39740982482748893,0,0.0016475233646109186,0.983620966178992,111
0,1048576,1,0.8352648821359385,0,0.0016475233646109186,0.983620966178992,112
0,1048576,1,0.1736597061506135,0,0.0016475233646109186,0.983620966178992,113
0,1048576,1,0.5396532758324828,0,0.0016475233646109186,0.983620966178992,114
0,1048576,1,0.5648830218510935,0,0.0016475233646109186,0.983620966178992,115
0,1048576,1,0.2104818432468035,0,0.0016475233646109186,0.983620966178992,116
0,1048576,1,0.24534600884893984,0,0.0016475233646109186,0.983620966178992,117
0,1048576,1,0.16137227382670788,0,0.0016475233646109186,0.983620966178992,118
0,1048576,1,0.8907946786136597,0,0.0016475233646109186,0.983620966178992,119
0,1048576,1,0.2545692242075278,0,0.0016475233646109186,0.983620966178992,120
0,1048576,1,0.4248253772750825,0,0.0016475233646109186,0.983620966178992,121
0,1048576,1,0.7669880044933928,0,0.0016475233646109186,0.983620966178992,122
0,1048576,1,0.7455578109964716,0,0.0016475233646109186,0.983620966178992,123
0,1048576,1,0.2551789866830166,0,0.0016475233646109186,0.983620966178992,124
0,1048576,1,0.04907106507507367,0,0.0016475233646109186,0.983620966178992,125
0,1048576,1,0.5238332664087827,0,0.0016475233646109186,0.983620966178992,126
0,1048576,1,0.6161108683590362,0,0.0016475233646109186,0.983620966178992,127
0,1048576,1,0.16876006047879336,0,0.0016475233646109186,0.983620966178992,128
0,1048576,1,0.9750992919281832,0,0.0016475233646109186,0.983620966178992,129
0,1048576,1,0.6798409952734386,0,0.0016475233646109186,0.983620966178992,130
0,1048576,1,0.051010264168805115,0,0.0016475233646109186,0.983620966178992,131
0,1048576,1,0.9195599409365028,0,0.0016475233646109186,0.983620966178992,132
0,1048576,1,0.4771094641032707,0,0.0016475233646109186,0.983620966178992,133
0,1048576,1,0.5501437150178677,0,0.0016475233646109186,0.983620966178992,134
0,1048576,1,0.7266704397424495,0,0.0016475233646109186,0.983620966178992,135
0,1048576,1,0.35690766296752635,0,0.0016475233646109186,0.983620966178992,136
0,1048576,1,0.6893242719907229,0,0.0016475233646109186,0.983620966178992,137
0,1048576,1,0.6743960270096852,0,0.0016475233646109186,0.983620966178992,138
0,1048576,1,0.9623251683369916,0,0.0016475233646109186,0.983620966178992,139
0,1048576,1,0.9523610076514812,0,0.0016475233646109186,0.983620966178992,140
0,1048576,1,0.8475465320670903,0,0.0016475233646109186,0.983620966178992,141
0,1048576,1,0.3798762576925179,0,0.0016475233646109186,0.983620966178992,142
0,1048576,1,0.18514103882535185,0,0.0016475233646109186,0.983620966178992,143
0,1048576,1,0.6908447282555302,0,0.0016475233646109186,0.983620966178992,144
0,1048576,1,0.9540846891187651,0,0.0016475233646109186,0.983620966178992,145
0,1048576,1,0.08610958106300959,0,0.0016475233646109186,0.983620966178992,146
0,1048576,1,0.43595832448430627,0,0.0016475233646109186,0.983620966178992,147
0,1048576,1,0.15414238275954048,0,0.0016475233646109186,0.983620966178992,148
0,1048576,1,0.6469821094342518,0,0.0016475233646109186,0.983620966178992,149
0,1048576,1,0.5383047433144947,0,0.0016475233646109186,0.983620966178992,150
0,1048576,1,0.5485431245468986,0,0.0016475233646109186,0.983620966178992,151
0,1048576,1,0.4158234967255218,0,0.0016475233646109186,0.983620966178992,152
0,1048576,1,0.2684173679617629,0,0.0016475233646109186,0.983620966178992,153
0,1048576,1,0.7871243166216532,0,0.0016475233646109186,0.983620966178992,154
0,1048576,1,0.9847863778861967,0,0.0016475233646109186,0.9847863778861967,155
0,1048576,1,0.17126303424677436,0,0.0016475233646109186,0.9847863778861967,156
0,1048576,1,0.2558599496782206,0,0.0016475233646109186,0.9847863778861967,157
0,1048576,1,0.10355617584006242,0,0.0016475233646109186,0.9847863778861967,158
0,1048576,1,0.9787089759048361,0,0.0016475233646109186,0.9847863778861967,159
0,1048576,1,0.2447612424536107,0,0.0016475233646109186,0.9847863778861967,160
0,1048576,1,0.9356565750375702,0,0.0016475233646109186,0.9847863778861967,161
0,1048576,1,0.9417290696605667,0,0.0016475233646109186,0.9847863778861967,162
0,1048576,1,0.10032943504004403,0,0.0016475233646109186,0.9847863778861967,163
0,1048576,1,0.46634554520411453,0,0.0016475233646109186,0.9847863778861967,164
0,1048576,1,0.37421528288778305,0,0.0016475233646109186,0.9847863778861967,165
0,1048576,1,0.35557841066451995,0,0.0016475233646109186,0.9847863778861967,166
0,1048576,1,0.2685727866873811,0,0.0016475233646109186,0.9847863778861967,167
0,1048576,1,0.824925097482454,0,0.0016475233646109186,0.9847863778861967,168
0,1048576,1,0.465479625528852,0,0.0016475233646109186,0.9847863778861967,169
0,1048576,1,0.5697458448930026,0,0.0016475233646109186,0.9847863778861967,170
0,1048576,1,0.6743316950480176,0,0.0016475233646109186,0.9847863778861967,171
0,1048576,1,0.1080740987771473,0,0.0016475233646109186,0.9847863778861967,172
0,1048576,1,0.1681261189848645,0,0.0016475233646109186,0.9847863778861967,173
0,1048576,1,0.8387622549675819,0,0.0016475233646109186,0.9847863778861967,174
0,1048576,1,0.421502034425566,0,0.0016475233646109186,0.9847863778861967,175
0,1048576,1,0.6947570175950869,0,0.0016475233646109186,0.9847863778861967,176
0,1048576,1,0.07064178557142906,0,0.0016475233646109186,0.9847863778861967,177
0,1048576,1,0.5701818272781689,0,0.0016475233646109186,0.9847863778861967,178
0,1048576,1,0.15176010710228685,0,0.0016475233646109186,0.9847863778861967,179
0,1048576,1,0.8022731796774418,0,0.0016475233646109186,0.9847863778861967,180
0,1048576,1,0.16905637938335663,0,0.0016475233646109186,0.9847863778861967,181
0,1048576,1,0.088966615171234,0,0.0016475233646109186,0.9847863778861967,182
0,1048576,1,0.2494558615321754,0,0.0016475233646109186,0.9847863778861967,183
0,1048576,1,0.8763190846033153,0,0.0016475233646109186,0.9847863778861967,184
0,1048576,1,0.9678254429059048,0,0.0016475233646109186,0.9847863778861967,185
0,1048576,1,0.05076794070686209,0,0.0016475233646109186,0.9847863778861967,186
0,1048576,1,0.7986782051507609,0,0.0016475233646109186,0.9847863778861967,187
0,1048576,1,0.33433712132183574,0,0.0016475233646109186,0.9847863778861967,188
0,1048576,1,0.9742749665757485,0,0.0016475233646109186,0.9847863778861967,189
0,1048576,1,0.5576791658889294,0,0.0016475233646109186,0.9847863778861967,190
0,1048576,1,0.9009366114259927,0,0.0016475233646109186,0.9847863778861967,191
0,1048576,1,0.9779626705880577,0,0.0016475233646109186,0.9847863778861967,192
0,1048576,1,0.4107412908280066,0,0.0016475233646109186,0.9847863778861967,193
0,1048576,1,0.7377336956062321,0,0.0016475233646109186,0.9847863778861967,194
0,1048576,1,0.8265278891085964,0,0.0016475233646109186,0.9847863778861967,195
0,1048576,1,0.6628633711311285,0,0.0016475233646109186,0.9847863778861967,196
0,1048576,1,0.29821209708534585,0,0.0016475233646109186,0.9847863778861967,197
0,1048576,1,0.05401390883718962,0,0.0016475233646109186,0.9847863778861967,198
0,1048576,1,0.26288908722177445,0,0.0016475233646109186,0.9847863778861967,199
0,1048576,1,0.2152469772766532,0,0.0016475233646109186,0.9847863778861967,200
0,1048576,1,0.2680311522650978,0,0.0016475233646109186,0.9847863778861967,201
0,1048576,1,0.5175222805478635,0,0.0016475233646109186,0.9847863778861967,202
0,1048576,1,0.5141930319979053,0,0.0016475233646109186,0.9847863778861967,203
0,1048576,1,0.28594377167655877,0,0.0016475233646109186,0.9847863778861967,204
0,1048576,1,0.7729332844552242,0,0.0016475233646109186,0.9847863778861967,205
0,1048576,1,0.11307262333167784,0,0.0016475233646109186,0.9847863778861967,206
0,1048576,1,0.22467453671522727,0,0.0016475233646109186,0.9847863778861967,207
0,1048576,1,0.9704771395749056,0,0.0016475233646109186,0.9847863778861967,208
0,1048576,1,0.7833843727206391,0,0.0016475233646109186,0.9847863778861967,209
0,1048576,1,0.9656550714180867,0,0.0016475233646109186,0.9847863778861967,210
0,1048576,1,0.9646255197409949,0,0.0016475233646109186,0.9847863778861967,211
0,1048576,1,0.2974776201960478,0,0.0016475233646109186,0.9847863778861967,212
0,1048576,1,0.9642401494820766,0,0.0016475233646109186,0.9847863778861967,213
0,1048576,1,0.4478679637819962,0,0.0016475233646109186,0.9847863778861967,214
0,1048576,1,0.4594922287547779,0,0.0016475233646109186,0.9847863778861967,215
0,1048576,1,0.34750745623627416,0,0.0016475233646109186,0.9847863778861967,216
0,1048576,1,0.672103298444503,0,0.0016475233646109186,0.9847863778861967,217
0,1048576,1,0.6956705476448093,0,0.0016475233646109186,0.9847863778861967,218
0,1048576,1,0.9980747807340489,0,0.0016475233646109186,0.9980747807340489,219
0,1048576,1,0.6898434434219036,0,0.0016475233646109186,0.9980747807340489,220
0,1048576,1,0.5916985376552,0,0.0016475233646109186,0.9980747807340489,221
0,1048576,1,0.6032053642683699,0,0.0016475233646109186,0.9980747807340489,222
0,1048576,1,0.5990832419416122,0,0.0016475233646109186,0.9980747807340489,223
0,1048576,1,0.8759111873407305,0,0.0016475233646109186,0.9980747807340489,224
0,1048576,1,0.7046880776120554,0,0.0016475233646109186,0.9980747807340489,225
0,1048576,1,0.26060126222735375,0,0.0016475233646109186,0.9980747807340489,226
0,1048576,1,0.48841916070476554,0,0.0016475233646109186,0.9980747807340489,227
0,1048576,1,0.14011916354600706,0,0.0016475233646109186,0.9980747807340489,228
0,1048576,1,0.21012459940282233,0,0.0016475233646109186,0.9980747807340489,229
0,1048576,1,0.8409823958045224,0,0.0016475233646109186,0.9980747807340489,230
0,1048576,1,0.9874909185103784,0,0.0016475233646109186,0.9980747807340489,231
0,1048576,1,0.049675756179770165,0,0.0016475233646109186,0.9980747807340489,232
0,1048576,1,0.13690761856314632,0,0.0016475233646109186,0.9980747807340489,233
0,1048576,1,0.5121543424845074,0,0.0016475233646109186,0.9980747807340489,234
0,1048576,1,0.417020698517679,0,0.0016475233646109186,0.9980747807340489,235
0,1048576,1,0.6747830034173439,0,0.0016475233646109186,0.9980747807340489,236
0,1048576,1,0.0013519619046719021,0,0.0013519619046719021,0.9980747807340489,237
0,1048576,1,0.8078588521493236,0,0.0013519619046719021,0.9980747807340489,238
0,1048576,1,0.19551163592351836,0,0.0013519619046719021,0.9980747807340489,239
0,1048576,1,0.6413540047575097,0,0.0013519619046719021,0.9980747807340489,240
0,1048576,1,0.6399732020177455,0,0.0013519619046719021,0.9980747807340489,241
0,1048576,1,0.4891375522610758,0,0.0013519619046719021,0.9980747807340489,242
0,1048576,1,0.08126084805539693,0,0.0013519619046719021,0.9980747807340489,243
0,1048576,1,0.6746004545177208,0,0.0013519619046719021,0.9980747807340489,244
0,1048576,1,0.4008763816748135,0,0.0013519619046719021,0.9980747807340489,245
0,1048576,1,0.47076376302625167,0,0.0013519619046719021,0.9980747807340489,246
0,1048576,1,0.6343027483876336,0,0.0013519619046719021,0.9980747807340489,247
0,1048576,1,0.4962182737444314,0,0.0013519619046719021,0.9980747807340489,248
0,1048576,1,0.26914065250452557,0,0.0013519619046719021,0.9980747807340489,249
0,1048576,1,0.3427513513144534,0,0.0013519619046719021,0.9980747807340489,250
0,1048576,1,0.7221531794051879,0,0.0013519619046719021,0.9980747807340489,251
0,1048576,1,0.5122426411594987,0,0.0013519619046719021,0.9980747807340489,252
0,1048576,1,0.8325305755560364,0,0.0013519619046719021,0.9980747807340489,253
0,1048576,1,0.49279881442336004,0,0.0013519619046719021,0.9980747807340489,254
0,1048576,1,0.46324645259747643,0,0.0013519619046719021,0.9980747807340489,255
0,1048576,1,0.9241811930148246,0,0.0013519619046719021,0.9980747807340489,256
0,1048576,1,0.03593239828262415,0,0.0013519619046719021,0.9980747807340489,257
0,1048576,1,0.1489521991205285,0,0.0013519619046719021,0.9980747807340489,258
0,1048576,1,0.7536255564969011,0,0.0013519619046719021,0.9980747807340489,259
0,1048576,1,0.3808087420738363,0,0.0013519619046719021,0.9980747807340489,260
0,1048576,1,0.597609333698919,0,0.0013519619046719021,0.9980747807340489,261
0,1048576,1,0.13832830292880322,0,0.0013519619046719021,0.9980747807340489,262
0,1048576,1,0.1916123514336846,0,0.0013519619046719021,0.9980747807340489,263
0,1048576,1,0.585813867925019,0,0.0013519619046719021,0.9980747807340489,264
0,1048576,1,0.35177610332948916,0,0.0013519619046719021,0.9980747807340489,265
0,1048576,1,0.9391873087452617,0,0.0013519619046719021,0.9980747807340489,266
0,1048576,1,0.5960199724692105,0,0.0013519619046719021,0.9980747807340489,267
0,1048576,1,0.14861440301419665,0,0.0013519619046719021,0.9980747807340489,268
0,1048576,1,0.6123385682457438,0,0.0013519619046719021,0.9980747807340489,269
0,1048576,1,0.8874000256159079,0,0.0013519619046719021,0.9980747807340489,270
0,1048576,1,0.8011294989313701,0,0.0013519619046719021,0.9980747807340489,271
0,1048576,1,0.025794845525211538,0,0.0013519619046719021,0.9980747807340489,272
0,1048576,1,0.7542190544767527,0,0.0013519619046719021,0.9980747807340489,273
0,1048576,1,0.4699128160460062,0,0.0013519619046719021,0.9980747807340489,274
0,1048576,1,0.5919904264180729,0,0.0013519619046719021,0.9980747807340489,275
0,1048576,1,0.07791629857492836,0,0.0013519619046719021,0.9980747807340489,276
0,1048576,1,0.32343991074351586,0,0.0013519619046719021,0.9980747807340489,277
0,1048576,1,0.10039978918751702,0,0.0013519619046719021,0.9980747807340489,278
0,1048576,1,0.5581924737537775,0,0.0013519619046719021,0.9980747807340489,279
0,1048576,1,0.813732696964439,0,0.0013519619046719021,0.9980747807340489,280
0,1048576,1,0.6765636898033783,0,0.0013519619046719021,0.9980747807340489,281
0,1048576,1,0.8926094547163814,0,0.0013519619046719021,0.9980747807340489,282
0,1048576,1,0.09419209980200693,0,0.0013519619046719021,0.9980747807340489,283
0,1048576,1,0.2302686578434345,0,0.0013519619046719021,0.9980747807340489,284
0,1048576,1,0.08868165239135745,0,0.0013519619046719021,0.9980747807340489,285
0,1048576,1,0.7302516739021061,0,0.0013519619046719021,0.9980747807340489,286
0,1048576,1,0.9453722671031403,0,0.0013519619046719021,0.9980747807340489,287
0,1048576,1,0.9482601926146318,0,0.0013519619046719021,0.9980747807340489,288
0,1048576,1,0.21750778901426368,0,0.0013519619046719021,0.9980747807340489,289
0,1048576,1,0.16515769414183112,0,0.0013519619046719021,0.9980747807340489,290
0,1048576,1,0.6472198985269834,0,0.0013519619046719021,0.9980747807340489,291
0,1048576,1,0.9806200750010405,0,0.0013519619046719021,0.9980747807340489,292
0,1048576,1,0.18531692573450617,0,0.0013519619046719021,0.9980747807340489,293
0,1048576,1,0.6382662092116281,0,0.0013519619046719021,0.9980747807340489,294
0,1048576,1,0.9804912462393808,0,0.0013519619046719021,0.9980747807340489,295
0,1048576,1,0.08601501095629467,0,0.0013519619046719021,0.9980747807340489,296
0,1048576,1,0.5373412670559081,0,0.0013519619046719021,0.9980747807340489,297
0,1048576,1,0.6257378831992956,0,0.0013519619046719021,0.9980747807340489,298
0,1048576,1,0.6543410813774653,0,0.0013519619046719021,0.9980747807340489,299
0,1048576,1,0.0899389440080616,0,0.0013519619046719021,0.9980747807340489,300
0,1048576,1,0.4296021245996877,0,0.0013519619046719021,0.9980747807340489,301
0,1048576,1,0.04077357983480737,0,0.0013519619046719021,0.9980747807340489,302
0,1048576,1,0.7178313576762163,0,0.0013519619046719021,0.9980747807340489,303
0,1048576,1,0.5852847797968744,0,0.0013519619046719021,0.9980747807340489,304
0,1048576,1,0.1311150651765035,0,0.0013519619046719021,0.9980747807340489,305
0,1048576,1,0.19149922046025433,0,0.0013519619046719021,0.9980747807340489,306
0,1048576,1,0.009050831036487173,0,0.0013519619046719021,0.9980747807340489,307
0,1048576,1,0.3802535810642559,0,0.0013519619046719021,0.9980747807340489,308
0,1048576,1,0.6525515005784978,0,0.0013519619046719021,0.9980747807340489,309
0,1048576,1,0.8202113856742714,0,0.0013519619046719021,0.9980747807340489,310
0,1048576,1,0.9660483796723157,0,0.0013519619046719021,0.9980747807340489,311
0,1048576,1,0.22021439161072653,0,0.0013519619046719021,0.9980747807340489,312
0,1048576,1,0.3586509063966506,0,0.0013519619046719021,0.9980747807340489,313
0,1048576,1,0.22585760335064203,0,0.0013519619046719021,0.9980747807340489,314
0,1048576,1,0.6089239047625035,0,0.0013519619046719021,0.9980747807340489,315
0,1048576,1,0.9399440381167693,0,0.0013519619046719021,0.9980747807340489,316
0,1048576,1,0.3817523874632147,0,0.0013519619046719021,0.9980747807340489,317
0,1048576,1,0.6165740552693613,0,0.0013519619046719021,0.9980747807340489,318
0,1048576,1,0.2901086741966483,0,0.0013519619046719021,0.9980747807340489,319
0,1048576,1,0.7337972669379286,0,0.0013519619046719021,0.9980747807340489,320
0,1048576,1,0.26953588178952054,0,0.0013519619046719021,0.9980747807340489,321
0,1048576,1,0.36737271161780055,0,0.0013519619046719021,0.9980747807340489,322
0,1048576,1,0.25699532750869214,0,0.0013519619046719021,0.9980747807340489,323
0,1048576,1,0.5645247013798997,0,0.0013519619046719021,0.9980747807340489,324
0,1048576,1,0.032657644891833884,0,0.0013519619046719021,0.9980747807340489,325
0,1048576,1,0.46012130325427336,0,0.0013519619046719021,0.9980747807340489,326
0,1048576,1,0.7777209277771365,0,0.0013519619046719021,0.9980747807340489,327
0,1048576,1,0.145054836020038,0,0.0013519619046719021,0.9980747807340489,328
0,1048576,1,0.12000354649624145,0,0.0013519619046719021,0.9980747807340489,329
0,1048576,1,0.12124418419409377,0,0.0013519619046719021,0.9980747807340489,330
0,1048576,1,0.81683588735825,0,0.0013519619046719021,0.9980747807340489,331
0,1048576,1,0.42603650682385674,0,0.0013519619046719021,0.9980747807340489,332
0,1048576,1,0.7018660504487602,0,0.0013519619046719021,0.9980747807340489,333
0,1048576,1,0.5418731937685339,0,0.0013519619046719021,0.9980747807340489,334
0,1048576,1,0.8807045329573767,0,0.0013519619046719021,0.9980747807340489,335
0,1048576,1,0.31074313128632736,0,0.0013519619046719021,0.9980747807340489,336
0,1048576,1,0.917605528116792,0,0.0013519619046719021,0.9980747807340489,337
0,1048576,1,0.5045899593489646,0,0.0013519619046719021,0.9980747807340489,338
0,1048576,1,0.42779247623698036,0,0.0013519619046719021,0.9980747807340489,339
0,1048576,1,0.948227517623307,0,0.0013519619046719021,0.9980747807340489,340
0,1048576,1,0.8816895427487789,0,0.0013519619046719021,0.9980747807340489,341
0,1048576,1,0.19836273500806542,0,0.0013519619046719021,0.9980747807340489,342
0,1048576,1,0.9480628989719205,0,0.0013519619046719021,0.9980747807340489,343
0,1048576,1,0.6106865801057331,0,0.0013519619046719021,0.9980747807340489,344
0,1048576,1,0.2401925417564663,0,0.0013519619046719021,0.9980747807340489,345
0,1048576,1,0.016551866880487393,0,0.0013519619046719021,0.9980747807340489,346
0,1048576,1,0.8175885926970937,0,0.0013519619046719021,0.9980747807340489,347
0,1048576,1,0.17501650693449303,0,0.0013519619046719021,0.9980747807340489,348
0,1048576,1,0.5064189462695938,0,0.0013519619046719021,0.9980747807340489,349
0,1048576,1,0.35639474907995605,0,0.0013519619046719021,0.9980747807340489,350
0,1048576,1,0.2608985471471034,0,0.0013519619046719021,0.9980747807340489,351
0,1048576,1,0.6358089651844209,0,0.0013519619046719021,0.9980747807340489,352
0,1048576,1,0.7577251330928904,0,0.0013519619046719021,0.9980747807340489,353
0,1048576,1,0.8104521583311711,0,0.0013519619046719021,0.9980747807340489,354
0,1048576,1,0.9297848778306849,0,0.0013519619046719021,0.9980747807340489,355
0,1048576,1,0.46401759637676376,0,0.0013519619046719021,0.9980747807340489,356
0,1048576,1,0.38698092787151883,0,0.0013519619046719021,0.9980747807340489,357
0,1048576,1,0.8561076012392776,0,0.0013519619046719021,0.9980747807340489,358
0,1048576,1,0.3161665625006691,0,0.0013519619046719021,0.9980747807340489,359
0,1048576,1,0.008827521524302512,0,0.0013519619046719021,0.9980747807340489,360
0,1048576,1,0.6691315925857244,0,0.0013519619046719021,0.9980747807340489,361
0,1048576,1,0.4414774145874807,0,0.0013519619046719021,0.9980747807340489,362
0,1048576,1,0.45632160630462526,0,0.0013519619046719021,0.9980747807340489,363
0,1048576,1,0.7714505863290131,0,0.0013519619046719021,0.9980747807340489,364
0,1048576,1,0.96922316883058,0,0.0013519619046719021,0.9980747807340489,365
0,1048576,1,0.7921251422057681,0,0.0013519619046719021,0.9980747807340489,366
0,1048576,1,0.27767418991505344,0,0.0013519619046719021,0.9980747807340489,367
0,1048576,1,0.3398285332392155,0,0.0013519619046719021,0.9980747807340489,368
0,1048576,1,0.5344940982433257,0,0.0013519619046719021,0.9980747807340489,369
0,1048576,1,0.9695325350279058,0,0.0013519619046719021,0.9980747807340489,370
0,1048576,1,0.2411032723972429,0,0.0013519619046719021,0.9980747807340489,371
0,1048576,1,0.058195091329031716,0,0.0013519619046719021,0.9980747807340489,372
0,1048576,1,0.20779726003228643,0,0.0013519619046719021,0.9980747807340489,373
0,1048576,1,0.8156074418195847,0,0.0013519619046719021,0.9980747807340489,374
0,1048576,1,0.3814594667698636,0,0.0013519619046719021,0.9980747807340489,375
0,1048576,1,0.45189500862361487,0,0.0013519619046719021,0.9980747807340489,376
0,1048576,1,0.6365785832564734,0,0.0013519619046719021,0.9980747807340489,377
0,1048576,1,0.5721945852939962,0,0.0013519619046719021,0.9980747807340489,378
0,1048576,1,0.531288875089168,0,0.0013519619046719021,0.9980747807340489,379
0,1048576,1,0.5742467852719603,0,0.0013519619046719021,0.9980747807340489,380
0,1048576,1,0.229000860685337,0,0.0013519619046719021,0.9980747807340489,381
0,1048576,1,0.8894042612719439,0,0.0013519619046719021,0.9980747807340489,382
0,1048576,1,0.4828778426115552,0,0.0013519619046719021,0.9980747807340489,383
0,1048576,1,0.14102488925670476,0,0.0013519619046719021,0.9980747807340489,384
0,1048576,1,0.5341654363108452,0,0.0013519619046719021,0.9980747807340489,385
0,1048576,1,0.9527766589555369,0,0.0013519619046719021,0.9980747807340489,386
0,1048576,1,0.4490568308740388,0,0.0013519619046719021,0.9980747807340489,387
0,1048576,1,0.6570087523364375,0,0.0013519619046719021,0.9980747807340489,388
0,1048576,1,0.6515036802466727,0,0.0013519619046719021,0.9980747807340489,389
0,1048576,1,0.38584054290025876,0,0.0013519619046719021,0.9980747807340489,390
0,1048576,1,0.459686202727817,0,0.0013519619046719021,0.9980747807340489,391
0,1048576,1,0.15683380713885586,0,0.0013519619046719021,0.9980747807340489,392
0,1048576,1,0.505460276448435,0,0.0013519619046719021,0.9980747807340489,393
0,1048576,1,0.4521246376621355,0,0.0013519619046719021,0.9980747807340489,394
0,1048576,1,0.01865637837604834,0,0.0013519619046719021,0.9980747807340489,395
0,1048576,1,0.6001687475726027,0,0.0013519619046719021,0.9980747807340489,396
0,1048576,1,0.27860453057480816,0,0.0013519619046719021,0.9980747807340489,397
0,1048576,1,0.1132693235862889,0,0.0013519619046719021,0.9980747807340489,398
0,1048576,1,0.6467650681204529,0,0.0013519619046719021,0.9980747807340489,399
0,1048576,1,0.3210840484267992,0,0.0013519619046719021,0.9980747807340489,400
0,1048576,1,0.28052632011308964,0,0.0013519619046719021,0.9980747807340489,401
0,1048576,1,0.06379248949657715,0,0.0013519619046719021,0.9980747807340489,402
0,1048576,1,0.7398348611304713,0,0.0013519619046719021,0.9980747807340489,403
0,1048576,1,0.5603985629646037,0,0.0013519619046719021,0.9980747807340489,404
0,1048576,1,0.7186899681771264,0,0.0013519619046719021,0.9980747807340489,405
0,1048576,1,0.4097388267068911,0,0.0013519619046719021,0.9980747807340489,406
0,1048576,1,0.08360519452387478,0,0.0013519619046719021,0.9980747807340489,407
0,1048576,1,0.9730360283819948,0,0.0013519619046719021,0.9980747807340489,408
0,1048576,1,0.6411517985875707,0,0.0013519619046719021,0.9980747807340489,409
0,1048576,1,0.09055706577402313,0,0.0013519619046719021,0.9980747807340489,410
0,1048576,1,0.14725797187500353,0,0.0013519619046719021,0.9980747807340489,411
0,1048576,1,0.9727453280127867,0,0.0013519619046719021,0.9980747807340489,412
0,1048576,1,0.35128781474078513,0,0.0013519619046719021,0.9980747807340489,413
0,1048576,1,0.051883049641209704,0,0.0013519619046719021,0.9980747807340489,414
0,1048576,1,0.5346337702188996,0,0.0013519619046719021,0.9980747807340489,415
0,1048576,1,0.8424102070762447,0,0.0013519619046719021,0.9980747807340489,416
0,1048576,1,0.13307973526756708,0,0.0013519619046719021,0.9980747807340489,417
0,1048576,1,0.08068484653088875,0,0.0013519619046719021,0.9980747807340489,418
0,1048576,1,0.5873515998933199,0,0.0013519619046719021,0.9980747807340489,419
0,1048576,1,0.04284919343735558,0,0.0013519619046719021,0.9980747807340489,420
0,1048576,1,0.272665856575202,0,0.0013519619046719021,0.9980747807340489,421
0,1048576,1,0.8297425852857259,0,0.0013519619046719021,0.9980747807340489,422
0,1048576,1,0.4214709730722601,0,0.0013519619046719021,0.9980747807340489,423
0,1048576,1,0.32798404913729023,0,0.0013519619046719021,0.9980747807340489,424
0,1048576,1,0.07151710589115412,0,0.0013519619046719021,0.9980747807340489,425
0,1048576,1,0.9231903229178787,0,0.0013519619046719021,0.9980747807340489,426
0,1048576,1,0.06739697713859918,0,0.0013519619046719021,0.9980747807340489,427
0,1048576,1,0.8151654763272806,0,0.0013519619046719021,0.9980747807340489,428
0,1048576,1,0.862355033917205,0,0.0013519619046719021,0.9980747807340489,429
0,1048576,1,0.3285133714786529,0,0.0013519619046719021,0.9980747807340489,430
0,1048576,1,0.8630680135864128,0,0.0013519619046719021,0.9980747807340489,431
0,1048576,1,0.0801605682723438,0,0.0013519619046719021,0.9980747807340489,432
0,1048576,1,0.7944174710568945,0,0.0013519619046719021,0.9980747807340489,433
0,1048576,1,0.3613177353583532,0,0.0013519619046719021,0.9980747807340489,434
0,1048576,1,0.7627878068996978,0,0.0013519619046719021,0.9980747807340489,435
0,1048576,1,0.1933954862626739,0,0.0013519619046719021,0.9980747807340489,436
0,1048576,1,0.3105439623376525,0,0.0013519619046719021,0.9980747807340489,437
0,1048576,1,0.5768884887583322,0,0.0013519619046719021,0.9980747807340489,438
0,1048576,1,0.9895296814887813,0,0.0013519619046719021,0.9980747807340489,439
0,1048576,1,0.1802739852949878,0,0.0013519619046719021,0.9980747807340489,440
0,1048576,1,0.1805544656738328,0,0.0013519619046719021,0.9980747807340489,441
0,1048576,1,0.20091652272154256,0,0.0013519619046719021,0.9980747807340489,442
0,1048576,1,0.94353524296567,0,0.0013519619046719021,0.9980747807340489,443
0,1048576,1,0.38924599710839286,0,0.0013519619046719021,0.9980747807340489,444
0,1048576,1,0.6057534671587381,0,0.0013519619046719021,0.9980747807340489,445
0,1048576,1,0.24999449437951404,0,0.0013519619046719021,0.9980747807340489,446
0,1048576,1,0.33683440170164847,0,0.0013519619046719021,0.9980747807340489,447
0,1048576,1,0.7155708465413381,0,0.0013519619046719021,0.9980747807340489,448
0,1048576,1,0.8693969500493832,0,0.0013519619046719021,0.9980747807340489,449
0,1048576,1,0.26024681716703674,0,0.0013519619046719021,0.9980747807340489,450
0,1048576,1,0.7475525710346933,0,0.0013519619046719021,0.9980747807340489,451
0,1048576,1,0.04899902126895884,0,0.0013519619046719021,0.9980747807340489,452
0,1048576,1,0.8927665829682165,0,0.0013519619046719021,0.9980747807340489,453
0,1048576,1,0.7072567434982076,0,0.0013519619046719021,0.9980747807340489,454
0,1048576,1,0.7819245538052038,0,0.0013519619046719021,0.9980747807340489,455
0,1048576,1,0.7243483166234208,0,0.0013519619046719021,0.9980747807340489,456
0,1048576,1,0.5909970968461876,0,0.0013519619046719021,0.9980747807340489,457
0,1048576,1,0.721871674297984,0,0.0013519619046719021,0.9980747807340489,458
0,1048576,1,0.5813306695253212,0,0.0013519619046719021,0.9980747807340489,459
0,1048576,1,0.6836362051084335,0,0.0013519619046719021,0.9980747807340489,460
0,1048576,1,0.872673853741649,0,0.0013519619046719021,0.9980747807340489,461
0,1048576,1,0.9236157408350931,0,0.0013519619046719021,0.9980747807340489,462
0,1048576,1,0.5630655517198455,0,0.0013519619046719021,0.9980747807340489,463
0,1048576,1,0.5969896778288297,0,0.0013519619046719021,0.9980747807340489,464
0,1048576,1,0.3761986664529001,0,0.0013519619046719021,0.9980747807340489,465
0,1048576,1,0.9801496320901897,0,0.0013519619046719021,0.9980747807340489,466
0,1048576,1,0.21598279446078208,0,0.0013519619046719021,0.9980747807340489,467
0,1048576,1,0.43075199908881834,0,0.0013519619046719021,0.9980747807340489,468
0,1048576,1,0.20648181493543816,0,0.0013519619046719021,0.9980747807340489,469
0,1048576,1,0.22430027146758064,0,0.0013519619046719021,0.9980747807340489,470
0,1048576,1,0.015075223281814177,0,0.0013519619046719021,0.9980747807340489,471
0,1048576,1,0.2588698169337783,0,0.0013519619046719021,0.9980747807340489,472
0,1048576,1,0.7952412070637844,0,0.0013519619046719021,0.9980747807340489,473
0,1048576,1,0.8080072203281607,0,0.0013519619046719021,0.9980747807340489,474
0,1048576,1,0.2645828323600443,0,0.0013519619046719021,0.9980747807340489,475
0,1048576,1,0.6588214935925272,0,0.0013519619046719021,0.9980747807340489,476
0,1048576,1,0.46164656046841746,0,0.0013519619046719021,0.9980747807340489,477
0,1048576,1,0.9002667784489515,0,0.0013519619046719021,0.9980747807340489,478
0,1048576,1,0.38865583085684935,0,0.0013519619046719021,0.9980747807340489,479
0,1048576,1,0.9595331497984156,0,0.0013519619046719021,0.9980747807340489,480
0,1048576,1,0.16758074699319944,0,0.0013519619046719021,0.9980747807340489,481
0,1048576,1,0.8807865384694993,0,0.0013519619046719021,0.9980747807340489,482
0,1048576,1,0.5907779880869122,0,0.0013519619046719021,0.9980747807340489,483
0,1048576,1,0.9383580084014703,0,0.0013519619046719021,0.9980747807340489,484
0,1048576,1,0.13090098715309464,0,0.0013519619046719021,0.9980747807340489,485
0,1048576,1,0.8526326981533796,0,0.0013519619046719021,0.9980747807340489,486
0,1048576,1,0.15330347885749912,0,0.0013519619046719021,0.9980747807340489,487
0,1048576,1,0.13251538247042935,0,0.0013519619046719021,0.9980747807340489,488
0,1048576,1,0.3472456694375797,0,0.0013519619046719021,0.9980747807340489,489
0,1048576,1,0.8615493748743148,0,0.0013519619046719021,0.9980747807340489,490
0,1048576,1,0.05495187168456325,0,0.0013519619046719021,0.9980747807340489,491
0,1048576,1,0.8351057561371608,0,0.0013519619046719021,0.9980747807340489,492
0,1048576,1,0.6296813592537843,0,0.0013519619046719021,0.9980747807340489,493
0,1048576,1,0.35263922147179416,0,0.0013519619046719021,0.9980747807340489,494
0,1048576,1,0.17360822947103086,0,0.0013519619046719021,0.9980747807340489,495
0,1048576,1,0.7962086767210719,0,0.0013519619046719021,0.9980747807340489,496
0,1048576,1,0.8135500696410202,0,0.0013519619046719021,0.9980747807340489,497
0,1048576,1,0.609802711275732,0,0.0013519619046719021,0.9980747807340489,498
0,1048576,1,0.6102578348264467,0,0.0013519619046719021,0.9980747807340489,499
0,1048576,1,0.844321142971408,0,0.0013519619046719021,0.9980747807340489,500
0,1048576,1,0.13186617933646988,0,0.0013519619046719021,0.9980747807340489,501
0,1048576,1,0.8734267474387838,0,0.0013519619046719021,0.9980747807340489,502
0,1048576,1,0.6555430557523848,0,0.0013519619046719021,0.9980747807340489,503
0,1048576,1,0.5829784174895086,0,0.0013519619046719021,0.9980747807340489,504
0,1048576,1,0.4599750953440781,0,0.0013519619046719021,0.9980747807340489,505
0,1048576,1,0.9535299852813517,0,0.0013519619046719021,0.9980747807340489,506
0,1048576,1,0.08563589373527698,0,0.0013519619046719021,0.9980747807340489,507
0,1048576,1,0.6532416690029359,0,0.0013519619046719021,0.9980747807340489,508
0,1048576,1,0.9711515929840506,0,0.0013519619046719021,0.9980747807340489,509
0,1048576,1,0.8163750857336496,0,0.0013519619046719021,0.9980747807340489,510
0,1048576,1,0.49358131686750495,0,0.0013519619046719021,0.9980747807340489,511
0,1048576,1,0.25091434848854177,0,0.0013519619046719021,0.9980747807340489,512
0,1048576,1,0.7043268481098502,0,0.0013519619046719021,0.9980747807340489,513
0,1048576,1,0.7907926560964392,0,0.0013519619046719021,0.9980747807340489,514
0,1048576,1,0.04290144544881768,0,0.0013519619046719021,0.9980747807340489,515
0,1048576,1,0.28320458831356676,0,0.0013519619046719021,0.9980747807340489,516
0,1048576,1,0.2791419162182493,0,0.0013519619046719021,0.9980747807340489,517
0,1048576,1,0.14592901383832363,0,0.0013519619046719021,0.9980747807340489,518
0,1048576,1,0.5383833803997982,0,0.0013519619046719021,0.9980747807340489,519
0,1048576,1,0.3166533025442948,0,0.0013519619046719021,0.9980747807340489,520
0,1048576,1,0.9950601396733524,0,0.0013519619046719021,0.9980747807340489,521
0,1048576,1,0.9743099676754832,0,0.0013519619046719021,0.9980747807340489,522
0,1048576,1,0.16736695247556307,0,0.0013519619046719021,0.9980747807340489,523
0,1048576,1,0.2510464521423226,0,0.0013519619046719021,0.9980747807340489,524
0,1048576,1,0.7668680140078805,0,0.0013519619046719021,0.9980747807340489,525
0,1048576,1,0.6126618180187984,0,0.0013519619046719021,0.9980747807340489,526
0,1048576,1,0.8420517678443104,0,0.0013519619046719021,0.9980747807340489,527
0,1048576,1,0.24280985550278936,0,0.0013519619046719021,0.9980747807340489,528
0,1048576,1,0.45295585179039743,0,0.0013519619046719021,0.9980747807340489,529
0,1048576,1,0.7521071493010858,0,0.0013519619046719021,0.9980747807340489,530
0,1048576,1,0.6301494326953636,0,0.0013519619046719021,0.9980747807340489,531
0,1048576,1,0.876666886497097,0,0.0013519619046719021,0.9980747807340489,532
0,1048576,1,0.5103729941320388,0,0.0013519619046719021,0.9980747807340489,533
0,1048576,1,0.5693701961714901,0,0.0013519619046719021,0.9980747807340489,534
0,1048576,1,0.25952358022003136,0,0.0013519619046719021,0.9980747807340489,535
0,1048576,1,0.022182778750453585,0,0.0013519619046719021,0.9980747807340489,536
0,1048576,1,0.7695510924188336,0,0.0013519619046719021,0.9980747807340489,537
0,1048576,1,0.8801688025620475,0,0.0013519619046719021,0.9980747807340489,538
0,1048576,1,0.7598516089045723,0,0.0013519619046719021,0.9980747807340489,539
0,1048576,1,0.3249236020079604,0,0.0013519619046719021,0.9980747807340489,540
0,1048576,1,0.661505269194024,0,0.0013519619046719021,0.9980747807340489,541
0,1048576,1,0.05160568405081746,0,0.0013519619046719021,0.9980747807340489,542
0,1048576,1,0.5149347052777592,0,0.0013519619046719021,0.9980747807340489,543
0,1048576,1,0.9848638207045691,0,0.0013519619046719021,0.9980747807340489,544
0,1048576,1,0.06358758711757984,0,0.0013519619046719021,0.9980747807340489,545
0,1048576,1,0.14441962962602362,0,0.0013519619046719021,0.9980747807340489,546
0,1048576,1,0.8089974064468946,0,0.0013519619046719021,0.9980747807340489,547
0,1048576,1,0.3630585178779421,0,0.0013519619046719021,0.9980747807340489,548
0,1048576,1,0.6274221767058673,0,0.0013519619046719021,0.9980747807340489,549
0,1048576,1,0.5561948051892619,0,0.0013519619046719021,0.9980747807340489,550
0,1048576,1,0.8798893900545935,0,0.0013519619046719021,0.9980747807340489,551
0,1048576,1,0.3136270971228259,0,0.0013519619046719021,0.9980747807340489,552
0,1048576,1,0.5277604942854309,0,0.0013519619046719021,0.9980747807340489,553
0,1048576,1,0.7251840620425214,0,0.0013519619046719021,0.9980747807340489,554
0,1048576,1,0.4101614599950112,0,0.0013519619046719021,0.9980747807340489,555
0,1048576,1,0.23302383656715744,0,0.0013519619046719021,0.9980747807340489,556
0,1048576,1,0.09503617619653376,0,0.0013519619046719021,0.9980747807340489,557
0,1048576,1,0.11549420939786421,0,0.0013519619046719021,0.9980747807340489,558
0,1048576,1,0.16351472074271897,0,0.0013519619046719021,0.9980747807340489,559
0,1048576,1,0.5739297098951193,0,0.0013519619046719021,0.9980747807340489,560
0,1048576,1,0.4174553433575702,0,0.0013519619046719021,0.9980747807340489,561
0,1048576,1,0.8941549803397458,0,0.0013519619046719021,0.9980747807340489,562
0,1048576,1,0.20535206977222153,0,0.0013519619046719021,0.9980747807340489,563
0,1048576,1,0.6159438016272543,0,0.0013519619046719021,0.9980747807340489,564
0,1048576,1,0.8752687054164157,0,0.0013519619046719021,0.9980747807340489,565
0,1048576,1,0.607093968153576,0,0.0013519619046719021,0.9980747807340489,566
0,1048576,1,0.9072166174251309,0,0.0013519619046719021,0.9980747807340489,567
0,1048576,1,0.19367758976682414,0,0.0013519619046719021,0.9980747807340489,568
0,1048576,1,0.884139813264013,0,0.0013519619046719021,0.9980747807340489,569
0,1048576,1,0.9524604633384911,0,0.0013519619046719021,0.9980747807340489,570
0,1048576,1,0.9014541121998271,0,0.0013519619046719021,0.9980747807340489,571
0,1048576,1,0.9465235382466427,0,0.0013519619046719021,0.9980747807340489,572
0,1048576,1,0.3573711697657425,0,0.0013519619046719021,0.9980747807340489,573
0,1048576,1,0.04762094121167297,0,0.0013519619046719021,0.9980747807340489,574
0,1048576,1,0.8412368862920804,0,0.0013519619046719021,0.9980747807340489,575
0,1048576,1,0.5671506840688891,0,0.0013519619046719021,0.9980747807340489,576
0,1048576,1,0.852108512989121,0,0.0013519619046719021,0.9980747807340489,577
0,1048576,1,0.2900101267194237,0,0.0013519619046719021,0.9980747807340489,578
0,1048576,1,0.20174845357024715,0,0.0013519619046719021,0.9980747807340489,579
0,1048576,1,0.5865619307081751,0,0.0013519619046719021,0.9980747807340489,580
0,1048576,1,0.7681915197216775,0,0.0013519619046719021,0.9980747807340489,581
0,1048576,1,0.31370971129764513,0,0.0013519619046719021,0.9980747807340489,582
0,1048576,1,0.8194173115148365,0,0.0013519619046719021,0.9980747807340489,583
0,1048576,1,0.36823317369109987,0,0.0013519619046719021,0.9980747807340489,584
0,1048576,1,0.13518440249099464,0,0.0013519619046719021,0.9980747807340489,585
0,1048576,1,0.23618618537329236,0,0.0013519619046719021,0.9980747807340489,586
0,1048576,1,0.7203594915157849,0,0.0013519619046719021,0.9980747807340489,587
0,1048576,1,0.6008908969630936,0,0.0013519619046719021,0.9980747807340489,588
0,1048576,1,0.5836915115676322,0,0.0013519619046719021,0.9980747807340489,589
0,1048576,1,0.4439428402825165,0,0.0013519619046719021,0.9980747807340489,590
0,1048576,1,0.32768740554278836,0,0.0013519619046719021,0.9980747807340489,591
0,1048576,1,0.5899245561123538,0,0.0013519619046719021,0.9980747807340489,592
0,1048576,1,0.09146047924225513,0,0.0013519619046719021,0.9980747807340489,593
0,1048576,1,0.364343946168791,0,0.0013519619046719021,0.9980747807340489,594
0,1048576,1,0.9646526082154817,0,0.0013519619046719021,0.9980747807340489,595
0,1048576,1,0.24723082862884868,0,0.0013519619046719021,0.9980747807340489,596
0,1048576,1,0.6424148653330022,0,0.0013519619046719021,0.9980747807340489,597
0,1048576,1,0.14677247956394157,0,0.0013519619046719021,0.9980747807340489,598
0,1048576,1,0.49439183911014883,0,0.0013519619046719021,0.9980747807340489,599
0,1048576,1,0.5824917488536142,0,0.0013519619046719021,0.9980747807340489,600
0,1048576,1,0.335326594189078,0,0.0013519619046719021,0.9980747807340489,601
0,1048576,1,0.00739105460500166,0,0.0013519619046719021,0.9980747807340489,602
0,1048576,1,0.40911462780803404,0,0.0013519619046719021,0.9980747807340489,603
0,1048576,1,0.06744749345072282,0,0.0013519619046719021,0.9980747807340489,604
0,1048576,1,0.5279740892305655,0,0.0013519619046719021,0.9980747807340489,605
0,1048576,1,0.11811340410724926,0,0.0013519619046719021,0.9980747807340489,606
0,1048576,1,0.04831536641767546,0,0.0013519619046719021,0.9980747807340489,607
0,1048576,1,0.4029115612908185,0,0.0013519619046719021,0.9980747807340489,608
0,1048576,1,0.9627846144490668,0,0.0013519619046719021,0.9980747807340489,609
0,1048576,1,0.07028507677043219,0,0.0013519619046719021,0.9980747807340489,610
0,1048576,1,0.8240219804911544,0,0.0013519619046719021,0.9980747807340489,611
0,1048576,1,0.5028271964940205,0,0.0013519619046719021,0.9980747807340489,612
0,1048576,1,0.3304251523709581,0,0.0013519619046719021,0.9980747807340489,613
0,1048576,1,0.1638498845577995,0,0.0013519619046719021,0.9980747807340489,614
0,1048576,1,0.5714586870862817,0,0.0013519619046719021,0.9980747807340489,615
0,1048576,1,0.956468500255477,0,0.0013519619046719021,0.9980747807340489,616
0,1048576,1,0.25686653261078024,0,0.0013519619046719021,0.9980747807340489,617
0,1048576,1,0.6370673405195253,0,0.0013519619046719021,0.9980747807340489,618
0,1048576,1,0.7105905476983001,0,0.0013519619046719021,0.9980747807340489,619
0,1048576,1,0.9917471987063641,0,0.0013519619046719021,0.9980747807340489,620
0,1048576,1,0.8371720382045587,0,0.0013519619046719021,0.9980747807340489,621
0,1048576,1,0.0714155345082311,0,0.0013519619046719021,0.9980747807340489,622
0,1048576,1,0.8971475036476454,0,0.0013519619046719021,0.9980747807340489,623
0,1048576,1,0.3716501058374336,0,0.0013519619046719021,0.9980747807340489,624
0,1048576,1,0.39515893136413655,0,0.0013519619046719021,0.9980747807340489,625
0,1048576,1,0.08340442764426013,0,0.0013519619046719021,0.9980747807340489,626
0,1048576,1,0.2723101402762662,0,0.0013519619046719021,0.9980747807340489,627
0,1048576,1,0.9220910734053303,0,0.0013519619046719021,0.9980747807340489,628
0,1048576,1,0.17836944484738118,0,0.0013519619046719021,0.9980747807340489,629
0,1048576,1,0.9232904888225378,0,0.0013519619046719021,0.9980747807340489,630
0,1048576,1,0.1881102664415173,0,0.0013519619046719021,0.9980747807340489,631
0,1048576,1,0.4203640188477663,0,0.0013519619046719021,0.9980747807340489,632
0,1048576,1,0.665714818183053,0,0.0013519619046719021,0.9980747807340489,633
0,1048576,1,0.796588711434447,0,0.0013519619046719021,0.9980747807340489,634
0,1048576,1,0.9328824580311375,0,0.0013519619046719021,0.9980747807340489,635
0,1048576,1,0.7404468130083208,0,0.0013519619046719021,0.9980747807340489,636
0,1048576,1,0.6328243782325005,0,0.0013519619046719021,0.9980747807340489,637
0,1048576,1,0.6586726962989042,0,0.0013519619046719021,0.9980747807340489,638
0,1048576,1,0.1310502160060353,0,0.0013519619046719021,0.9980747807340489,639
0,1048576,1,0.15541885574933148,0,0.0013519619046719021,0.9980747807340489,640
0,1048576,1,0.08523155098724713,0,0.0013519619046719021,0.9980747807340489,641
0,1048576,1,0.2973408333480225,0,0.0013519619046719021,0.9980747807340489,642
0,1048576,1,0.8212327908239525,0,0.0013519619046719021,0.9980747807340489,643
0,1048576,1,0.23961766859227687,0,0.0013519619046719021,0.9980747807340489,644
0,1048576,1,0.7722112503626586,0,0.0013519619046719021,0.9980747807340489,645
0,1048576,1,0.4692647531293088,0,0.0013519619046719021,0.9980747807340489,646
0,1048576,1,0.01731551000356303,0,0.0013519619046719021,0.9980747807340489,647
0,1048576,1,0.276376340402304,0,0.0013519619046719021,0.9980747807340489,648
0,1048576,1,0.527180661284817,0,0.0013519619046719021,0.9980747807340489,649
0,1048576,1,0.6663893484172638,0,0.0013519619046719021,0.9980747807340489,650
0,1048576,1,0.21730358531013066,0,0.0013519619046719021,0.9980747807340489,651
0,1048576,1,0.38752174129329114,0,0.0013519619046719021,0.9980747807340489,652
0,1048576,1,0.5029510055628013,0,0.0013519619046719021,0.9980747807340489,653
0,1048576,1,0.1497507278410538,0,0.0013519619046719021,0.9980747807340489,654
0,1048576,1,0.4655862903614898,0,0.0013519619046719021,0.9980747807340489,655
0,1048576,1,0.6779258198344802,0,0.0013519619046719021,0.9980747807340489,656
0,1048576,1,0.3519375943028352,0,0.0013519619046719021,0.9980747807340489,657
0,1048576,1,0.9462263819037866,0,0.0013519619046719021,0.9980747807340489,658
0,1048576,1,0.28115324023008464,0,0.0013519619046719021,0.9980747807340489,659
0,1048576,1,0.6872338332637575,0,0.0013519619046719021,0.9980747807340489,660
0,1048576,1,0.27571123451921065,0,0.0013519619046719021,0.9980747807340489,661
0,1048576,1,0.5268427068090842,0,0.0013519619046719021,0.9980747807340489,662
0,1048576,1,0.42072164001210866,0,0.0013519619046719021,0.9980747807340489,663
0,1048576,1,0.7876645732458154,0,0.0013519619046719021,0.9980747807340489,664
0,1048576,1,0.7681862854952697,0,0.0013519619046719021,0.9980747807340489,665
0,1048576,1,0.9997718322981984,0,0.0013519619046719021,0.9997718322981984,666
0,1048576,1,0.8190955506941806,0,0.0013519619046719021,0.9997718322981984,667
0,1048576,1,0.9560071294785932,0,0.0013519619046719021,0.9997718322981984,668
0,1048576,1,0.46869158920042,0,0.0013519619046719021,0.9997718322981984,669
0,1048576,1,0.3438703963742955,0,0.0013519619046719021,0.9997718322981984,670
0,1048576,1,0.542659607095131,0,0.0013519619046719021,0.9997718322981984,671
0,1048576,1,0.9492905026238566,0,0.0013519619046719021,0.9997718322981984,672
0,1048576,1,0.5925809955537021,0,0.0013519619046719021,0.9997718322981984,673
0,1048576,1,0.056849325888835525,0,0.0013519619046719021,0.9997718322981984,674
0,1048576,1,0.6189587505982073,0,0.0013519619046719021,0.9997718322981984,675
0,1048576,1,0.35069230454112493,0,0.0013519619046719021,0.9997718322981984,676
0,1048576,1,0.3891644714647331,0,0.0013519619046719021,0.9997718322981984,677
0,1048576,1,0.18632028793064448,0,0.0013519619046719021,0.9997718322981984,678
0,1048576,1,0.45891809368844094,0,0.0013519619046719021,0.9997718322981984,679
0,1048576,1,0.5126618828205916,0,0.0013519619046719021,0.9997718322981984,680
0,1048576,1,0.7238288627219018,0,0.0013519619046719021,0.9997718322981984,681
0,1048576,1,0.35702560094462665,0,0.0013519619046719021,0.9997718322981984,682
0,1048576,1,0.43492473522604025,0,0.0013519619046719021,0.9997718322981984,683
0,1048576,1,0.12222294760415114,0,0.0013519619046719021,0.9997718322981984,684
0,1048576,1,0.6379479672032502,0,0.0013519619046719021,0.9997718322981984,685
0,1048576,1,0.5786168731164817,0,0.0013519619046719021,0.9997718322981984,686
0,1048576,1,0.18688305582161735,0,0.0013519619046719021,0.9997718322981984,687
0,1048576,1,0.09144113826838823,0,0.0013519619046719021,0.9997718322981984,688
0,1048576,1,0.9820135617070251,0,0.0013519619046719021,0.9997718322981984,689
0,1048576,1,0.09597189459374104,0,0.0013519619046719021,0.9997718322981984,690
0,1048576,1,0.1505646445454421,0,0.0013519619046719021,0.9997718322981984,691
0,1048576,1,0.5707309187105677,0,0.0013519619046719021,0.9997718322981984,692
0,1048576,1,0.21509662966097154,0,0.0013519619046719021,0.9997718322981984,693
0,1048576,1,0.0590570491554439,0,0.0013519619046719021,0.9997718322981984,694
0,1048576,1,0.3836041499256699,0,0.0013519619046719021,0.9997718322981984,695
0,1048576,1,0.32430196787143317,0,0.0013519619046719021,0.9997718322981984,696
0,1048576,1,0.34814711631462414,0,0.0013519619046719021,0.9997718322981984,697
0,1048576,1,0.09542843271055841,0,0.0013519619046719021,0.9997718322981984,698
0,1048576,1,0.40786835599308063,0,0.0013519619046719021,0.9997718322981984,699
0,1048576,1,0.7825710873221807,0,0.0013519619046719021,0.9997718322981984,700
0,1048576,1,0.5876037583366612,0,0.0013519619046719021,0.9997718322981984,701
0,1048576,1,0.16159536248154102,0,0.0013519619046719021,0.9997718322981984,702
0,1048576,1,0.411305064968799,0,0.0013519619046719021,0.9997718322981984,703
0,1048576,1,0.6028112662972003,0,0.0013519619046719021,0.9997718322981984,704
0,1048576,1,0.5772638147443656,0,0.0013519619046719021,0.9997718322981984,705
0,1048576,1,0.9259832637436309,0,0.0013519619046719021,0.9997718322981984,706
0,1048576,1,0.2829664536322506,0,0.0013519619046719021,0.9997718322981984,707
0,1048576,1,0.202676186170875,0,0.0013519619046719021,0.9997718322981984,708
0,1048576,1,0.5912363658776091,0,0.0013519619046719021,0.9997718322981984,709
0,1048576,1,0.4671029655602912,0,0.0013519619046719021,0.9997718322981984,710
0,1048576,1,0.23918747066065635,0,0.0013519619046719021,0.9997718322981984,711
0,1048576,1,0.5764688104965421,0,0.0013519619046719021,0.9997718322981984,712
0,1048576,1,0.26095268627415635,0,0.0013519619046719021,0.9997718322981984,713
0,1048576,1,0.07283806235570998,0,0.0013519619046719021,0.9997718322981984,714
0,1048576,1,0.16886369055998093,0,0.0013519619046719021,0.9997718322981984,715
0,1048576,1,0.3706070587742509,0,0.0013519619046719021,0.9997718322981984,716
0,1048576,1,0.17022002286880447,0,0.0013519619046719021,0.9997718322981984,717
0,1048576,1,0.5530440010238821,0,0.0013519619046719021,0.9997718322981984,718
0,1048576,1,0.7065023302791683,0,0.0013519619046719021,0.9997718322981984,719
0,1048576,1,0.408812776415184,0,0.0013519619046719021,0.9997718322981984,720
0,1048576,1,0.0878378547674522,0,0.0013519619046719021,0.9997718322981984,721
0,1048576,1,0.670416091787579,0,0.0013519619046719021,0.9997718322981984,722
0,1048576,1,0.49749288275879067,0,0.0013519619046719021,0.9997718322981984,723
0,1048576,1,0.6423548447676344,0,0.0013519619046719021,0.9997718322981984,724
0,1048576,1,0.3854619560110495,0,0.0013519619046719021,0.9997718322981984,725
0,1048576,1,0.3947619346070398,0,0.0013519619046719021,0.9997718322981984,726
0,1048576,1,0.40371200026388915,0,0.0013519619046719021,0.9997718322981984,727
0,1048576,1,0.8472636153571117,0,0.0013519619046719021,0.9997718322981984,728
0,1048576,1,0.8505741967527274,0,0.0013519619046719021,0.9997718322981984,729
0,1048576,1,0.6735239346857727,0,0.0013519619046719021,0.9997718322981984,730
0,1048576,1,0.6477123960869329,0,0.0013519619046719021,0.9997718322981984,731
0,1048576,1,0.19554296765569631,0,0.0013519619046719021,0.9997718322981984,732
0,1048576,1,0.8207690427729988,0,0.0013519619046719021,0.9997718322981984,733
0,1048576,1,0.48555328853219226,0,0.0013519619046719021,0.9997718322981984,734
0,1048576,1,0.34164993452620374,0,0.0013519619046719021,0.9997718322981984,735
0,1048576,1,0.8379438934023815,0,0.0013519619046719021,0.9997718322981984,736
0,1048576,1,0.9614326542061153,0,0.0013519619046719021,0.9997718322981984,737
0,1048576,1,0.41266644107701583,0,0.0013519619046719021,0.9997718322981984,738
0,1048576,1,0.9721388270754234,0,0.0013519619046719021,0.9997718322981984,739
0,1048576,1,0.8263253374907911,0,0.0013519619046719021,0.9997718322981984,740
0,1048576,1,0.5956334210240115,0,0.0013519619046719021,0.9997718322981984,741
0,1048576,1,0.18031478154803512,0,0.0013519619046719021,0.9997718322981984,742
0,1048576,1,0.6203987982751077,0,0.0013519619046719021,0.9997718322981984,743
0,1048576,1,0.9076045400634721,0,0.0013519619046719021,0.9997718322981984,744
0,1048576,1,0.06785029133640723,0,0.0013519619046719021,0.9997718322981984,745
0,1048576,1,0.40085531563983084,0,0.0013519619046719021,0.9997718322981984,746
0,1048576,1,0.023539418637192378,0,0.0013519619046719021,0.9997718322981984,747
0,1048576,1,0.39044503186749824,0,0.0013519619046719021,0.9997718322981984,748
0,1048576,1,0.24919919900658197,0,0.0013519619046719021,0.9997718322981984,749
0,1048576,1,0.41041586334793645,0,0.0013519619046719021,0.9997718322981984,750
0,1048576,1,0.8118745064153988,0,0.0013519619046719021,0.9997718322981984,751
0,1048576,1,0.6592320609119673,0,0.0013519619046719021,0.9997718322981984,752
0,1048576,1,0.1517346270663167,0,0.0013519619046719021,0.9997718322981984,753
0,1048576,1,0.2065221378072155,0,0.0013519619046719021,0.9997718322981984,754
0,1048576,1,0.5986577102986391,0,0.0013519619046719021,0.9997718322981984,755
0,1048576,1,0.5286591572247343,0,0.0013519619046719021,0.9997718322981984,756
0,1048576,1,0.14539019805682946,0,0.0013519619046719021,0.9997718322981984,757
0,1048576,1,0.008686328844187454,0,0.0013519619046719021,0.9997718322981984,758
0,1048576,1,0.5724291120788563,0,0.0013519619046719021,0.9997718322981984,759
0,1048576,1,0.047879066270997674,0,0.0013519619046719021,0.9997718322981984,760
0,1048576,1,0.010933341848503166,0,0.0013519619046719021,0.9997718322981984,761
0,1048576,1,0.4602166443002138,0,0.0013519619046719021,0.9997718322981984,762
0,1048576,1,0.9587583344606946,0,0.0013519619046719021,0.9997718322981984,763
0,1048576,1,0.8510415213379408,0,0.0013519619046719021,0.9997718322981984,764
0,1048576,1,0.07866986796263895,0,0.0013519619046719021,0.9997718322981984,765
0,1048576,1,0.8881608377733109,0,0.0013519619046719021,0.9997718322981984,766
0,1048576,1,0.3465049463518054,0,0.0013519619046719021,0.9997718322981984,767
0,1048576,1,0.006582434498472912,0,0.0013519619046719021,0.9997718322981984,768
0,1048576,1,0.42716191577969154,0,0.0013519619046719021,0.9997718322981984,769
0,1048576,1,0.6410579931707703,0,0.0013519619046719021,0.9997718322981984,770
0,1048576,1,0.15308290407383138,0,0.0013519619046719021,0.9997718322981984,771
0,1048576,1,0.6063564802108754,0,0.0013519619046719021,0.9997718322981984,772
0,1048576,1,0.8643075638999048,0,0.0013519619046719021,0.9997718322981984,773
0,1048576,1,0.39292437069583824,0,0.0013519619046719021,0.9997718322981984,774
0,1048576,1,0.13092582341181877,0,0.0013519619046719021,0.9997718322981984,775
0,1048576,1,0.8696964818918023,0,0.0013519619046719021,0.9997718322981984,776
0,1048576,1,0.471744540164554,0,0.0013519619046719021,0.9997718322981984,777
0,1048576,1,0.06617694495707364,0,0.0013519619046719021,0.9997718322981984,778
0,1048576,1,0.6730776813705663,0,0.0013519619046719021,0.9997718322981984,779
0,1048576,1,0.27679426510696953,0,0.0013519619046719021,0.9997718322981984,780
0,1048576,1,0.3136412221015979,0,0.0013519619046719021,0.9997718322981984,781
0,1048576,1,0.5084396339948996,0,0.0013519619046719021,0.9997718322981984,782
0,1048576,1,0.6464470963084061,0,0.0013519619046719021,0.9997718322981984,783
0,1048576,1,0.1967987406984558,0,0.0013519619046719021,0.9997718322981984,784
0,1048576,1,0.10244939524727818,0,0.0013519619046719021,0.9997718322981984,785
0,1048576,1,0.02620263625416839,0,0.0013519619046719021,0.9997718322981984,786
0,1048576,1,0.44545820068510766,0,0.0013519619046719021,0.9997718322981984,787
0,1048576,1,0.7090467928975517,0,0.0013519619046719021,0.9997718322981984,788
0,1048576,1,0.5818694514731095,0,0.0013519619046719021,0.9997718322981984,789
0,1048576,1,0.651064276555922,0,0.0013519619046719021,0.9997718322981984,790
0,1048576,1,0.25569003262976625,0,0.0013519619046719021,0.9997718322981984,791
0,1048576,1,0.9411082190761074,0,0.0013519619046719021,0.9997718322981984,792
0,1048576,1,0.14705287148555524,0,0.0013519619046719021,0.9997718322981984,793
0,1048576,1,0.8421775768784919,0,0.0013519619046719021,0.9997718322981984,794
0,1048576,1,0.1339450007310487,0,0.0013519619046719021,0.9997718322981984,795
0,1048576,1,0.49892673785709185,0,0.0013519619046719021,0.9997718322981984,796
0,1048576,1,0.301901172155673,0,0.0013519619046719021,0.9997718322981984,797
0,1048576,1,0.231873813054555,0,0.0013519619046719021,0.9997718322981984,798
0,1048576,1,0.2967830107267307,0,0.0013519619046719021,0.9997718322981984,799
0,1048576,1,0.40655677824371883,0,0.0013519619046719021,0.9997718322981984,800
0,1048576,1,0.5343354118434391,0,0.0013519619046719021,0.9997718322981984,801
0,1048576,1,0.5690530807190135,0,0.0013519619046719021,0.9997718322981984,802
0,1048576,1,0.6719409207989193,0,0.0013519619046719021,0.9997718322981984,803
0,1048576,1,0.9256637789445497,0,0.0013519619046719021,0.9997718322981984,804
0,1048576,1,0.6250747104808498,0,0.0013519619046719021,0.9997718322981984,805
0,1048576,1,0.552070619301731,0,0.0013519619046719021,0.9997718322981984,806
0,1048576,1,0.16994897122579414,0,0.0013519619046719021,0.9997718322981984,807
0,1048576,1,0.16397122389504695,0,0.0013519619046719021,0.9997718322981984,808
0,1048576,1,0.9636517329495459,0,0.0013519619046719021,0.9997718322981984,809
0,1048576,1,0.7854309270548367,0,0.0013519619046719021,0.9997718322981984,810
0,1048576,1,0.8237103115818023,0,0.0013519619046719021,0.9997718322981984,811
0,1048576,1,0.2679020623841574,0,0.0013519619046719021,0.9997718322981984,812
0,1048576,1,0.7899065658811224,0,0.0013519619046719021,0.9997718322981984,813
0,1048576,1,0.285047197202255,0,0.0013519619046719021,0.9997718322981984,814
0,1048576,1,0.652958173009506,0,0.0013519619046719021,0.9997718322981984,815
0,1048576,1,0.10063013411673304,0,0.0013519619046719021,0.9997718322981984,816
0,1048576,1,0.4548799939504641,0,0.0013519619046719021,0.9997718322981984,817
0,1048576,1,0.4116404845082993,0,0.0013519619046719021,0.9997718322981984,818
0,1048576,1,0.12564294259290446,0,0.0013519619046719021,0.9997718322981984,819
0,1048576,1,0.9876099292244194,0,0.0013519619046719021,0.9997718322981984,820
0,1048576,1,0.9600373753925608,0,0.0013519619046719021,0.9997718322981984,821
0,1048576,1,0.9856558503872043,0,0.0013519619046719021,0.9997718322981984,822
0,1048576,1,0.015193389863006362,0,0.0013519619046719021,0.9997718322981984,823
0,1048576,1,0.15501638737841106,0,0.0013519619046719021,0.9997718322981984,824
0,1048576,1,0.03629795672636126,0,0.0013519619046719021,0.9997718322981984,825
0,1048576,1,0.01165078814079424,0,0.0013519619046719021,0.9997718322981984,826
0,1048576,1,0.7453865239845285,0,0.0013519619046719021,0.9997718322981984,827
0,1048576,1,0.17235471728995777,0,0.0013519619046719021,0.9997718322981984,828
0,1048576,1,0.922901319648398,0,0.0013519619046719021,0.9997718322981984,829
0,1048576,1,0.8530416698778003,0,0.0013519619046719021,0.9997718322981984,830
0,1048576,1,0.7572071860517298,0,0.0013519619046719021,0.9997718322981984,831
0,1048576,1,0.21122835208132046,0,0.0013519619046719021,0.9997718322981984,832
0,1048576,1,0.07734521519020046,0,0.0013519619046719021,0.9997718322981984,833
0,1048576,1,0.0645234219720569,0,0.0013519619046719021,0.9997718322981984,834
0,1048576,1,0.6659409519840622,0,0.0013519619046719021,0.9997718322981984,835
0,1048576,1,0.8033549110765048,0,0.0013519619046719021,0.9997718322981984,836
0,1048576,1,0.3889265939231967,0,0.0013519619046719021,0.9997718322981984,837
0,1048576,1,0.3083641735051834,0,0.0013519619046719021,0.9997718322981984,838
0,1048576,1,0.7982545267396897,0,0.0013519619046719021,0.9997718322981984,839
0,1048576,1,0.5956886351438608,0,0.0013519619046719021,0.9997718322981984,840
0,1048576,1,0.7167623878465194,0,0.0013519619046719021,0.9997718322981984,841
0,1048576,1,0.4257958161483837,0,0.0013519619046719021,0.9997718322981984,842
0,1048576,1,0.19631920196422897,0,0.0013519619046719021,0.9997718322981984,843
0,1048576,1,0.6399674571108043,0,0.0013519619046719021,0.9997718322981984,844
0,1048576,1,0.06669546763774956,0,0.0013519619046719021,0.9997718322981984,845
0,1048576,1,0.8964067058676194,0,0.0013519619046719021,0.9997718322981984,846
0,1048576,1,0.6534198375605916,0,0.0013519619046719021,0.9997718322981984,847
0,1048576,1,0.2994366959531341,0,0.0013519619046719021,0.9997718322981984,848
0,1048576,1,0.0452400967813306,0,0.0013519619046719021,0.9997718322981984,849
0,1048576,1,0.9189032440532999,0,0.0013519619046719021,0.9997718322981984,850
0,1048576,1,0.6858615174700995,0,0.0013519619046719021,0.9997718322981984,851
0,1048576,1,0.5611154365119417,0,0.0013519619046719021,0.9997718322981984,852
0,1048576,1,0.5894212396416698,0,0.0013519619046719021,0.9997718322981984,853
0,1048576,1,0.9748890404603973,0,0.0013519619046719021,0.9997718322981984,854
0,1048576,1,0.700362230387028,0,0.0013519619046719021,0.9997718322981984,855
0,1048576,1,0.6105850841351195,0,0.0013519619046719021,0.9997718322981984,856
0,1048576,1,0.5098680170111819,0,0.0013519619046719021,0.9997718322981984,857
0,1048576,1,0.5302030103529771,0,0.0013519619046719021,0.9997718322981984,858
0,1048576,1,0.8440305782337222,0,0.0013519619046719021,0.9997718322981984,859
0,1048576,1,0.12568360883066293,0,0.0013519619046719021,0.9997718322981984,860
0,1048576,1,0.4645361666702492,0,0.0013519619046719021,0.9997718322981984,861
0,1048576,1,0.8789219593438141,0,0.0013519619046719021,0.9997718322981984,862
0,1048576,1,0.057705878537322224,0,0.0013519619046719021,0.9997718322981984,863
0,1048576,1,0.2514279972162913,0,0.0013519619046719021,0.9997718322981984,864
0,1048576,1,0.1963596842697016,0,0.0013519619046719021,0.9997718322981984,865
0,1048576,1,0.9142773899354759,0,0.0013519619046719021,0.9997718322981984,866
0,1048576,1,0.546031361225612,0,0.0013519619046719021,0.9997718322981984,867
0,1048576,1,0.3465774673518884,0,0.0013519619046719021,0.9997718322981984,868
0,1048576,1,0.5740162344948524,0,0.0013519619046719021,0.9997718322981984,869
0,1048576,1,0.2175984887650954,0,0.0013519619046719021,0.9997718322981984,870
0,1048576,1,0.7789136326985021,0,0.0013519619046719021,0.9997718322981984,871
0,1048576,1,0.46270680101311956,0,0.0013519619046719021,0.9997718322981984,872
0,1048576,1,0.0634381573517748,0,0.0013519619046719021,0.9997718322981984,873
0,1048576,1,0.9615699379379431,0,0.0013519619046719021,0.9997718322981984,874
0,1048576,1,0.31603119661382834,0,0.0013519619046719021,0.9997718322981984,875
0,1048576,1,0.9230983821737956,0,0.0013519619046719021,0.9997718322981984,876
0,1048576,1,0.007562751402005616,0,0.0013519619046719021,0.9997718322981984,877
0,1048576,1,0.4468843303430665,0,0.0013519619046719021,0.9997718322981984,878
0,1048576,1,0.8400286168594022,0,0.0013519619046719021,0.9997718322981984,879
0,1048576,1,0.024505780182872368,0,0.0013519619046719021,0.9997718322981984,880
0,1048576,1,0.5738719295867607,0,0.0013519619046719021,0.9997718322981984,881
0,1048576,1,0.1531943975715578,0,0.0013519619046719021,0.9997718322981984,882
0,1048576,1,0.0049091069442520055,0,0.0013519619046719021,0.9997718322981984,883
0,1048576,1,0.9604295226795381,0,0.0013519619046719021,0.9997718322981984,884
0,1048576,1,0.4673854834643856,0,0.0013519619046719021,0.9997718322981984,885
0,1048576,1,0.16479183616714196,0,0.0013519619046719021,0.9997718322981984,886
0,1048576,1,0.9344227114906442,0,0.0013519619046719021,0.9997718322981984,887
0,1048576,1,0.08002566308257703,0,0.0013519619046719021,0.9997718322981984,888
0,1048576,1,0.09348028628761074,0,0.0013519619046719021,0.9997718322981984,889
0,1048576,1,0.030642750428583533,0,0.0013519619046719021,0.9997718322981984,890
0,1048576,1,0.12341441674773004,0,0.0013519619046719021,0.9997718322981984,891
0,1048576,1,0.07886620356785237,0,0.0013519619046719021,0.9997718322981984,892
0,1048576,1,0.7561712258083492,0,0.0013519619046719021,0.9997718322981984,893
0,1048576,1,0.5307400267153788,0,0.0013519619046719021,0.9997718322981984,894
0,1048576,1,0.8677147319376395,0,0.0013519619046719021,0.9997718322981984,895
0,1048576,1,0.21731492564869082,0,0.0013519619046719021,0.9997718322981984,896
0,1048576,1,0.5979995597299382,0,0.0013519619046719021,0.9997718322981984,897
0,1048576,1,0.6719582769194684,0,0.0013519619046719021,0.9997718322981984,898
0,1048576,1,0.005977625890180503,0,0.0013519619046719021,0.9997718322981984,899
0,1048576,1,0.06955822580539142,0,0.0013519619046719021,0.9997718322981984,900
0,1048576,1,0.6580113210899857,0,0.0013519619046719021,0.9997718322981984,901
0,1048576,1,0.2674290221936526,0,0.0013519619046719021,0.9997718322981984,902
0,1048576,1,0.22497047225656333,0,0.0013519619046719021,0.9997718322981984,903
0,1048576,1,0.81153247138989,0,0.0013519619046719021,0.9997718322981984,904
0,1048576,1,0.14727404101710445,0,0.0013519619046719021,0.9997718322981984,905
0,1048576,1,0.1274347202369988,0,0.0013519619046719021,0.9997718322981984,906
0,1048576,1,0.09454448889477754,0,0.0013519619046719021,0.9997718322981984,907
0,1048576,1,0.7589190277165667,0,0.0013519619046719021,0.9997718322981984,908
0,1048576,1,0.6409003373776079,0,0.0013519619046719021,0.9997718322981984,909
0,1048576,1,0.5308754725660567,0,0.0013519619046719021,0.9997718322981984,910
0,1048576,1,0.24493741290643772,0,0.0013519619046719021,0.9997718322981984,911
0,1048576,1,0.7261792523004371,0,0.0013519619046719021,0.9997718322981984,912
0,1048576,1,0.9596380839882953,0,0.0013519619046719021,0.9997718322981984,913
0,1048576,1,0.32070840490519126,0,0.0013519619046719021,0.9997718322981984,914
0,1048576,1,0.9749557568203236,0,0.0013519619046719021,0.9997718322981984,915
0,1048576,1,0.9874795085972878,0,0.0013519619046719021,0.9997718322981984,916
0,1048576,1,0.474476808066129,0,0.0013519619046719021,0.9997718322981984,917
0,1048576,1,0.6927752217680239,0,0.0013519619046719021,0.9997718322981984,918
0,1048576,1,0.30661491932074303,0,0.0013519619046719021,0.9997718322981984,919
0,1048576,1,0.36841448567633234,0,0.0013519619046719021,0.9997718322981984,920
0,1048576,1,0.06123924491810956,0,0.0013519619046719021,0.9997718322981984,921
0,1048576,1,0.24457130825368226,0,0.0013519619046719021,0.9997718322981984,922
0,1048576,1,0.2151082420388746,0,0.0013519619046719021,0.9997718322981984,923
0,1048576,1,0.935733118096055,0,0.0013519619046719021,0.9997718322981984,924
0,1048576,1,0.601124197026673,0,0.0013519619046719021,0.9997718322981984,925
0,1048576,1,0.4950865188148459,0,0.0013519619046719021,0.9997718322981984,926
0,1048576,1,0.9348844834956448,0,0.0013519619046719021,0.9997718322981984,927
0,1048576,1,0.7495837174839942,0,0.0013519619046719021,0.9997718322981984,928
0,1048576,1,0.9870756937786234,0,0.0013519619046719021,0.9997718322981984,929
0,1048576,1,0.7074485197180682,0,0.0013519619046719021,0.9997718322981984,930
0,1048576,1,0.33637533511075185,0,0.0013519619046719021,0.9997718322981984,931
0,1048576,1,0.2181166938450816,0,0.0013519619046719021,0.9997718322981984,932
0,1048576,1,0.5445339449723035,0,0.0013519619046719021,0.9997718322981984,933
0,1048576,1,0.4643698343734841,0,0.0013519619046719021,0.9997718322981984,934
0,1048576,1,0.052537584100804564,0,0.0013519619046719021,0.9997718322981984,935
0,1048576,1,0.8001351902098689,0,0.0013519619046719021,0.9997718322981984,936
0,1048576,1,0.9597621961233237,0,0.0013519619046719021,0.9997718322981984,937
0,1048576,1,0.26781205686502474,0,0.0013519619046719021,0.9997718322981984,938
0,1048576,1,0.14069057599233784,0,0.0013519619046719021,0.9997718322981984,939
0,1048576,1,0.9641331138812579,0,0.0013519619046719021,0.9997718322981984,940
0,1048576,1,0.9490203843037825,0,0.0013519619046719021,0.9997718322981984,941
0,1048576,1,0.2155479791905961,0,0.0013519619046719021,0.9997718322981984,942
0,1048576,1,0.8151687861650831,0,0.0013519619046719021,0.9997718322981984,943
0,1048576,1,0.3234316774544018,0,0.0013519619046719021,0.9997718322981984,944
0,1048576,1,0.9392098435390857,0,0.0013519619046719021,0.9997718322981984,945
0,1048576,1,0.6597694977438662,0,0.0013519619046719021,0.9997718322981984,946
0,1048576,1,0.7541278168590897,0,0.0013519619046719021,0.9997718322981984,947
0,1048576,1,0.8465354319189762,0,0.0013519619046719021,0.9997718322981984,948
0,1048576,1,0.043686850949745705,0,0.0013519619046719021,0.9997718322981984,949
0,1048576,1,0.025139678839410092,0,0.0013519619046719021,0.9997718322981984,950
0,1048576,1,0.7052624683094326,0,0.0013519619046719021,0.9997718322981984,951
0,1048576,1,0.4576874909583867,0,0.0013519619046719021,0.9997718322981984,952
0,1048576,1,0.67136726053754,0,0.0013519619046719021,0.9997718322981984,953
0,1048576,1,0.7299636607713662,0,0.0013519619046719021,0.9997718322981984,954
0,1048576,1,0.5107201225136835,0,0.0013519619046719021,0.9997718322981984,955
0,1048576,1,0.7578917085385652,0,0.0013519619046719021,0.9997718322981984,956
0,1048576,1,0.805396152280129,0,0.0013519619046719021,0.9997718322981984,957
0,1048576,1,0.9018942645727301,0,0.0013519619046719021,0.9997718322981984,958
0,1048576,1,0.438754304169252,0,0.0013519619046719021,0.9997718322981984,959
0,1048576,1,0.8729383066265088,0,0.0013519619046719021,0.9997718322981984,960
0,1048576,1,0.3145366895424495,0,0.0013519619046719021,0.9997718322981984,961
0,1048576,1,0.8732575523150423,0,0.0013519619046719021,0.9997718322981984,962
0,1048576,1,0.8417439014304287,0,0.0013519619046719021,0.9997718322981984,963
0,1048576,1,0.5865067972010772,0,0.0013519619046719021,0.9997718322981984,964
0,1048576,1,0.3702956071817498,0,0.0013519619046719021,0.9997718322981984,965
0,1048576,1,0.09721917703580628,0,0.0013519619046719021,0.9997718322981984,966
0,1048576,1,0.10279177241246411,0,0.0013519619046719021,0.9997718322981984,967
0,1048576,1,0.448660783740259,0,0.0013519619046719021,0.9997718322981984,968
0,1048576,1,0.1446963694274209,0,0.0013519619046719021,0.9997718322981984,969
0,1048576,1,0.010305559564771891,0,0.0013519619046719021,0.9997718322981984,970
0,1048576,1,0.4505768229732785,0,0.0013519619046719021,0.9997718322981984,971
0,1048576,1,0.24199098639880484,0,0.0013519619046719021,0.9997718322981984,972
0,1048576,1,0.6664559474873148,0,0.0013519619046719021,0.9997718322981984,973
0,1048576,1,0.6366421542727954,0,0.0013519619046719021,0.9997718322981984,974
0,1048576,1,0.28327768669066034,0,0.0013519619046719021,0.9997718322981984,975
0,1048576,1,0.8810455103612673,0,0.0013519619046719021,0.9997718322981984,976
0,1048576,1,0.3793030070459832,0,0.0013519619046719021,0.9997718322981984,977
0,1048576,1,0.456590074992802,0,0.0013519619046719021,0.9997718322981984,978
0,1048576,1,0.2305276721954449,0,0.0013519619046719021,0.9997718322981984,979
0,1048576,1,0.894845972922609,0,0.0013519619046719021,0.9997718322981984,980
0,1048576,1,0.014295024609860561,0,0.0013519619046719021,0.9997718322981984,981
0,1048576,1,0.7971991768505411,0,0.0013519619046719021,0.9997718322981984,982
0,1048576,1,0.9965431997776787,0,0.0013519619046719021,0.9997718322981984,983
0,1048576,1,0.24373502594127247,0,0.0013519619046719021,0.9997718322981984,984
0,1048576,1,0.38019956352953593,0,0.0013519619046719021,0.9997718322981984,985
0,1048576,1,0.9200764365000982,0,0.0013519619046719021,0.9997718322981984,986
0,1048576,1,0.22860957162609108,0,0.0013519619046719021,0.9997718322981984,987
0,1048576,1,0.04748662397825127,0,0.0013519619046719021,0.9997718322981984,988
0,1048576,1,0.4918662261965894,0,0.0013519619046719021,0.9997718322981984,989
0,1048576,1,0.9143017174452359,0,0.0013519619046719021,0.9997718322981984,990
0,1048576,1,0.24894565958622847,0,0.0013519619046719021,0.9997718322981984,991
0,1048576,1,0.9332822185489792,0,0.0013519619046719021,0.9997718322981984,992
0,1048576,1,0.15857250327241815,0,0.0013519619046719021,0.9997718322981984,993
0,1048576,1,0.5116163524182885,0,0.0013519619046719021,0.9997718322981984,994
0,1048576,1,0.9854850052825826,0,0.0013519619046719021,0.9997718322981984,995
0,1048576,1,0.4646573980341486,0,0.0013519619046719021,0.9997718322981984,996
0,1048576,1,0.98369837686424,0,0.0013519619046719021,0.9997718322981984,997
0,1048576,1,0.09637142023095485,0,0.0013519619046719021,0.9997718322981984,998
0,1048576,1,0.8360480855058141,0,0.0013519619046719021,0.9997718322981984,999
0,1048576,1,0.9323852210073863,0,0.0013519619046719021,0.9997718322981984,1000
0,1048576,1,0.30310834927439195,0,0.0013519619046719021,0.9997718322981984,1001
0,1048576,1,0.7879978529079604,0,0.0013519619046719021,0.9997718322981984,1002
0,1048576,1,0.3542075549599369,0,0.0013519619046719021,0.9997718322981984,1003
0,1048576,1,0.6293732461690067,0,0.0013519619046719021,0.9997718322981984,1004
0,1048576,1,0.9734470842303805,0,0.0013519619046719021,0.9997718322981984,1005
0,1048576,1,0.6457222693382814,0,0.0013519619046719021,0.9997718322981984,1006
0,1048576,1,0.4612061250852303,0,0.0013519619046719021,0.9997718322981984,1007
0,1048576,1,0.24889131330798847,0,0.0013519619046719021,0.9997718322981984,1008
0,1048576,1,0.4755735317948011,0,0.0013519619046719021,0.9997718322981984,1009
0,1048576,1,0.18301192209691705,0,0.0013519619046719021,0.9997718322981984,1010
0,1048576,1,0.24985222657583153,0,0.0013519619046719021,0.9997718322981984,1011
0,1048576,1,0.676008472653018,0,0.0013519619046719021,0.9997718322981984,1012
0,1048576,1,0.0935820201386731,0,0.0013519619046719021,0.9997718322981984,1013
0,1048576,1,0.34929210519701853,0,0.0013519619046719021,0.9997718322981984,1014
0,1048576,1,0.7655285222115262,0,0.0013519619046719021,0.9997718322981984,1015
0,1048576,1,0.4327130606352557,0,0.0013519619046719021,0.9997718322981984,1016
0,1048576,1,0.7710968029000227,0,0.0013519619046719021,0.9997718322981984,1017
0,1048576,1,0.7518200661976708,0,0.0013519619046719021,0.9997718322981984,1018
0,1048576,1,0.8447159184607048,0,0.0013519619046719021,0.9997718322981984,1019
0,1048576,1,0.14093958262111925,0,0.0013519619046719021,0.9997718322981984,1020
0,1048576,1,0.7476475535816051,0,0.0013519619046719021,0.9997718322981984,1021
0,1048576,1,0.36126124971703194,0,0.0013519619046719021,0.9997718322981984,1022
0,1048576,1,0.3800050408938471,0,0.0013519619046719021,0.9997718322981984,1023
0,1048576,1,0.6298756672554684,0,0.0013519619046719021,0.9997718322981984,1024
0,1048576,1,0.8993731005442299,0,0.0013519619046719021,0.9997718322981984,1025
0,1048576,1,0.10708003974911084,0,0.0013519619046719021,0.9997718322981984,1026
0,1048576,1,0.6471585182686639,0,0.0013519619046719021,0.9997718322981984,1027
0,1048576,1,0.344542216503763,0,0.0013519619046719021,0.9997718322981984,1028
0,1048576,1,0.01684780413488779,0,0.0013519619046719021,0.9997718322981984,1029
0,1048576,1,0.16933089177756824,0,0.0013519619046719021,0.9997718322981984,1030
0,1048576,1,0.5327852811822208,0,0.0013519619046719021,0.9997718322981984,1031
0,1048576,1,0.04776675114984812,0,0.0013519619046719021,0.9997718322981984,1032
0,1048576,1,0.4404559925984326,0,0.0013519619046719021,0.9997718322981984,1033
0,1048576,1,0.13304680471711666,0,0.0013519619046719021,0.9997718322981984,1034
0,1048576,1,0.03371726925360944,0,0.0013519619046719021,0.9997718322981984,1035
0,1048576,1,0.25022939661425053,0,0.0013519619046719021,0.9997718322981984,1036
0,1048576,1,0.48181527134392954,0,0.0013519619046719021,0.9997718322981984,1037
0,1048576,1,0.04232970618729717,0,0.0013519619046719021,0.9997718322981984,1038
0,1048576,1,0.7790658369000588,0,0.0013519619046719021,0.9997718322981984,1039
0,1048576,1,0.7151091597791237,0,0.0013519619046719021,0.9997718322981984,1040
0,1048576,1,0.1116632953039339,0,0.0013519619046719021,0.9997718322981984,1041
0,1048576,1,0.42225004293704205,0,0.0013519619046719021,0.9997718322981984,1042
0,1048576,1,0.5544938823302925,0,0.0013519619046719021,0.9997718322981984,1043
0,1048576,1,0.5253228802049793,0,0.0013519619046719021,0.9997718322981984,1044
0,1048576,1,0.23679888022867715,0,0.0013519619046719021,0.9997718322981984,1045
0,1048576,1,0.9179425166494581,0,0.0013519619046719021,0.9997718322981984,1046
0,1048576,1,0.4881008790619912,0,0.0013519619046719021,0.9997718322981984,1047
0,1048576,1,0.47157611902012864,0,0.0013519619046719021,0.9997718322981984,1048
0,1048576,1,0.3016177380262424,0,0.0013519619046719021,0.9997718322981984,1049
0,1048576,1,0.4727581801505336,0,0.0013519619046719021,0.9997718322981984,1050
0,1048576,1,0.6390953967306345,0,0.0013519619046719021,0.9997718322981984,1051
0,1048576,1,0.5589679311238267,0,0.0013519619046719021,0.9997718322981984,1052
0,1048576,1,0.8676219530563909,0,0.0013519619046719021,0.9997718322981984,1053
0,1048576,1,0.7001071217052859,0,0.0013519619046719021,0.9997718322981984,1054
0,1048576,1,0.8082810567619391,0,0.0013519619046719021,0.9997718322981984,1055
0,1048576,1,0.06130012169612219,0,0.0013519619046719021,0.9997718322981984,1056
0,1048576,1,0.09561829493552275,0,0.0013519619046719021,0.9997718322981984,1057
0,1048576,1,0.12809182708197162,0,0.0013519619046719021,0.9997718322981984,1058
0,1048576,1,0.7049021268706308,0,0.0013519619046719021,0.9997718322981984,1059
0,1048576,1,0.1957387841426458,0,0.0013519619046719021,0.9997718322981984,1060
0,1048576,1,0.30908067280264356,0,0.0013519619046719021,0.9997718322981984,1061
0,1048576,1,0.9028412182251968,0,0.0013519619046719021,0.9997718322981984,1062
0,1048576,1,0.7967345046326015,0,0.0013519619046719021,0.9997718322981984,1063
0,1048576,1,0.46292357585264354,0,0.0013519619046719021,0.9997718322981984,1064
0,1048576,1,0.36493567020807366,0,0.0013519619046719021,0.9997718322981984,1065
0,1048576,1,0.3533238407872472,0,0.0013519619046719021,0.9997718322981984,1066
0,1048576,1,0.10892140428846814,0,0.0013519619046719021,0.9997718322981984,1067
0,1048576,1,0.8231101384599043,0,0.0013519619046719021,0.9997718322981984,1068
0,1048576,1,0.5398892093061163,0,0.0013519619046719021,0.9997718322981984,1069
0,1048576,1,0.6981753417071097,0,0.0013519619046719021,0.9997718322981984,1070
0,1048576,1,0.8629545257414173,0,0.0013519619046719021,0.9997718322981984,1071
0,1048576,1,0.04337330896913423,0,0.0013519619046719021,0.9997718322981984,1072
0,1048576,1,0.7755953983446223,0,0.0013519619046719021,0.9997718322981984,1073
0,1048576,1,0.013309070606127816,0,0.0013519619046719021,0.9997718322981984,1074
0,1048576,1,0.8965981971349459,0,0.0013519619046719021,0.9997718322981984,1075
0,1048576,1,0.9137834910457117,0,0.0013519619046719021,0.9997718322981984,1076
0,1048576,1,0.2786347217231053,0,0.0013519619046719021,0.9997718322981984,1077
0,1048576,1,0.26387006207167724,0,0.0013519619046719021,0.9997718322981984,1078
0,1048576,1,0.2990279502540621,0,0.0013519619046719021,0.9997718322981984,1079
0,1048576,1,0.9005895352315094,0,0.0013519619046719021,0.9997718322981984,1080
0,1048576,1,0.6403464320919048,0,0.0013519619046719021,0.9997718322981984,1081
0,1048576,1,0.4220693846150849,0,0.0013519619046719021,0.9997718322981984,1082
0,1048576,1,0.3840215058920944,0,0.0013519619046719021,0.9997718322981984,1083
0,1048576,1,0.5675592128456443,0,0.0013519619046719021,0.9997718322981984,1084
0,1048576,1,0.35871809276647687,0,0.0013519619046719021,0.9997718322981984,1085
0,1048576,1,0.05046409065430432,0,0.0013519619046719021,0.9997718322981984,1086
0,1048576,1,0.5943501840624992,0,0.0013519619046719021,0.9997718322981984,1087
0,1048576,1,0.054487492202304304,0,0.0013519619046719021,0.9997718322981984,1088
0,1048576,1,0.07979487080506371,0,0.0013519619046719021,0.9997718322981984,1089
0,1048576,1,0.6649096388389238,0,0.0013519619046719021,0.9997718322981984,1090
0,1048576,1,0.6318522994090101,0,0.0013519619046719021,0.9997718322981984,1091
0,1048576,1,0.802336727476729,0,0.0013519619046719021,0.9997718322981984,1092
0,1048576,1,0.46818320545999936,0,0.0013519619046719021,0.9997718322981984,1093
0,1048576,1,0.29358643421624525,0,0.0013519619046719021,0.9997718322981984,1094
0,1048576,1,0.6655436855421836,0,0.0013519619046719021,0.9997718322981984,1095
0,1048576,1,0.9986237341310876,0,0.0013519619046719021,0.9997718322981984,1096
0,1048576,1,0.6547285005365195,0,0.0013519619046719021,0.9997718322981984,1097
0,1048576,1,0.04867056113902794,0,0.0013519619046719021,0.9997718322981984,1098
0,1048576,1,0.3132479646043057,0,0.0013519619046719021,0.9997718322981984,1099
0,1048576,1,0.4470273541227374,0,0.0013519619046719021,0.9997718322981984,1100
0,1048576,1,0.24708172758276434,0,0.0013519619046719021,0.9997718322981984,1101
0,1048576,1,0.7949921161321181,0,0.0013519619046719021,0.9997718322981984,1102
0,1048576,1,0.12243477221137967,0,0.0013519619046719021,0.9997718322981984,1103
0,1048576,1,0.9502022758904841,0,0.0013519619046719021,0.9997718322981984,1104
0,1048576,1,0.17050459094174722,0,0.0013519619046719021,0.9997718322981984,1105
0,1048576,1,0.36611663288321594,0,0.0013519619046719021,0.9997718322981984,1106
0,1048576,1,0.6674240336642137,0,0.0013519619046719021,0.9997718322981984,1107
0,1048576,1,0.27908481811621655,0,0.0013519619046719021,0.9997718322981984,1108
0,1048576,1,0.36737417502856284,0,0.0013519619046719021,0.9997718322981984,1109
0,1048576,1,0.7445627135009826,0,0.0013519619046719021,0.9997718322981984,1110
0,1048576,1,0.4778255812600649,0,0.0013519619046719021,0.9997718322981984,1111
0,1048576,1,0.48625143152374417,0,0.0013519619046719021,0.9997718322981984,1112
0,1048576,1,0.6747755453478809,0,0.0013519619046719021,0.9997718322981984,1113
0,1048576,1,0.9804298703994266,0,0.0013519619046719021,0.9997718322981984,1114
0,1048576,1,0.9655006046876137,0,0.0013519619046719021,0.9997718322981984,1115
0,1048576,1,0.7135254654002807,0,0.0013519619046719021,0.9997718322981984,1116
0,1048576,1,0.49802465694613984,0,0.0013519619046719021,0.9997718322981984,1117
0,1048576,1,0.9340093277570894,0,0.0013519619046719021,0.9997718322981984,1118
0,1048576,1,0.8637187231020884,0,0.0013519619046719021,0.9997718322981984,1119
0,1048576,1,0.4544574260582983,0,0.0013519619046719021,0.9997718322981984,1120
0,1048576,1,0.48701056951964194,0,0.0013519619046719021,0.9997718322981984,1121
0,1048576,1,0.4152836816367942,0,0.0013519619046719021,0.9997718322981984,1122
0,1048576,1,0.541656602167658,0,0.0013519619046719021,0.9997718322981984,1123
0,1048576,1,0.7024583790716998,0,0.0013519619046719021,0.9997718322981984,1124
0,1048576,1,0.3903810065773494,0,0.0013519619046719021,0.9997718322981984,1125
0,1048576,1,0.5087946558887962,0,0.0013519619046719021,0.9997718322981984,1126
0,1048576,1,0.4360646518302699,0,0.0013519619046719021,0.9997718322981984,1127
0,1048576,1,0.742652919324445,0,0.0013519619046719021,0.9997718322981984,1128
0,1048576,1,0.9428796490256959,0,0.0013519619046719021,0.9997718322981984,1129
0,1048576,1,0.764734528759959,0,0.0013519619046719021,0.9997718322981984,1130
0,1048576,1,0.6043668156005783,0,0.0013519619046719021,0.9997718322981984,1131
0,1048576,1,0.2549612036323319,0,0.0013519619046719021,0.9997718322981984,1132
0,1048576,1,0.5402812614128132,0,0.0013519619046719021,0.9997718322981984,1133
0,1048576,1,0.5802699964183838,0,0.0013519619046719021,0.9997718322981984,1134
0,1048576,1,0.7395401410252631,0,0.0013519619046719021,0.9997718322981984,1135
0,1048576,1,0.47628378300627927,0,0.0013519619046719021,0.9997718322981984,1136
0,1048576,1,0.9884260034898182,0,0.0013519619046719021,0.9997718322981984,1137
0,1048576,1,0.3653030377262778,0,0.0013519619046719021,0.9997718322981984,1138
0,1048576,1,0.33701336429536155,0,0.0013519619046719021,0.9997718322981984,1139
0,1048576,1,0.6424279152544043,0,0.0013519619046719021,0.9997718322981984,1140
0,1048576,1,0.16720032564241544,0,0.0013519619046719021,0.9997718322981984,1141
0,1048576,1,0.627037762790731,0,0.0013519619046719021,0.9997718322981984,1142
0,1048576,1,0.5696280038468722,0,0.0013519619046719021,0.9997718322981984,1143
0,1048576,1,0.6570215056322465,0,0.0013519619046719021,0.9997718322981984,1144
0,1048576,1,0.35723604365907513,0,0.0013519619046719021,0.9997718322981984,1145
0,1048576,1,0.26630659529527345,0,0.0013519619046719021,0.9997718322981984,1146
0,1048576,1,0.7123632041785783,0,0.0013519619046719021,0.9997718322981984,1147
0,1048576,1,0.015174034648468848,0,0.0013519619046719021,0.9997718322981984,1148
0,1048576,1,0.1308552342889042,0,0.0013519619046719021,0.9997718322981984,1149
0,1048576,1,0.4971135609066488,0,0.0013519619046719021,0.9997718322981984,1150
0,1048576,1,0.0831369792525987,0,0.0013519619046719021,0.9997718322981984,1151
0,1048576,1,0.7096242846078297,0,0.0013519619046719021,0.9997718322981984,1152
0,1048576,1,0.23688469090821634,0,0.0013519619046719021,0.9997718322981984,1153
0,1048576,1,0.6014652514006772,0,0.0013519619046719021,0.9997718322981984,1154
0,1048576,1,0.3485566564216851,0,0.0013519619046719021,0.9997718322981984,1155
0,1048576,1,0.10598129705246843,0,0.0013519619046719021,0.9997718322981984,1156
0,1048576,1,0.30756473113511046,0,0.0013519619046719021,0.9997718322981984,1157
0,1048576,1,0.10855155816844254,0,0.0013519619046719021,0.9997718322981984,1158
0,1048576,1,0.351251910929318,0,0.0013519619046719021,0.9997718322981984,1159
0,1048576,1,0.5997146598609251,0,0.0013519619046719021,0.9997718322981984,1160
0,1048576,1,0.7367266863918142,0,0.0013519619046719021,0.9997718322981984,1161
0,1048576,1,0.620686879358973,0,0.0013519619046719021,0.9997718322981984,1162
0,1048576,1,0.7673293653743032,0,0.0013519619046719021,0.9997718322981984,1163
0,1048576,1,0.7514462139920451,0,0.0013519619046719021,0.9997718322981984,1164
0,1048576,1,0.9609272842741143,0,0.0013519619046719021,0.9997718322981984,1165
0,1048576,1,0.3951678626412431,0,0.0013519619046719021,0.9997718322981984,1166
0,1048576,1,0.7690428588521505,0,0.0013519619046719021,0.9997718322981984,1167
0,1048576,1,0.732360184332202,0,0.0013519619046719021,0.9997718322981984,1168
0,1048576,1,0.22706635370448955,0,0.0013519619046719021,0.9997718322981984,1169
0,1048576,1,0.5943156202096589,0,0.0013519619046719021,0.9997718322981984,1170
0,1048576,1,0.621673445236723,0,0.0013519619046719021,0.9997718322981984,1171
0,1048576,1,0.47005242265402436,0,0.0013519619046719021,0.9997718322981984,1172
0,1048576,1,0.02070375567416979,0,0.0013519619046719021,0.9997718322981984,1173
0,1048576,1,0.5813869522686912,0,0.0013519619046719021,0.9997718322981984,1174
0,1048576,1,0.17110831216839736,0,0.0013519619046719021,0.9997718322981984,1175
0,1048576,1,0.1879612288586188,0,0.0013519619046719021,0.9997718322981984,1176
0,1048576,1,0.5970714314966619,0,0.0013519619046719021,0.9997718322981984,1177
0,1048576,1,0.21771364905832338,0,0.0013519619046719021,0.9997718322981984,1178
0,1048576,1,0.23016820074446995,0,0.0013519619046719021,0.9997718322981984,1179
0,1048576,1,0.4874998427842122,0,0.0013519619046719021,0.9997718322981984,1180
0,1048576,1,0.7278847610896735,0,0.0013519619046719021,0.9997718322981984,1181
0,1048576,1,0.2107953032816821,0,0.0013519619046719021,0.9997718322981984,1182
0,1048576,1,0.13811099188931958,0,0.0013519619046719021,0.9997718322981984,1183
0,1048576,1,0.38675787748938256,0,0.0013519619046719021,0.9997718322981984,1184
0,1048576,1,0.28941015295604067,0,0.0013519619046719021,0.9997718322981984,1185
0,1048576,1,0.4492328907847043,0,0.0013519619046719021,0.9997718322981984,1186
0,1048576,1,0.971437425675877,0,0.0013519619046719021,0.9997718322981984,1187
0,1048576,1,0.4727055226113398,0,0.0013519619046719021,0.9997718322981984,1188
0,1048576,1,0.12285656703433648,0,0.0013519619046719021,0.9997718322981984,1189
0,1048576,1,0.37837014783772366,0,0.0013519619046719021,0.9997718322981984,1190
0,1048576,1,0.1685004064479382,0,0.0013519619046719021,0.9997718322981984,1191
0,1048576,1,0.1504490032920375,0,0.0013519619046719021,0.9997718322981984,1192
0,1048576,1,0.10486337147114626,0,0.0013519619046719021,0.9997718322981984,1193
0,1048576,1,0.5388738091675018,0,0.0013519619046719021,0.9997718322981984,1194
0,1048576,1,0.5351515449168114,0,0.0013519619046719021,0.9997718322981984,1195
0,1048576,1,0.8277559083661539,0,0.0013519619046719021,0.9997718322981984,1196
0,1048576,1,0.3107551992081967,0,0.0013519619046719021,0.9997718322981984,1197
0,1048576,1,0.680772696167472,0,0.0013519619046719021,0.9997718322981984,1198
0,1048576,1,0.6311319971755539,0,0.0013519619046719021,0.9997718322981984,1199
0,1048576,1,0.9525020384340779,0,0.0013519619046719021,0.9997718322981984,1200
